-- MariaDB dump 10.19  Distrib 10.4.32-MariaDB, for Win64 (AMD64)
--
-- Host: localhost    Database: epes_live_import
-- ------------------------------------------------------
-- Server version	10.4.32-MariaDB

/*!40101 SET @OLD_CHARACTER_SET_CLIENT=@@CHARACTER_SET_CLIENT */;
/*!40101 SET @OLD_CHARACTER_SET_RESULTS=@@CHARACTER_SET_RESULTS */;
/*!40101 SET @OLD_COLLATION_CONNECTION=@@COLLATION_CONNECTION */;
/*!40101 SET NAMES utf8mb4 */;
/*!40103 SET @OLD_TIME_ZONE=@@TIME_ZONE */;
/*!40103 SET TIME_ZONE='+00:00' */;
/*!40014 SET @OLD_UNIQUE_CHECKS=@@UNIQUE_CHECKS, UNIQUE_CHECKS=0 */;
/*!40014 SET @OLD_FOREIGN_KEY_CHECKS=@@FOREIGN_KEY_CHECKS, FOREIGN_KEY_CHECKS=0 */;
/*!40101 SET @OLD_SQL_MODE=@@SQL_MODE, SQL_MODE='NO_AUTO_VALUE_ON_ZERO' */;
/*!40111 SET @OLD_SQL_NOTES=@@SQL_NOTES, SQL_NOTES=0 */;

--
-- Table structure for table `cascading_ratings`
--

DROP TABLE IF EXISTS `cascading_ratings`;
/*!40101 SET @saved_cs_client     = @@character_set_client */;
/*!40101 SET character_set_client = utf8 */;
CREATE TABLE `cascading_ratings` (
  `id` int(11) NOT NULL AUTO_INCREMENT,
  `source_period_id` int(11) NOT NULL COMMENT 'rating_period.id of source period',
  `target_period_id` int(11) NOT NULL COMMENT 'rating_period.id of target (higher) period',
  `employee_id` int(11) DEFAULT NULL COMMENT 'NULL for department/office-level DP/OPCR',
  `department_id` int(11) DEFAULT NULL COMMENT 'NULL for individual IPCR',
  `level` enum('DP','OPCR') NOT NULL,
  `avg_efficiency` decimal(5,2) NOT NULL DEFAULT 0.00,
  `avg_timeliness` decimal(5,2) NOT NULL DEFAULT 0.00,
  `avg_quality` decimal(5,2) NOT NULL DEFAULT 0.00,
  `overall_rating` decimal(5,2) NOT NULL DEFAULT 0.00,
  `computed_at` datetime NOT NULL DEFAULT current_timestamp(),
  PRIMARY KEY (`id`),
  UNIQUE KEY `unique_cascade` (`source_period_id`,`target_period_id`,`employee_id`,`department_id`,`level`),
  KEY `idx_target_period` (`target_period_id`),
  KEY `idx_employee` (`employee_id`),
  CONSTRAINT `cascading_ratings_ibfk_1` FOREIGN KEY (`target_period_id`) REFERENCES `rating_period` (`id`) ON DELETE CASCADE
) ENGINE=InnoDB DEFAULT CHARSET=utf8mb4 COLLATE=utf8mb4_general_ci;
/*!40101 SET character_set_client = @saved_cs_client */;

--
-- Dumping data for table `cascading_ratings`
--

LOCK TABLES `cascading_ratings` WRITE;
/*!40000 ALTER TABLE `cascading_ratings` DISABLE KEYS */;
/*!40000 ALTER TABLE `cascading_ratings` ENABLE KEYS */;
UNLOCK TABLES;

--
-- Table structure for table `comments`
--

DROP TABLE IF EXISTS `comments`;
/*!40101 SET @saved_cs_client     = @@character_set_client */;
/*!40101 SET character_set_client = utf8 */;
CREATE TABLE `comments` (
  `id` int(30) NOT NULL AUTO_INCREMENT,
  `comment_text` text NOT NULL,
  `employee_id` int(30) NOT NULL,
  `rater_id` int(10) NOT NULL,
  `rating_period` varchar(100) DEFAULT NULL,
  `reply_to` int(11) DEFAULT NULL,
  `created_at` timestamp NOT NULL DEFAULT current_timestamp(),
  `is_read` tinyint(1) NOT NULL DEFAULT 0,
  PRIMARY KEY (`id`)
) ENGINE=InnoDB AUTO_INCREMENT=11 DEFAULT CHARSET=utf8mb4 COLLATE=utf8mb4_general_ci;
/*!40101 SET character_set_client = @saved_cs_client */;

--
-- Dumping data for table `comments`
--

LOCK TABLES `comments` WRITE;
/*!40000 ALTER TABLE `comments` DISABLE KEYS */;
INSERT INTO `comments` VALUES (3,'TEST',23,4,NULL,NULL,'2026-06-19 00:43:20',0),(4,'Thank you maam. Good Job!',14,1,NULL,NULL,'2026-06-19 00:43:20',0),(5,'Keep up the good work!',19,8,NULL,NULL,'2026-06-19 00:43:20',0),(6,'Thank you',25,4,NULL,NULL,'2026-06-19 00:43:20',0),(7,'Please work on some targets',15,1,NULL,NULL,'2026-06-19 00:43:20',0),(8,'Good!',17,7,NULL,NULL,'2026-06-19 00:43:20',0),(9,'Pls submit other documents',27,5,NULL,NULL,'2026-06-19 00:43:20',0),(10,'Good job!',30,7,NULL,NULL,'2026-06-19 00:43:20',0);
/*!40000 ALTER TABLE `comments` ENABLE KEYS */;
UNLOCK TABLES;

--
-- Table structure for table `department_list`
--

DROP TABLE IF EXISTS `department_list`;
/*!40101 SET @saved_cs_client     = @@character_set_client */;
/*!40101 SET character_set_client = utf8 */;
CREATE TABLE `department_list` (
  `id` int(30) NOT NULL AUTO_INCREMENT,
  `department` varchar(200) NOT NULL,
  `description` text NOT NULL,
  PRIMARY KEY (`id`)
) ENGINE=InnoDB AUTO_INCREMENT=8 DEFAULT CHARSET=utf8mb4 COLLATE=utf8mb4_general_ci;
/*!40101 SET character_set_client = @saved_cs_client */;

--
-- Dumping data for table `department_list`
--

LOCK TABLES `department_list` WRITE;
/*!40000 ALTER TABLE `department_list` DISABLE KEYS */;
INSERT INTO `department_list` VALUES (1,'BSCS','Bachelor of Science in Computer Science'),(4,'BPA','Bachelor of Public Administration'),(5,'AB Econ','Bachelor of Arts in Economics'),(6,'BSIS','Bachelor of Science in Information Systems'),(7,'BS Entrep','Bachelor of Science in Entrepreneurship');
/*!40000 ALTER TABLE `department_list` ENABLE KEYS */;
UNLOCK TABLES;

--
-- Table structure for table `designation_list`
--

DROP TABLE IF EXISTS `designation_list`;
/*!40101 SET @saved_cs_client     = @@character_set_client */;
/*!40101 SET character_set_client = utf8 */;
CREATE TABLE `designation_list` (
  `id` int(30) NOT NULL AUTO_INCREMENT,
  `designation` varchar(200) NOT NULL DEFAULT 'Faculty',
  `description` text NOT NULL,
  PRIMARY KEY (`id`)
) ENGINE=InnoDB AUTO_INCREMENT=7 DEFAULT CHARSET=utf8mb4 COLLATE=utf8mb4_general_ci;
/*!40101 SET character_set_client = @saved_cs_client */;

--
-- Dumping data for table `designation_list`
--

LOCK TABLES `designation_list` WRITE;
/*!40000 ALTER TABLE `designation_list` DISABLE KEYS */;
INSERT INTO `designation_list` VALUES (1,'Dean','CAS Dean'),(2,'Department Head','Dept Head'),(3,'Faculty','Faculty of College of Arts and Sciences'),(4,'Vice President for Administration and Finance\r\n','VPAF'),(6,'Director, TAEx','Director for Technical Advisory and Extension Services ');
/*!40000 ALTER TABLE `designation_list` ENABLE KEYS */;
UNLOCK TABLES;

--
-- Table structure for table `efficiency_attendance`
--

DROP TABLE IF EXISTS `efficiency_attendance`;
/*!40101 SET @saved_cs_client     = @@character_set_client */;
/*!40101 SET character_set_client = utf8 */;
CREATE TABLE `efficiency_attendance` (
  `id` int(11) NOT NULL AUTO_INCREMENT,
  `faculty_id` int(11) NOT NULL,
  `target_id` int(11) NOT NULL,
  `rating_period` varchar(50) NOT NULL,
  `activity_title` varchar(255) NOT NULL,
  `date_conducted` date NOT NULL,
  `percentage` decimal(5,2) NOT NULL,
  `rating` int(11) NOT NULL,
  `created_at` timestamp NOT NULL DEFAULT current_timestamp(),
  PRIMARY KEY (`id`),
  KEY `faculty_id` (`faculty_id`),
  KEY `target_id` (`target_id`),
  CONSTRAINT `efficiency_attendance_ibfk_1` FOREIGN KEY (`faculty_id`) REFERENCES `employee_list` (`id`) ON DELETE CASCADE,
  CONSTRAINT `efficiency_attendance_ibfk_2` FOREIGN KEY (`target_id`) REFERENCES `task_list` (`id`) ON DELETE CASCADE
) ENGINE=InnoDB AUTO_INCREMENT=8 DEFAULT CHARSET=utf8mb4 COLLATE=utf8mb4_general_ci;
/*!40101 SET character_set_client = @saved_cs_client */;

--
-- Dumping data for table `efficiency_attendance`
--

LOCK TABLES `efficiency_attendance` WRITE;
/*!40000 ALTER TABLE `efficiency_attendance` DISABLE KEYS */;
INSERT INTO `efficiency_attendance` VALUES (1,23,23,'1st Semester 2025-2026','graduation','2025-11-11',100.00,5,'2026-04-04 15:25:58'),(2,15,23,'1st Semester 2025-2026','Aug 2025','2025-09-15',90.00,4,'2026-04-06 01:43:11'),(3,15,23,'1st Semester 2025-2026','SEP 2025','2025-10-15',100.00,5,'2026-04-06 01:44:04'),(4,23,2,'1st Semester 2025-2026','Attendance to classes','2025-08-20',100.00,5,'2026-04-08 00:46:34'),(5,23,2,'1st Semester 2025-2026','Attendance to classes','2025-09-30',100.00,5,'2026-04-08 00:46:57'),(6,31,2,'1st Semester 2025-2026','att. to class','2025-08-20',100.00,5,'2026-04-08 01:18:50'),(7,31,2,'1st Semester 2025-2026','attendance','2026-08-20',100.00,5,'2026-04-08 05:33:14');
/*!40000 ALTER TABLE `efficiency_attendance` ENABLE KEYS */;
UNLOCK TABLES;

--
-- Table structure for table `employee_list`
--

DROP TABLE IF EXISTS `employee_list`;
/*!40101 SET @saved_cs_client     = @@character_set_client */;
/*!40101 SET character_set_client = utf8 */;
CREATE TABLE `employee_list` (
  `id` int(30) NOT NULL AUTO_INCREMENT,
  `employee_id` varchar(50) NOT NULL,
  `firstname` varchar(200) NOT NULL,
  `middlename` varchar(200) NOT NULL,
  `lastname` varchar(200) NOT NULL,
  `email` varchar(200) NOT NULL,
  `is_activated` int(10) NOT NULL DEFAULT 0,
  `reset_token` varchar(100) DEFAULT NULL,
  `reset_expires` varchar(30) DEFAULT NULL,
  `failed_login` int(11) NOT NULL DEFAULT 0,
  `isBlocked` int(11) NOT NULL DEFAULT 0,
  `password` text NOT NULL,
  `department_id` int(30) NOT NULL,
  `position_id` int(10) NOT NULL,
  `designation_id` int(30) NOT NULL DEFAULT 3,
  `evaluator_id` int(30) NOT NULL,
  `avatar` text DEFAULT NULL,
  `date_created` datetime NOT NULL DEFAULT current_timestamp(),
  `privacy_accepted` tinyint(1) NOT NULL DEFAULT 0,
  `privacy_accepted_at` datetime DEFAULT NULL,
  `password_changed` tinyint(1) NOT NULL DEFAULT 0,
  PRIMARY KEY (`id`)
) ENGINE=InnoDB AUTO_INCREMENT=33 DEFAULT CHARSET=utf8mb4 COLLATE=utf8mb4_general_ci;
/*!40101 SET character_set_client = @saved_cs_client */;

--
-- Dumping data for table `employee_list`
--

LOCK TABLES `employee_list` WRITE;
/*!40000 ALTER TABLE `employee_list` DISABLE KEYS */;
INSERT INTO `employee_list` VALUES (2,'','Daisy Jean','A.','Castillo','daisyjean.castillo11@gmail.com',1,'f973338e58be0a17798ff2a8110d660e3b873e53393809b1ebf247176d0a2b1eed859c9f3bb46e17d50f886c4d30d66aa2a4',NULL,0,0,'$2y$10$jmfRg1wZ5AdCZq3x3F2Wae2/S0eERyF34wvbHXXbmCyBnbIrWKXeK',1,1,2,1,'0','2021-03-02 13:52:48',0,NULL,0),(3,'215','genesis','','tumbaga','',0,NULL,NULL,0,0,'289ffeb2a745ccf51ca89a297f47e382',1,0,5,1,'no-image-available.png','2025-08-26 10:37:18',0,NULL,0),(6,'','Nonalyn','D.','Tombocon','ndstombocon@debesmscat.edu.ph',1,'192a05cf1793c22abb1a6fb91ae2960cf13ae339cc39d9f5f5c7becbc1b3a418eaae0434165cf2175521dbc849c47aa78417',NULL,0,0,'$2y$10$bbeDIEQFvcHRb9ieSjVK2.u1S7Ln.2g8/A4PfQWUXjDdxoYvQukn6',7,4,3,0,'0','2025-10-24 16:50:41',0,NULL,0),(7,'','Sharmaena','M.','Villester','sharmaenaTM95@gmail.com',1,'6278f80838e4cd1676335ddcb250bf36cbdbd4d5ea6c8a3591fc88cb3b0365af7fea58bee2676512c35f12501b32463aa3f7','2026-04-06 12:17:49',0,0,'$2y$10$20r3gVmnEAu.dL7nMLvEKOQtm3g9Fc/SHmWG5eyh75pEeRHfUdasC',5,4,2,0,'0','2025-10-24 16:50:41',0,NULL,0),(8,'','Jerryl','Q.','Romero','jhiepot120584@gmail.com',1,'e616cc1e2c954ec90b92309843f3edc510965df25486eca38fb8c81efae09de0a24f6fe579434a23e7cb135787c65155526c',NULL,0,0,'$2y$10$EnAeR2T.gfOGoaPiCrYHfuKcjGe87TM.XeMMNbFJ3hrz9Ck0oe.f.',4,1,2,1,'0','2025-10-24 16:50:41',0,NULL,0),(9,'','Rowelyn','M.','Ramiso','rmramiso@debesmscat.edu.ph',0,NULL,NULL,0,0,'$2y$10$DZ5T3UmkD9qRoomrHK7bc.EDKXW8381vRtsYkM0jwHPJwAxx3OZRW',1,12,3,0,'0','2025-10-24 16:50:41',0,NULL,0),(10,'41','Emeros','R.','Castillo','',0,NULL,NULL,0,0,'',1,12,3,0,'no-image-available.png','2025-10-24 16:50:41',0,NULL,0),(11,'25','Wilfred','C.','Pagorogon','',0,NULL,NULL,0,0,'',1,11,3,0,'no-image-available.png','2025-10-24 16:50:41',0,NULL,0),(12,'','Rony','S.','Toling','rstoling@debesmscat.edu.ph',1,'a7adf6fc585e678279b3d708ec0c8d3f14bd2fb6685f322ab4e4663525a40831a6e38c090e633d56e611305f465a71e9c329',NULL,0,0,'$2y$10$4qDWhuK0e7hzGD459NTz0.Dg24QWwc3fi1XVNeRGiw8vYr.QNA36a',7,1,3,0,'0','2025-10-24 16:50:41',0,NULL,0),(13,'','Al Wilson','T.','Velarde','awvelarde@gmail.com',0,NULL,NULL,0,0,'$2y$10$iHp3R0P2SKDf3rvhb0T4CO7aSymwszmI1HIAvjymA4zfqJcZw6kBW',7,4,3,0,'0','2025-10-24 16:50:41',0,NULL,0),(14,'','Teresa','A.','Aguilar','taaguilar@debesmscat.edu.ph',1,'e25ed0bcc23037956f19753b6e35e0e33a7eae4dd5bf4dfb9745c50871f7d9c651df0c9a5145c82bc9bc0601ed10f0919e0a',NULL,0,0,'$2y$10$4Pf0qgUm72dK1aqbvalhEeZvkoje09yutbyBayNF1wHcf0hS.9MiG',7,1,2,0,'0','2025-10-24 16:50:41',0,NULL,0),(15,'','Randy','D.','Bello','rbello@gmail.com',1,'95aafc9687ee4a8c6eb8ba8d735b4c13548018bc5834ac43775977049387079cc9f3079316dbaba0de5098a50102f990bd0e','2026-04-05 01:00:02',0,0,'163218e536c13ff2fc9a4d76e34be085',6,1,2,1,'0','2025-10-24 16:50:41',0,NULL,0),(16,'','Dennis','G.','Corlet','dentelroc@gmail.com',1,'7daacea5f373b4c1c054158b126d317f',NULL,0,0,'$2y$10$8rh3Qj2U86ZEOPsSGUA1aOh.I.dCOm7pId8kq.ohOCInfTlYpd.gq',6,4,6,9,'0','2025-10-24 16:50:41',0,NULL,0),(17,'','Marjobel','R.','Castro','mcastro@debesmscat.edu.ph',1,'4a8862d4ce2db5438bb649b69037957a57a821715519cfe037c364925d6cb6be469f6afd082a9f64fa540cdb6a63eb72fa15','2026-04-05 01:05:25',0,0,'$2y$10$1I/qhd5GIpdHI7O3NGXoM.BxyMlnmNuW7DQFnkhSAOpUzMUZ19RDO',5,1,3,0,'0','2025-10-24 16:50:41',0,NULL,0),(18,'','Florence Joy','M.','Capinig','florencejoy.capinig@debesmscat.edu.ph',1,'b3dcf1c8dc9c92cbf00e42bd956e60ca1f1cfcd7a428ffc80353e8169f71708fe8e7705c62d5adbe7c670bd3de06a696632b',NULL,0,0,'34819d7beeabb9260a5c854bc85b3e44',4,5,3,0,'0','2025-10-24 16:50:41',0,NULL,0),(19,'','Maria Jessabelle','P.','Romano','jesaabelleromano@gmail.com',1,'da894a5ba88b75427a92cd43e8ccc79aef94d9ce3931cf4bd6baf403ea979255af4b67f21a9f9084101c6f6a39ffb9979c83',NULL,0,0,'$2y$10$PSBH6FHYCA3DMiHcdE/MGuYD7cXEweiS0pAkLHjG8iPSSR/Q6Kaci',1,19,3,0,'0','2025-10-24 16:50:41',0,NULL,0),(20,'','Al','','Escorel','',0,NULL,NULL,0,0,'',1,19,3,0,'no-image-available.png','2025-10-24 16:50:41',0,NULL,0),(21,'','Alfred','','Punay','alfredpunay@gmail.com',1,'cda4d8e392a965592162c4e46bd53aa95c0bb4db9c4de31164bb2552670d8614d852047ca3bc0dfac62482387c0a3e71b34b',NULL,0,0,'827ccb0eea8a706c4c34a16891f84e7b',1,19,3,0,'0','2025-10-24 16:50:41',0,NULL,0),(22,'197','Rodulfo','','Gabrito','',0,NULL,NULL,0,0,'',1,19,3,0,'no-image-available.png','2025-10-24 16:50:41',0,NULL,0),(23,'','Marlon','R.','Hermoso','mhermoso@debesmscat.edu.ph',1,'c8f759a539858b08e9e46251b1ae9f09',NULL,0,0,'c8f759a539858b08e9e46251b1ae9f09',6,19,3,4,'1775303760_NOA 3rd IRODEO.jpg','2025-10-24 16:50:41',0,NULL,0),(24,'','Raise Torm','C.','Dalanon','raise.torm@gmail.com',1,'14161458499797b32ca92d30dc331d2f5cdfeb4a81a5e95a8738d4bcc4ddf303fb242239647d86964248d73aa59b51af6aca',NULL,0,0,'$2y$10$N4Fb3FCAHr5RANKT4C5Gb.qV.TzJwqtsiZyIV4wj.2nG63m1IgSmq',6,19,3,0,'0','2025-10-24 16:50:41',0,NULL,0),(25,'','Nielyn','A.','Lalaguna','yenlalaguna06@gmail.com',1,'11f7963121d499b4e5df218a3e706c9c25ad2db25037a8840d1e7b4e6d20396e5647164823d941193377670f0389c213fe3e',NULL,0,0,'827ccb0eea8a706c4c34a16891f84e7b',6,19,3,0,'0','2025-10-24 16:50:41',0,NULL,0),(26,'','Clarejy','A.','Duyag','clarejyduyag@gmail.com',1,'1e028772bcb1450c15ccea34feb75e4bcd0da15d831cc0f314ac584ac80a547fae0cbcf31b56fc8379680426f4a55e8e7ebc',NULL,0,0,'$2y$10$CCE863Oox8BIPE/3Mraj9OTVqC73ZsI47CxHLhsFitLTADLykCWAG',6,19,0,4,'0','2025-10-24 16:50:41',0,NULL,0),(27,'','Rosaleth','D.','Macadat','rosaleth.macadat@debesmscat.edu.ph',1,'e373c9f7dcbf094795a286dbbcd14d5a2433bd6ade42aae02cc8604f5652135e1a53430dee689785ed399be34f83be35a4fa',NULL,0,0,'$2y$10$l3sn8uEUS.r0wIM4HWlROuk5fUJmSXt5Qur8aL4xjciOb0hu1gEhO',7,19,3,0,'0','2025-10-24 16:50:41',0,NULL,0),(28,'','Kimberly','','Vibas','vibaskimberly8@gmail.com',1,'3076a597e3f363c9c1b9068696038ca0676a1af5d3848cf1c56d98740b98159643568c68ef46ff4ff93fc93c31688a3ca537',NULL,3,0,'$2y$10$q63wEoOZHKSG5RzQKEJfh.6wPpvKcjXMcl4SRwegErvI7gjARcS6.',5,19,0,7,'0','2025-10-24 16:50:41',0,NULL,0),(29,'','Jelyn','C.','Sabaulan','jelyn.sabaulan@debesmscat.edu.ph',1,'6d003cd6b23e141c1d42826c4b7f9779b9d64d10e1751044ba415cd67be530eb07af17088109c32eedcd7220cd87bdf3179f',NULL,0,0,'$2y$10$dRf8JqB3zXpjpoTwjBCMWOpPOEyqgwyaJ3maujXnG43zBOOyVqlKW',5,19,3,0,'0','2025-10-24 16:50:41',0,NULL,0),(30,'','Leo','C.','Laurio','laurioleo95@gmail.com',1,'8cc599bef241061a6ed19ad21304857572065d0e77d73ee65745abadec866e81dac2997351c077f29e6f89ef61f21759d2b7',NULL,0,0,'$2y$10$8BXapcUnDCsRtYSGkFQrtunpwkHstk9OzyAQqMx9t0oRWnQkyDLs2',5,19,3,0,'0','2025-10-24 16:50:41',0,NULL,0),(31,'1143','Cklainch Alfe','R.','Jordan','cklainchrapsing@gmail.com',1,'a16a103963976928218c2c9f08d4e796767c4842b1ebe7ecbeebc34373f619b1b7805a0ecc3c97cad058f6280935dfdbf641',NULL,0,0,'$2y$10$ad0c/MtB/HCWD6xiHAsJ4uttdjKINus2rINrAe0fclutTHyL8rLLu',4,19,3,0,'no-image-available.png','2025-10-24 16:50:41',0,NULL,0),(32,'','Rachelle Nicole','B.','Lotivio','rachellenicolelotivio6@gmail.com',1,'c8092dc375987ff889b5b730eea81d1f4e7bdb427be3dfc9eaa8bd8f9749b5e575ce3cf5e13ed4e018932ed16bf7db4fb55d',NULL,1,0,'$2y$10$tFPfKwRNJ.F9V5K1bRT4keNRDhdp6X1F1zTLFWDt4ues9u0Cb6IY.',4,19,0,0,'0','2025-10-24 16:50:41',0,NULL,0);
/*!40000 ALTER TABLE `employee_list` ENABLE KEYS */;
UNLOCK TABLES;

--
-- Table structure for table `evaluator_list`
--

DROP TABLE IF EXISTS `evaluator_list`;
/*!40101 SET @saved_cs_client     = @@character_set_client */;
/*!40101 SET character_set_client = utf8 */;
CREATE TABLE `evaluator_list` (
  `id` int(30) NOT NULL AUTO_INCREMENT,
  `employee_id` varchar(50) NOT NULL,
  `department_id` int(10) NOT NULL,
  `type` int(11) NOT NULL DEFAULT 0,
  `firstname` varchar(200) NOT NULL,
  `middlename` varchar(200) NOT NULL,
  `lastname` varchar(200) NOT NULL,
  `email` varchar(200) NOT NULL,
  `reset_token` varchar(100) DEFAULT NULL,
  `reset_expires` varchar(30) DEFAULT NULL,
  `failed_login` int(11) NOT NULL DEFAULT 0,
  `isBlocked` int(11) NOT NULL DEFAULT 0,
  `password` text NOT NULL,
  `avatar` text DEFAULT NULL,
  `date_created` datetime NOT NULL DEFAULT current_timestamp(),
  `privacy_accepted` tinyint(1) NOT NULL DEFAULT 0,
  `privacy_accepted_at` datetime DEFAULT NULL,
  `password_changed` tinyint(1) NOT NULL DEFAULT 0,
  PRIMARY KEY (`id`)
) ENGINE=InnoDB AUTO_INCREMENT=10 DEFAULT CHARSET=utf8mb4 COLLATE=utf8mb4_general_ci;
/*!40101 SET character_set_client = @saved_cs_client */;

--
-- Dumping data for table `evaluator_list`
--

LOCK TABLES `evaluator_list` WRITE;
/*!40000 ALTER TABLE `evaluator_list` DISABLE KEYS */;
INSERT INTO `evaluator_list` VALUES (1,'',3,1,'Rowelyn','M.','Ramiso','rmramiso@debesmscat.edu.ph',NULL,NULL,0,0,'827ccb0eea8a706c4c34a16891f84e7b','1607136060_47446233-clean-noir-et-gradient-sombre-image-de-fond-abstrait-.jpg','2020-12-05 10:41:34',0,NULL,0),(4,'',6,0,'Randy','','Bello','rbello@gmail.com',NULL,NULL,0,0,'21232f297a57a5a743894a0e4a801fc3','no-image-available.png','2026-03-23 15:52:19',0,NULL,0),(5,'',7,0,'Teresa','A.','Aguilar','taaguilar@debesmscat.edu.ph',NULL,NULL,0,0,'827ccb0eea8a706c4c34a16891f84e7b','no-image-available.png','2026-04-07 21:50:16',0,NULL,0),(6,'',4,0,'Jerryl','Q.','Romero','jhiepot120584@gmail.com',NULL,NULL,0,0,'827ccb0eea8a706c4c34a16891f84e7b','no-image-available.png','2026-04-07 21:51:01',0,NULL,0),(7,'',5,0,'Sharmeana','M','Malag','sharmaenaTM95@gmail.com',NULL,NULL,0,0,'827ccb0eea8a706c4c34a16891f84e7b','no-image-available.png','2026-04-11 08:20:45',0,NULL,0),(8,'',1,0,'Daisy Jean','A.','Castillo','daisyjean.castillo11@gmail.com',NULL,NULL,0,0,'827ccb0eea8a706c4c34a16891f84e7b','no-image-available.png','2026-04-11 08:22:09',0,NULL,0),(9,'',0,0,'Rodulfo','B.','Burac Jr.','rbburac@gmail.com',NULL,NULL,0,0,'827ccb0eea8a706c4c34a16891f84e7b','no-image-available.png','2026-04-17 14:32:23',0,NULL,0);
/*!40000 ALTER TABLE `evaluator_list` ENABLE KEYS */;
UNLOCK TABLES;

--
-- Table structure for table `function_categories`
--

DROP TABLE IF EXISTS `function_categories`;
/*!40101 SET @saved_cs_client     = @@character_set_client */;
/*!40101 SET character_set_client = utf8 */;
CREATE TABLE `function_categories` (
  `id` int(11) NOT NULL AUTO_INCREMENT,
  `category` varchar(50) NOT NULL COMMENT 'strategic, core, support',
  `sub_category` varchar(50) DEFAULT NULL COMMENT 'instructions, research, extension (for core only)',
  `name` varchar(200) NOT NULL,
  `percentage` decimal(5,2) NOT NULL DEFAULT 0.00,
  `is_active` tinyint(1) NOT NULL DEFAULT 1,
  `date_created` datetime NOT NULL DEFAULT current_timestamp(),
  PRIMARY KEY (`id`)
) ENGINE=InnoDB AUTO_INCREMENT=6 DEFAULT CHARSET=utf8mb4 COLLATE=utf8mb4_general_ci;
/*!40101 SET character_set_client = @saved_cs_client */;

--
-- Dumping data for table `function_categories`
--

LOCK TABLES `function_categories` WRITE;
/*!40000 ALTER TABLE `function_categories` DISABLE KEYS */;
INSERT INTO `function_categories` VALUES (1,'strategic',NULL,'Strategic Function',20.00,1,'2026-03-30 10:55:44'),(2,'core','instructions','Instructions',26.67,1,'2026-03-30 10:55:44'),(3,'core','research','Research',26.67,1,'2026-03-30 10:55:44'),(4,'core','extension','Extension',26.66,1,'2026-03-30 10:55:44'),(5,'support',NULL,'Support Function',20.00,1,'2026-03-30 10:55:44');
/*!40000 ALTER TABLE `function_categories` ENABLE KEYS */;
UNLOCK TABLES;

--
-- Table structure for table `function_list`
--

DROP TABLE IF EXISTS `function_list`;
/*!40101 SET @saved_cs_client     = @@character_set_client */;
/*!40101 SET character_set_client = utf8 */;
CREATE TABLE `function_list` (
  `id` int(11) NOT NULL AUTO_INCREMENT,
  `function_category_id` int(11) NOT NULL,
  `designation_id` int(30) DEFAULT NULL COMMENT 'NULL means applies to all',
  `name` varchar(500) NOT NULL,
  `description` text DEFAULT NULL,
  `percentage` decimal(5,2) NOT NULL DEFAULT 0.00,
  `is_active` tinyint(1) NOT NULL DEFAULT 1,
  `date_created` datetime NOT NULL DEFAULT current_timestamp(),
  PRIMARY KEY (`id`),
  KEY `function_category_id` (`function_category_id`),
  KEY `designation_id` (`designation_id`),
  CONSTRAINT `function_list_cat_fk` FOREIGN KEY (`function_category_id`) REFERENCES `function_categories` (`id`) ON DELETE CASCADE,
  CONSTRAINT `function_list_desig_fk` FOREIGN KEY (`designation_id`) REFERENCES `designation_list` (`id`) ON DELETE SET NULL
) ENGINE=InnoDB AUTO_INCREMENT=17 DEFAULT CHARSET=utf8mb4 COLLATE=utf8mb4_general_ci;
/*!40101 SET character_set_client = @saved_cs_client */;

--
-- Dumping data for table `function_list`
--

LOCK TABLES `function_list` WRITE;
/*!40000 ALTER TABLE `function_list` DISABLE KEYS */;
INSERT INTO `function_list` VALUES (1,1,NULL,'Strategic Planning & Management',NULL,10.00,1,'2026-03-30 10:55:44'),(2,1,NULL,'Policy Development',NULL,5.00,1,'2026-03-30 10:55:44'),(3,1,NULL,'Stakeholder Engagement',NULL,5.00,1,'2026-03-30 10:55:44'),(4,2,NULL,'Curriculum Development',NULL,8.89,1,'2026-03-30 10:55:44'),(5,2,NULL,'Classroom Teaching',NULL,8.89,1,'2026-03-30 10:55:44'),(6,2,NULL,'Student Advising',NULL,4.44,1,'2026-03-30 10:55:44'),(7,2,NULL,'Laboratory/Skills Development',NULL,4.45,1,'2026-03-30 10:55:44'),(8,3,NULL,'Research Publication',NULL,13.34,1,'2026-03-30 10:55:44'),(9,3,NULL,'Research Presentation',NULL,6.67,1,'2026-03-30 10:55:44'),(10,3,NULL,'Research Community Extension',NULL,6.66,1,'2026-03-30 10:55:44'),(11,4,NULL,'Community Outreach Programs',NULL,8.89,1,'2026-03-30 10:55:44'),(12,4,NULL,'Technical Assistance',NULL,8.88,1,'2026-03-30 10:55:44'),(13,4,NULL,'Partnership Development',NULL,8.89,1,'2026-03-30 10:55:44'),(14,5,NULL,'Administrative Tasks',NULL,10.00,1,'2026-03-30 10:55:44'),(15,5,NULL,'Committee Work',NULL,5.00,1,'2026-03-30 10:55:44'),(16,5,NULL,'Professional Development',NULL,5.00,1,'2026-03-30 10:55:44');
/*!40000 ALTER TABLE `function_list` ENABLE KEYS */;
UNLOCK TABLES;

--
-- Table structure for table `help_docs`
--

DROP TABLE IF EXISTS `help_docs`;
/*!40101 SET @saved_cs_client     = @@character_set_client */;
/*!40101 SET character_set_client = utf8 */;
CREATE TABLE `help_docs` (
  `id` int(11) NOT NULL AUTO_INCREMENT,
  `category` varchar(100) NOT NULL,
  `title` varchar(255) NOT NULL,
  `content` text NOT NULL,
  `order` int(11) NOT NULL DEFAULT 0,
  `is_active` tinyint(1) NOT NULL DEFAULT 1,
  `created_at` timestamp NOT NULL DEFAULT current_timestamp(),
  `updated_at` timestamp NOT NULL DEFAULT current_timestamp() ON UPDATE current_timestamp(),
  PRIMARY KEY (`id`),
  KEY `idx_category` (`category`),
  KEY `idx_active_order` (`is_active`,`order`)
) ENGINE=InnoDB AUTO_INCREMENT=12 DEFAULT CHARSET=utf8mb4 COLLATE=utf8mb4_general_ci;
/*!40101 SET character_set_client = @saved_cs_client */;

--
-- Dumping data for table `help_docs`
--

LOCK TABLES `help_docs` WRITE;
/*!40000 ALTER TABLE `help_docs` DISABLE KEYS */;
INSERT INTO `help_docs` VALUES (1,'Getting Started','System Overview','\n                <h3>Welcome to EPES</h3>\n                <p>The Employee Performance Evaluation System (EPES) is designed to streamline faculty performance documentation and evaluation at DEBESMSCAT.</p>\n                <h4>Key Features:</h4>\n                <ul>\n                    <li>Digital IPCR submission and tracking</li>\n                    <li>Automated performance calculations</li>\n                    <li>Real-time progress monitoring</li>\n                    <li>Comprehensive analytics and reporting</li>\n                    <li>Evidence-based decision making support</li>\n                </ul>\n            ',1,1,'2026-06-18 07:26:03','2026-06-18 07:26:03'),(2,'Getting Started','User Roles and Permissions','\n                <h3>User Roles</h3>\n                <p>EPES has three main user roles:</p>\n                <h4>1. Faculty Member</h4>\n                <ul>\n                    <li>Submit tasks and accomplishments</li>\n                    <li>View performance ratings</li>\n                    <li>Generate IPCR reports</li>\n                    <li>Track progress in real-time</li>\n                </ul>\n                <h4>2. Evaluator/Department Head</h4>\n                <ul>\n                    <li>Review and verify faculty submissions</li>\n                    <li>Provide ratings and feedback</li>\n                    <li>Generate department reports</li>\n                    <li>Monitor faculty performance</li>\n                </ul>\n                <h4>3. Administrator</h4>\n                <ul>\n                    <li>Manage users and roles</li>\n                    <li>Configure system settings</li>\n                    <li>Generate institutional reports</li>\n                    <li>Oversee evaluation periods</li>\n                </ul>\n            ',2,1,'2026-06-18 07:26:03','2026-06-18 07:26:03'),(3,'Faculty Guide','How to Submit Tasks','\n                <h3>Submitting Your Tasks</h3>\n                <ol>\n                    <li>Navigate to <strong>Targets</strong> menu</li>\n                    <li>Select the task you want to submit</li>\n                    <li>Click <strong>Submit File</strong></li>\n                    <li>Upload your supporting documents (PDF, DOC, DOCX, images)</li>\n                    <li>Add progress notes if needed</li>\n                    <li>Click <strong>Submit</strong></li>\n                </ol>\n                <h4>File Requirements:</h4>\n                <ul>\n                    <li>Maximum file size: 10MB</li>\n                    <li>Allowed formats: PDF, DOC, DOCX, JPG, PNG, XLS, XLSX</li>\n                    <li>Ensure files are clearly labeled</li>\n                </ul>\n            ',3,1,'2026-06-18 07:26:03','2026-06-18 07:26:03'),(4,'Faculty Guide','Viewing Your Performance','\n                <h3>Performance Dashboard</h3>\n                <p>Your dashboard shows:</p>\n                <ul>\n                    <li><strong>Total Targets:</strong> Number of tasks assigned to your position</li>\n                    <li><strong>Submitted:</strong> Tasks you have submitted</li>\n                    <li><strong>For Verification:</strong> Tasks awaiting evaluator review</li>\n                    <li><strong>Verified:</strong> Tasks approved by your evaluator</li>\n                </ul>\n                <h3>Performance Metrics:</h3>\n                <ul>\n                    <li><strong>Efficiency:</strong> How well you utilize resources</li>\n                    <li><strong>Timeliness:</strong> Meeting deadlines</li>\n                    <li><strong>Quality:</strong> Quality of work submitted</li>\n                </ul>\n            ',4,1,'2026-06-18 07:26:03','2026-06-18 07:26:03'),(5,'Evaluator Guide','How to Verify Tasks','\n                <h3>Verifying Faculty Submissions</h3>\n                <ol>\n                    <li>Go to <strong>Faculty Evaluation</strong> menu</li>\n                    <li>Select the faculty member</li>\n                    <li>Review submitted tasks and evidence</li>\n                    <li>Provide ratings for:</li>\n                    <ul>\n                        <li>Efficiency (1-5 scale)</li>\n                        <li>Timeliness (1-5 scale)</li>\n                        <li>Quality (1-5 scale)</li>\n                    </ul>\n                    <li>Add comments or feedback</li>\n                    <li>Click <strong>Verify</strong> to approve</li>\n                </ol>\n                <h4>Rating Guidelines:</h4>\n                <ul>\n                    <li>5 - Outstanding</li>\n                    <li>4 - Very Satisfactory</li>\n                    <li>3 - Satisfactory</li>\n                    <li>2 - Unsatisfactory</li>\n                    <li>1 - Poor</li>\n                </ul>\n            ',5,1,'2026-06-18 07:26:03','2026-06-18 07:26:03'),(6,'Evaluator Guide','Generating Recommendations','\n                <h3>Contract Renewal Recommendations</h3>\n                <p>For COS faculty, evaluators must provide renewal recommendations:</p>\n                <ol>\n                    <li>Navigate to <strong>Recommendation</strong> menu</li>\n                    <li>Review faculty performance data</li>\n                    <li>System calculates overall score automatically</li>\n                    <li>Provide recommendation:</li>\n                    <ul>\n                        <li><strong>Recommended</strong> - For renewal</li>\n                        <li><strong>Not Recommended</strong> - Not for renewal</li>\n                    </ul>\n                    <li>Add statement of reason</li>\n                    <li>Submit for Dean review</li>\n                </ol>\n            ',6,1,'2026-06-18 07:26:03','2026-06-18 07:26:03'),(7,'Admin Guide','Managing Users','\n                <h3>User Management</h3>\n                <h4>Adding New Faculty:</h4>\n                <ol>\n                    <li>Go to <strong>Employees > Add New</strong></li>\n                    <li>Fill in required information</li>\n                    <li>Assign department and position</li>\n                    <li>Assign evaluator</li>\n                    <li>Save and notify user</li>\n                </ol>\n                <h4>Resetting Password:</h4>\n                <ol>\n                    <li>Go to user list</li>\n                    <li>Click <strong>Reset Password</strong></li>\n                    <li>System sends reset link via email</li>\n                </ol>\n            ',7,1,'2026-06-18 07:26:03','2026-06-18 07:26:03'),(8,'Admin Guide','Configuring Rating Period','\n                <h3>Setting Rating Period</h3>\n                <ol>\n                    <li>Navigate to <strong>Rating Period</strong></li>\n                    <li>Select semester:</li>\n                    <ul>\n                        <li>1st Semester</li>\n                        <li>2nd Semester</li>\n                        <li>Summer</li>\n                    </ul>\n                    <li>Enter academic year (e.g., 2024-2025)</li>\n                    <li>Set as active period</li>\n                </ol>\n                <p><strong>Note:</strong> Only one rating period can be active at a time.</p>\n            ',8,1,'2026-06-18 07:26:03','2026-06-18 07:26:03'),(9,'Reports','Generating IPCR Report','\n                <h3>Individual Performance Commitment and Review</h3>\n                <ol>\n                    <li>Go to your <strong>Dashboard</strong></li>\n                    <li>Click <strong>Generate IPCR</strong></li>\n                    <li>Select rating period</li>\n                    <li>Review the generated form</li>\n                    <li>Download as PDF</li>\n                </ol>\n                <p>The IPCR form includes:</p>\n                <ul>\n                    <li>Performance ratings by criterion</li>\n                    <li>Task accomplishments</li>\n                    <li>Overall score and adjectival rating</li>\n                    <li>Signature sections</li>\n                </ul>\n            ',9,1,'2026-06-18 07:26:03','2026-06-18 07:26:03'),(10,'Reports','Generating OPCR Summary','\n                <h3>Office Performance Commitment and Review</h3>\n                <p>For Administrators and Deans:</p>\n                <ol>\n                    <li>Go to <strong>Reports > OPCR Summary</strong></li>\n                    <li>Select department</li>\n                    <li>Select rating period</li>\n                    <li>Generate report</li>\n                </ol>\n                <p>The OPCR summary includes:</p>\n                <ul>\n                    <li>Department performance metrics</li>\n                    <li>Faculty count and participation</li>\n                    <li>Overall averages</li>\n                    <li>Comparative analysis</li>\n                </ul>\n            ',10,1,'2026-06-18 07:26:03','2026-06-18 07:26:03'),(11,'Troubleshooting','Common Issues','\n                <h3>Frequently Encountered Problems</h3>\n                <h4>Cannot Login</h4>\n                <ul>\n                    <li>Verify email and password</li>\n                    <li>Check if account is activated</li>\n                    <li>Use \"Forgot Password\" if needed</li>\n                    <li>Contact admin if account is locked</li>\n                </ul>\n                <h4>File Upload Failed</h4>\n                <ul>\n                    <li>Check file size (max 10MB)</li>\n                    <li>Verify file format is allowed</li>\n                    <li>Ensure stable internet connection</li>\n                </ul>\n                <h4>Cannot Submit Task</h4>\n                <ul>\n                    <li>Ensure task is assigned to you</li>\n                    <li>Check if rating period is active</li>\n                    <li>Verify all required fields are filled</li>\n                </ul>\n            ',11,1,'2026-06-18 07:26:03','2026-06-18 07:26:03');
/*!40000 ALTER TABLE `help_docs` ENABLE KEYS */;
UNLOCK TABLES;

--
-- Table structure for table `intervention_flags`
--

DROP TABLE IF EXISTS `intervention_flags`;
/*!40101 SET @saved_cs_client     = @@character_set_client */;
/*!40101 SET character_set_client = utf8 */;
CREATE TABLE `intervention_flags` (
  `id` int(11) NOT NULL AUTO_INCREMENT,
  `employee_id` int(11) NOT NULL,
  `flag_type` enum('3_CONSECUTIVE_LOW') NOT NULL DEFAULT '3_CONSECUTIVE_LOW',
  `consecutive_periods` text NOT NULL COMMENT 'JSON array of period IDs',
  `overall_ratings` text NOT NULL COMMENT 'JSON array of ratings for those periods',
  `flagged_at` datetime NOT NULL DEFAULT current_timestamp(),
  `acknowledged` tinyint(1) NOT NULL DEFAULT 0,
  `acknowledged_by` int(11) DEFAULT NULL,
  `acknowledged_at` datetime DEFAULT NULL,
  `notes` text DEFAULT NULL,
  PRIMARY KEY (`id`),
  UNIQUE KEY `unique_flag` (`employee_id`,`flag_type`,`consecutive_periods`(255)),
  KEY `idx_employee_period` (`employee_id`),
  KEY `idx_acknowledged` (`acknowledged`)
) ENGINE=InnoDB DEFAULT CHARSET=utf8mb4 COLLATE=utf8mb4_general_ci;
/*!40101 SET character_set_client = @saved_cs_client */;

--
-- Dumping data for table `intervention_flags`
--

LOCK TABLES `intervention_flags` WRITE;
/*!40000 ALTER TABLE `intervention_flags` DISABLE KEYS */;
/*!40000 ALTER TABLE `intervention_flags` ENABLE KEYS */;
UNLOCK TABLES;

--
-- Table structure for table `login_audit_trail`
--

DROP TABLE IF EXISTS `login_audit_trail`;
/*!40101 SET @saved_cs_client     = @@character_set_client */;
/*!40101 SET character_set_client = utf8 */;
CREATE TABLE `login_audit_trail` (
  `audit_id` bigint(20) NOT NULL AUTO_INCREMENT,
  `user_id` bigint(20) DEFAULT NULL,
  `username` varchar(150) NOT NULL,
  `ip_address` varchar(45) NOT NULL,
  `user_agent` text DEFAULT NULL,
  `login_status` enum('SUCCESS','FAILED') NOT NULL,
  `failure_reason` text DEFAULT NULL,
  `login_time` timestamp NOT NULL DEFAULT current_timestamp(),
  `session_id` varchar(255) DEFAULT NULL,
  PRIMARY KEY (`audit_id`)
) ENGINE=InnoDB AUTO_INCREMENT=1445 DEFAULT CHARSET=utf8mb4 COLLATE=utf8mb4_general_ci;
/*!40101 SET character_set_client = @saved_cs_client */;

--
-- Dumping data for table `login_audit_trail`
--

LOCK TABLES `login_audit_trail` WRITE;
/*!40000 ALTER TABLE `login_audit_trail` DISABLE KEYS */;
INSERT INTO `login_audit_trail` VALUES (1,1,'genz.tumbaga@gmail.com','::1','Mozilla/5.0 (Windows NT 10.0; Win64; x64) AppleWebKit/537.36 (KHTML, like Gecko) Chrome/140.0.0.0 Safari/537.36','SUCCESS',NULL,'2025-09-09 01:41:23',NULL),(2,NULL,'genz.tumbaga@gmail.com','::1','Mozilla/5.0 (Windows NT 10.0; Win64; x64) AppleWebKit/537.36 (KHTML, like Gecko) Chrome/140.0.0.0 Safari/537.36','FAILED','Email not found','2025-09-09 01:41:57',NULL),(3,1,'genz.tumbaga@gmail.com','::1','Mozilla/5.0 (Windows NT 10.0; Win64; x64) AppleWebKit/537.36 (KHTML, like Gecko) Chrome/140.0.0.0 Safari/537.36','FAILED','Wrong password','2025-09-09 01:43:30',NULL),(4,1,'genz.tumbaga@gmail.com','::1','Mozilla/5.0 (Windows NT 10.0; Win64; x64) AppleWebKit/537.36 (KHTML, like Gecko) Chrome/140.0.0.0 Safari/537.36','SUCCESS',NULL,'2025-09-09 01:43:51',NULL),(5,1,'genz.tumbaga@gmail.com','::1','Mozilla/5.0 (Windows NT 10.0; Win64; x64) AppleWebKit/537.36 (KHTML, like Gecko) Chrome/140.0.0.0 Safari/537.36','FAILED','Account blocked','2025-09-09 01:44:18',NULL),(6,1,'genz.tumbaga@gmail.com','::1','Mozilla/5.0 (Windows NT 10.0; Win64; x64) AppleWebKit/537.36 (KHTML, like Gecko) Chrome/140.0.0.0 Safari/537.36','SUCCESS',NULL,'2025-09-09 01:45:43',NULL),(7,1,'genz.tumbaga@gmail.com','::1','Mozilla/5.0 (Windows NT 10.0; Win64; x64) AppleWebKit/537.36 (KHTML, like Gecko) Chrome/140.0.0.0 Safari/537.36','SUCCESS','User logged out','2025-09-09 01:45:45',NULL),(8,1,'genz.tumbaga@gmail.com','::1','Mozilla/5.0 (Windows NT 10.0; Win64; x64) AppleWebKit/537.36 (KHTML, like Gecko) Chrome/140.0.0.0 Safari/537.36','SUCCESS',NULL,'2025-09-09 01:47:34',NULL),(9,1,'genz.tumbaga@gmail.com','::1','Mozilla/5.0 (Windows NT 10.0; Win64; x64) AppleWebKit/537.36 (KHTML, like Gecko) Chrome/140.0.0.0 Safari/537.36','SUCCESS','User logged out','2025-09-09 01:48:52',NULL),(10,1,'genz.tumbaga@gmail.com','::1','Mozilla/5.0 (Windows NT 10.0; Win64; x64) AppleWebKit/537.36 (KHTML, like Gecko) Chrome/140.0.0.0 Safari/537.36','SUCCESS',NULL,'2025-09-09 01:49:52',NULL),(11,1,'genz.tumbaga@gmail.com','::1','Mozilla/5.0 (Windows NT 10.0; Win64; x64) AppleWebKit/537.36 (KHTML, like Gecko) Chrome/140.0.0.0 Safari/537.36','SUCCESS','User logged out','2025-09-09 01:50:28',NULL),(12,NULL,'rmramiso@debesmscat.edu.ph','::1','Mozilla/5.0 (Windows NT 10.0; Win64; x64) AppleWebKit/537.36 (KHTML, like Gecko) Chrome/140.0.0.0 Safari/537.36','FAILED','Email not found','2025-09-09 01:50:52',NULL),(13,1,'genz.tumbaga@gmail.com','::1','Mozilla/5.0 (Windows NT 10.0; Win64; x64) AppleWebKit/537.36 (KHTML, like Gecko) Chrome/140.0.0.0 Safari/537.36','SUCCESS',NULL,'2025-09-09 01:51:06',NULL),(14,1,'genz.tumbaga@gmail.com','::1','Mozilla/5.0 (Windows NT 10.0; Win64; x64) AppleWebKit/537.36 (KHTML, like Gecko) Chrome/140.0.0.0 Safari/537.36','SUCCESS','User logged out','2025-09-09 01:51:34',NULL),(15,NULL,'dean@gmail.com','::1','Mozilla/5.0 (Windows NT 10.0; Win64; x64) AppleWebKit/537.36 (KHTML, like Gecko) Chrome/140.0.0.0 Safari/537.36','FAILED','Email not found','2025-09-09 01:51:54',NULL),(16,1,'genz.tumbaga@gmail.com','::1','Mozilla/5.0 (Windows NT 10.0; Win64; x64) AppleWebKit/537.36 (KHTML, like Gecko) Chrome/140.0.0.0 Safari/537.36','SUCCESS',NULL,'2025-09-09 01:59:11',NULL),(17,1,'genz.tumbaga@gmail.com','::1','Mozilla/5.0 (Windows NT 10.0; Win64; x64) AppleWebKit/537.36 (KHTML, like Gecko) Chrome/140.0.0.0 Safari/537.36','SUCCESS',NULL,'2025-09-09 01:59:25',NULL),(18,1,'genz.tumbaga@gmail.com','::1','Mozilla/5.0 (Windows NT 10.0; Win64; x64) AppleWebKit/537.36 (KHTML, like Gecko) Chrome/140.0.0.0 Safari/537.36','SUCCESS',NULL,'2025-09-09 01:59:43',NULL),(19,1,'genz.tumbaga@gmail.com','::1','Mozilla/5.0 (Windows NT 10.0; Win64; x64) AppleWebKit/537.36 (KHTML, like Gecko) Chrome/140.0.0.0 Safari/537.36','SUCCESS','User logged out','2025-09-09 01:59:46',NULL),(20,NULL,'dean@gmail.com','::1','Mozilla/5.0 (Windows NT 10.0; Win64; x64) AppleWebKit/537.36 (KHTML, like Gecko) Chrome/140.0.0.0 Safari/537.36','FAILED','Email not found','2025-09-09 02:05:51',NULL),(21,NULL,'dean@gmail.com','::1','Mozilla/5.0 (Windows NT 10.0; Win64; x64) AppleWebKit/537.36 (KHTML, like Gecko) Chrome/140.0.0.0 Safari/537.36','FAILED','Email not found','2025-09-09 02:05:53',NULL),(22,1,'genz.tumbaga@gmail.com','::1','Mozilla/5.0 (Windows NT 10.0; Win64; x64) AppleWebKit/537.36 (KHTML, like Gecko) Chrome/140.0.0.0 Safari/537.36','SUCCESS','User logged out','2025-09-09 02:09:10',NULL),(23,1,'rmramiso@debesmscat.edu.ph','::1','Mozilla/5.0 (Windows NT 10.0; Win64; x64) AppleWebKit/537.36 (KHTML, like Gecko) Chrome/140.0.0.0 Safari/537.36','SUCCESS','User logged out','2025-09-09 02:12:30',NULL),(24,1,'rmramiso@debesmscat.edu.ph','::1','Mozilla/5.0 (Windows NT 10.0; Win64; x64) AppleWebKit/537.36 (KHTML, like Gecko) Chrome/140.0.0.0 Safari/537.36','FAILED','Wrong password','2025-09-09 02:17:54',NULL),(25,1,'rmramiso@debesmscat.edu.ph','::1','Mozilla/5.0 (Windows NT 10.0; Win64; x64) AppleWebKit/537.36 (KHTML, like Gecko) Chrome/140.0.0.0 Safari/537.36','FAILED','Wrong password','2025-09-09 02:17:58',NULL),(26,2,'dean@gmail.com','::1','Mozilla/5.0 (Windows NT 10.0; Win64; x64) AppleWebKit/537.36 (KHTML, like Gecko) Chrome/140.0.0.0 Safari/537.36','FAILED','Wrong password','2025-09-09 02:18:06',NULL),(27,2,'dean@gmail.com','::1','Mozilla/5.0 (Windows NT 10.0; Win64; x64) AppleWebKit/537.36 (KHTML, like Gecko) Chrome/140.0.0.0 Safari/537.36','FAILED','Wrong password','2025-09-09 02:19:01',NULL),(28,2,'dean@gmail.com','::1','Mozilla/5.0 (Windows NT 10.0; Win64; x64) AppleWebKit/537.36 (KHTML, like Gecko) Chrome/140.0.0.0 Safari/537.36','FAILED','Wrong password','2025-09-09 02:19:04',NULL),(29,2,'dean@gmail.com','::1','Mozilla/5.0 (Windows NT 10.0; Win64; x64) AppleWebKit/537.36 (KHTML, like Gecko) Chrome/140.0.0.0 Safari/537.36','FAILED','Wrong password','2025-09-09 02:21:20',NULL),(30,2,'dean@gmail.com','::1','Mozilla/5.0 (Windows NT 10.0; Win64; x64) AppleWebKit/537.36 (KHTML, like Gecko) Chrome/140.0.0.0 Safari/537.36','FAILED','Account blocked','2025-09-09 02:21:43',NULL),(31,2,'dean@gmail.com','::1','Mozilla/5.0 (Windows NT 10.0; Win64; x64) AppleWebKit/537.36 (KHTML, like Gecko) Chrome/140.0.0.0 Safari/537.36','SUCCESS',NULL,'2025-09-09 02:22:23',NULL),(32,2,'dean@gmail.com','::1','Mozilla/5.0 (Windows NT 10.0; Win64; x64) AppleWebKit/537.36 (KHTML, like Gecko) Chrome/140.0.0.0 Safari/537.36','SUCCESS','User logged out','2025-09-09 02:22:28',NULL),(33,2,'dean@gmail.com','::1','Mozilla/5.0 (Windows NT 10.0; Win64; x64) AppleWebKit/537.36 (KHTML, like Gecko) Chrome/140.0.0.0 Safari/537.36','SUCCESS',NULL,'2025-09-09 02:23:09',NULL),(34,2,'dean@gmail.com','::1','Mozilla/5.0 (Windows NT 10.0; Win64; x64) AppleWebKit/537.36 (KHTML, like Gecko) Chrome/140.0.0.0 Safari/537.36','SUCCESS','User logged out','2025-09-09 02:23:13',NULL),(35,2,'dean@gmail.com','::1','Mozilla/5.0 (Windows NT 10.0; Win64; x64) AppleWebKit/537.36 (KHTML, like Gecko) Chrome/140.0.0.0 Safari/537.36','SUCCESS',NULL,'2025-09-09 02:24:33',NULL),(36,2,'dean@gmail.com','::1','Mozilla/5.0 (Windows NT 10.0; Win64; x64) AppleWebKit/537.36 (KHTML, like Gecko) Chrome/140.0.0.0 Safari/537.36','SUCCESS','User logged out','2025-09-09 02:24:54',NULL),(37,2,'dean@gmail.com','::1','Mozilla/5.0 (Windows NT 10.0; Win64; x64) AppleWebKit/537.36 (KHTML, like Gecko) Chrome/140.0.0.0 Safari/537.36','SUCCESS',NULL,'2025-09-09 02:25:03',NULL),(38,2,'dean@gmail.com','::1','Mozilla/5.0 (Windows NT 10.0; Win64; x64) AppleWebKit/537.36 (KHTML, like Gecko) Chrome/140.0.0.0 Safari/537.36','SUCCESS','User logged out','2025-09-09 02:25:06',NULL),(39,NULL,'genz.tumbaga@gmail.com','::1','Mozilla/5.0 (Windows NT 10.0; Win64; x64) AppleWebKit/537.36 (KHTML, like Gecko) Chrome/140.0.0.0 Safari/537.36','FAILED','Email not found','2025-09-09 02:27:07',NULL),(40,NULL,'genz.tumbaga@gmail.com','::1','Mozilla/5.0 (Windows NT 10.0; Win64; x64) AppleWebKit/537.36 (KHTML, like Gecko) Chrome/140.0.0.0 Safari/537.36','FAILED','Email not found','2025-09-09 02:27:38',NULL),(41,2,'dean@gmail.com','::1','Mozilla/5.0 (Windows NT 10.0; Win64; x64) AppleWebKit/537.36 (KHTML, like Gecko) Chrome/140.0.0.0 Safari/537.36','SUCCESS','User logged out','2025-09-09 02:32:06',NULL),(42,2,'dean@gmail.com','::1','Mozilla/5.0 (Windows NT 10.0; Win64; x64) AppleWebKit/537.36 (KHTML, like Gecko) Chrome/140.0.0.0 Safari/537.36','SUCCESS','User logged out','2025-09-09 02:33:24',NULL),(43,NULL,'genz.tumbaga@gmail.com','::1','Mozilla/5.0 (Windows NT 10.0; Win64; x64) AppleWebKit/537.36 (KHTML, like Gecko) Chrome/140.0.0.0 Safari/537.36','FAILED','Email not found','2025-09-09 02:35:40',NULL),(44,1,'genz.tumbaga@gmail.com','::1','Mozilla/5.0 (Windows NT 10.0; Win64; x64) AppleWebKit/537.36 (KHTML, like Gecko) Chrome/140.0.0.0 Safari/537.36','SUCCESS','Login successful','2025-09-09 02:35:50',NULL),(45,2,'dean@gmail.com','::1','Mozilla/5.0 (Windows NT 10.0; Win64; x64) AppleWebKit/537.36 (KHTML, like Gecko) Chrome/140.0.0.0 Safari/537.36','SUCCESS','Login successful','2025-09-09 02:36:02',NULL),(46,NULL,'genz.tumbaga@gmail.com','::1','Mozilla/5.0 (Windows NT 10.0; Win64; x64) AppleWebKit/537.36 (KHTML, like Gecko) Chrome/140.0.0.0 Safari/537.36','FAILED','Email not found','2025-09-09 02:36:15',NULL),(47,1,'genz.tumbaga@gmail.com','::1','Mozilla/5.0 (Windows NT 10.0; Win64; x64) AppleWebKit/537.36 (KHTML, like Gecko) Chrome/140.0.0.0 Safari/537.36','SUCCESS','Login successful','2025-09-09 02:36:17',NULL),(48,4,'faculty@gmail.com','::1','Mozilla/5.0 (Windows NT 10.0; Win64; x64) AppleWebKit/537.36 (KHTML, like Gecko) Chrome/140.0.0.0 Safari/537.36','SUCCESS','Login successful','2025-09-09 02:37:08',NULL),(49,1,'genz.tumbaga@gmail.com','::1','Mozilla/5.0 (Windows NT 10.0; Win64; x64) AppleWebKit/537.36 (KHTML, like Gecko) Chrome/140.0.0.0 Safari/537.36','SUCCESS','Login successful','2025-09-09 02:43:31',NULL),(50,1,'genz.tumbaga@gmail.com','::1','Mozilla/5.0 (Windows NT 10.0; Win64; x64) AppleWebKit/537.36 (KHTML, like Gecko) Chrome/140.0.0.0 Safari/537.36','SUCCESS','Login successful','2025-09-09 02:44:55',NULL),(51,NULL,'genz.tumbaga@gmail.com','::1','Mozilla/5.0 (Windows NT 10.0; Win64; x64) AppleWebKit/537.36 (KHTML, like Gecko) Chrome/140.0.0.0 Safari/537.36','FAILED','Email not found','2025-09-09 02:46:51',NULL),(52,1,'genz.tumbaga@gmail.com','::1','Mozilla/5.0 (Windows NT 10.0; Win64; x64) AppleWebKit/537.36 (KHTML, like Gecko) Chrome/140.0.0.0 Safari/537.36','SUCCESS','Login successful','2025-09-09 02:46:56',NULL),(53,1,'genz.tumbaga@gmail.com','::1','Mozilla/5.0 (Windows NT 10.0; Win64; x64) AppleWebKit/537.36 (KHTML, like Gecko) Chrome/140.0.0.0 Safari/537.36','',NULL,'2025-09-09 02:46:59',NULL),(54,1,'genz.tumbaga@gmail.com','::1','Mozilla/5.0 (Windows NT 10.0; Win64; x64) AppleWebKit/537.36 (KHTML, like Gecko) Chrome/140.0.0.0 Safari/537.36','SUCCESS','Login successful','2025-09-09 02:48:54',NULL),(55,1,'genz.tumbaga@gmail.com','::1','Mozilla/5.0 (Windows NT 10.0; Win64; x64) AppleWebKit/537.36 (KHTML, like Gecko) Chrome/140.0.0.0 Safari/537.36','',NULL,'2025-09-09 02:48:55',NULL),(56,1,'genz.tumbaga@gmail.com','::1','Mozilla/5.0 (Windows NT 10.0; Win64; x64) AppleWebKit/537.36 (KHTML, like Gecko) Chrome/140.0.0.0 Safari/537.36','SUCCESS','Login successful','2025-09-09 02:50:37',NULL),(57,1,'genz.tumbaga@gmail.com','::1','Mozilla/5.0 (Windows NT 10.0; Win64; x64) AppleWebKit/537.36 (KHTML, like Gecko) Chrome/140.0.0.0 Safari/537.36','SUCCESS','User logged out','2025-09-09 02:50:40',NULL),(58,1,'genz.tumbaga@gmail.com','::1','Mozilla/5.0 (Windows NT 10.0; Win64; x64) AppleWebKit/537.36 (KHTML, like Gecko) Chrome/140.0.0.0 Safari/537.36','SUCCESS','Login successful','2025-09-09 02:50:59',NULL),(59,1,'genz.tumbaga@gmail.com','::1','Mozilla/5.0 (Windows NT 10.0; Win64; x64) AppleWebKit/537.36 (KHTML, like Gecko) Chrome/140.0.0.0 Safari/537.36','SUCCESS','User logged out','2025-09-09 02:51:47',NULL),(60,4,'faculty@gmail.com','::1','Mozilla/5.0 (Windows NT 10.0; Win64; x64) AppleWebKit/537.36 (KHTML, like Gecko) Chrome/140.0.0.0 Safari/537.36','SUCCESS','Login successful','2025-09-09 02:51:54',NULL),(61,4,'faculty@gmail.com','::1','Mozilla/5.0 (Windows NT 10.0; Win64; x64) AppleWebKit/537.36 (KHTML, like Gecko) Chrome/140.0.0.0 Safari/537.36','SUCCESS','User logged out','2025-09-09 02:52:07',NULL),(62,2,'dean@gmail.com','::1','Mozilla/5.0 (Windows NT 10.0; Win64; x64) AppleWebKit/537.36 (KHTML, like Gecko) Chrome/140.0.0.0 Safari/537.36','SUCCESS','Login successful','2025-09-09 02:52:31',NULL),(63,4,'faculty@gmail.com','::1','Mozilla/5.0 (Windows NT 10.0; Win64; x64) AppleWebKit/537.36 (KHTML, like Gecko) Chrome/140.0.0.0 Safari/537.36','SUCCESS','Login successful','2025-09-09 02:56:46',NULL),(64,4,'faculty@gmail.com','::1','Mozilla/5.0 (Windows NT 10.0; Win64; x64) AppleWebKit/537.36 (KHTML, like Gecko) Chrome/140.0.0.0 Safari/537.36','SUCCESS','Login successful','2025-09-09 02:58:56',NULL),(65,4,'faculty@gmail.com','::1','Mozilla/5.0 (Windows NT 10.0; Win64; x64) AppleWebKit/537.36 (KHTML, like Gecko) Chrome/140.0.0.0 Safari/537.36','SUCCESS','User logged out','2025-09-09 03:03:15',NULL),(66,4,'faculty@gmail.com','::1','Mozilla/5.0 (Windows NT 10.0; Win64; x64) AppleWebKit/537.36 (KHTML, like Gecko) Chrome/140.0.0.0 Safari/537.36','SUCCESS','Login successful','2025-09-09 03:03:22',NULL),(67,4,'faculty@gmail.com','::1','Mozilla/5.0 (Windows NT 10.0; Win64; x64) AppleWebKit/537.36 (KHTML, like Gecko) Chrome/140.0.0.0 Safari/537.36','SUCCESS','User logged out','2025-09-09 03:04:36',NULL),(68,4,'faculty@gmail.com','::1','Mozilla/5.0 (Windows NT 10.0; Win64; x64) AppleWebKit/537.36 (KHTML, like Gecko) Chrome/140.0.0.0 Safari/537.36','SUCCESS','Login successful','2025-09-09 03:04:42',NULL),(70,4,'faculty@gmail.com','::1','Mozilla/5.0 (Windows NT 10.0; Win64; x64) AppleWebKit/537.36 (KHTML, like Gecko) Chrome/140.0.0.0 Safari/537.36','SUCCESS','User logged out','2025-09-09 03:07:16',NULL),(71,4,'faculty@gmail.com','::1','Mozilla/5.0 (Windows NT 10.0; Win64; x64) AppleWebKit/537.36 (KHTML, like Gecko) Chrome/140.0.0.0 Safari/537.36','SUCCESS','Login successful','2025-09-09 03:07:22',NULL),(72,4,'faculty@gmail.com','::1','Mozilla/5.0 (Windows NT 10.0; Win64; x64) AppleWebKit/537.36 (KHTML, like Gecko) Chrome/140.0.0.0 Safari/537.36','SUCCESS','Login successful','2025-09-09 03:14:44',NULL),(73,4,'faculty@gmail.com','::1','Mozilla/5.0 (Windows NT 10.0; Win64; x64) AppleWebKit/537.36 (KHTML, like Gecko) Chrome/140.0.0.0 Safari/537.36','','Session expired due to inactivity','2025-09-09 03:18:08',NULL),(74,4,'faculty@gmail.com','::1','Mozilla/5.0 (Windows NT 10.0; Win64; x64) AppleWebKit/537.36 (KHTML, like Gecko) Chrome/140.0.0.0 Safari/537.36','SUCCESS','Login successful','2025-09-09 03:18:14',NULL),(75,4,'faculty@gmail.com','::1','Mozilla/5.0 (Windows NT 10.0; Win64; x64) AppleWebKit/537.36 (KHTML, like Gecko) Chrome/140.0.0.0 Safari/537.36','','Session expired due to inactivity','2025-09-09 03:18:49',NULL),(76,4,'faculty@gmail.com','::1','Mozilla/5.0 (Windows NT 10.0; Win64; x64) AppleWebKit/537.36 (KHTML, like Gecko) Chrome/140.0.0.0 Safari/537.36','SUCCESS','Login successful','2025-09-09 03:19:39',NULL),(77,4,'faculty@gmail.com','::1','Mozilla/5.0 (Windows NT 10.0; Win64; x64) AppleWebKit/537.36 (KHTML, like Gecko) Chrome/140.0.0.0 Safari/537.36','SUCCESS','Session expired due to inactivity','2025-09-09 03:19:52',NULL),(78,NULL,'genz.tumbaga@gmail.com','::1','Mozilla/5.0 (Windows NT 10.0; Win64; x64) AppleWebKit/537.36 (KHTML, like Gecko) Chrome/140.0.0.0 Safari/537.36','FAILED','Email not found','2025-09-09 03:20:45',NULL),(79,1,'genz.tumbaga@gmail.com','::1','Mozilla/5.0 (Windows NT 10.0; Win64; x64) AppleWebKit/537.36 (KHTML, like Gecko) Chrome/140.0.0.0 Safari/537.36','SUCCESS','Login successful','2025-09-09 03:20:50',NULL),(80,1,'genz.tumbaga@gmail.com','::1','Mozilla/5.0 (Windows NT 10.0; Win64; x64) AppleWebKit/537.36 (KHTML, like Gecko) Chrome/140.0.0.0 Safari/537.36','SUCCESS','User logged out','2025-09-09 03:54:52',NULL),(81,2,'dean@gmail.com','::1','Mozilla/5.0 (Windows NT 10.0; Win64; x64) AppleWebKit/537.36 (KHTML, like Gecko) Chrome/140.0.0.0 Safari/537.36','SUCCESS','Login successful','2025-09-09 03:55:51',NULL),(82,2,'dean@gmail.com','::1','Mozilla/5.0 (Windows NT 10.0; Win64; x64) AppleWebKit/537.36 (KHTML, like Gecko) Chrome/140.0.0.0 Safari/537.36','SUCCESS','User logged out','2025-09-09 03:58:14',NULL),(83,1,'genz.tumbaga@gmail.com','::1','Mozilla/5.0 (Windows NT 10.0; Win64; x64) AppleWebKit/537.36 (KHTML, like Gecko) Chrome/140.0.0.0 Safari/537.36','SUCCESS','Login successful','2025-09-09 03:58:23',NULL),(84,1,'genz.tumbaga@gmail.com','::1','Mozilla/5.0 (Windows NT 10.0; Win64; x64) AppleWebKit/537.36 (KHTML, like Gecko) Chrome/140.0.0.0 Safari/537.36','SUCCESS','Session expired due to inactivity','2025-09-09 05:05:21',NULL),(85,1,'genz.tumbaga@gmail.com','::1','Mozilla/5.0 (Windows NT 10.0; Win64; x64) AppleWebKit/537.36 (KHTML, like Gecko) Chrome/140.0.0.0 Safari/537.36','SUCCESS','Login successful','2025-09-09 05:05:31',NULL),(86,1,'genz.tumbaga@gmail.com','::1','Mozilla/5.0 (Windows NT 10.0; Win64; x64) AppleWebKit/537.36 (KHTML, like Gecko) Chrome/140.0.0.0 Safari/537.36','SUCCESS','User logged out','2025-09-09 06:13:50',NULL),(87,4,'faculty@gmail.com','::1','Mozilla/5.0 (Windows NT 10.0; Win64; x64) AppleWebKit/537.36 (KHTML, like Gecko) Chrome/140.0.0.0 Safari/537.36','SUCCESS','Login successful','2025-09-09 06:14:01',NULL),(88,4,'faculty@gmail.com','::1','Mozilla/5.0 (Windows NT 10.0; Win64; x64) AppleWebKit/537.36 (KHTML, like Gecko) Chrome/140.0.0.0 Safari/537.36','SUCCESS','User logged out','2025-09-09 06:15:47',NULL),(89,2,'dean@gmail.com','::1','Mozilla/5.0 (Windows NT 10.0; Win64; x64) AppleWebKit/537.36 (KHTML, like Gecko) Chrome/140.0.0.0 Safari/537.36','SUCCESS','Login successful','2025-09-09 06:15:55',NULL),(90,2,'dean@gmail.com','::1','Mozilla/5.0 (Windows NT 10.0; Win64; x64) AppleWebKit/537.36 (KHTML, like Gecko) Chrome/140.0.0.0 Safari/537.36','SUCCESS','User logged out','2025-09-09 06:16:31',NULL),(91,4,'faculty@gmail.com','::1','Mozilla/5.0 (Windows NT 10.0; Win64; x64) AppleWebKit/537.36 (KHTML, like Gecko) Chrome/140.0.0.0 Safari/537.36','SUCCESS','Login successful','2025-09-09 06:16:39',NULL),(92,4,'faculty@gmail.com','::1','Mozilla/5.0 (Windows NT 10.0; Win64; x64) AppleWebKit/537.36 (KHTML, like Gecko) Chrome/140.0.0.0 Safari/537.36','SUCCESS','User logged out','2025-09-09 06:30:59',NULL),(93,1,'genz.tumbaga@gmail.com','::1','Mozilla/5.0 (Windows NT 10.0; Win64; x64) AppleWebKit/537.36 (KHTML, like Gecko) Chrome/140.0.0.0 Safari/537.36','FAILED','Wrong password','2025-09-09 06:31:09',NULL),(94,1,'genz.tumbaga@gmail.com','::1','Mozilla/5.0 (Windows NT 10.0; Win64; x64) AppleWebKit/537.36 (KHTML, like Gecko) Chrome/140.0.0.0 Safari/537.36','SUCCESS','Login successful','2025-09-09 06:31:14',NULL),(95,1,'genz.tumbaga@gmail.com','::1','Mozilla/5.0 (Windows NT 10.0; Win64; x64) AppleWebKit/537.36 (KHTML, like Gecko) Chrome/140.0.0.0 Safari/537.36','SUCCESS','User logged out','2025-09-09 06:31:32',NULL),(96,4,'faculty@gmail.com','::1','Mozilla/5.0 (Windows NT 10.0; Win64; x64) AppleWebKit/537.36 (KHTML, like Gecko) Chrome/140.0.0.0 Safari/537.36','SUCCESS','Login successful','2025-09-09 06:32:18',NULL),(97,1,'genz.tumbaga@gmail.com','::1','Mozilla/5.0 (Windows NT 10.0; Win64; x64) AppleWebKit/537.36 (KHTML, like Gecko) Chrome/140.0.0.0 Safari/537.36','SUCCESS','Login successful','2025-09-14 08:50:34',NULL),(98,1,'genz.tumbaga@gmail.com','::1','Mozilla/5.0 (Windows NT 10.0; Win64; x64) AppleWebKit/537.36 (KHTML, like Gecko) Chrome/140.0.0.0 Safari/537.36','SUCCESS','User logged out','2025-09-14 08:50:38',NULL),(99,2,'dean@gmail.com','::1','Mozilla/5.0 (Windows NT 10.0; Win64; x64) AppleWebKit/537.36 (KHTML, like Gecko) Chrome/140.0.0.0 Safari/537.36','SUCCESS','Login successful','2025-09-14 08:50:50',NULL),(100,2,'dean@gmail.com','::1','Mozilla/5.0 (Windows NT 10.0; Win64; x64) AppleWebKit/537.36 (KHTML, like Gecko) Chrome/140.0.0.0 Safari/537.36','SUCCESS','User logged out','2025-09-14 08:50:56',NULL),(101,4,'faculty@gmail.com','::1','Mozilla/5.0 (Windows NT 10.0; Win64; x64) AppleWebKit/537.36 (KHTML, like Gecko) Chrome/140.0.0.0 Safari/537.36','SUCCESS','Login successful','2025-09-14 08:51:02',NULL),(102,4,'faculty@gmail.com','::1','Mozilla/5.0 (Windows NT 10.0; Win64; x64) AppleWebKit/537.36 (KHTML, like Gecko) Chrome/140.0.0.0 Safari/537.36','SUCCESS','User logged out','2025-09-14 08:52:51',NULL),(103,NULL,'genz.tumbaga@gmail.com','::1','Mozilla/5.0 (Windows NT 10.0; Win64; x64) AppleWebKit/537.36 (KHTML, like Gecko) Chrome/140.0.0.0 Safari/537.36','FAILED','Email not found','2025-09-14 08:53:06',NULL),(104,1,'genz.tumbaga@gmail.com','::1','Mozilla/5.0 (Windows NT 10.0; Win64; x64) AppleWebKit/537.36 (KHTML, like Gecko) Chrome/140.0.0.0 Safari/537.36','SUCCESS','Login successful','2025-09-14 08:53:10',NULL),(105,1,'genz.tumbaga@gmail.com','::1','Mozilla/5.0 (Windows NT 10.0; Win64; x64) AppleWebKit/537.36 (KHTML, like Gecko) Chrome/140.0.0.0 Safari/537.36','SUCCESS','User logged out','2025-09-14 08:54:59',NULL),(106,4,'faculty@gmail.com','::1','Mozilla/5.0 (Windows NT 10.0; Win64; x64) AppleWebKit/537.36 (KHTML, like Gecko) Chrome/140.0.0.0 Safari/537.36','SUCCESS','Login successful','2025-09-14 08:55:07',NULL),(107,4,'faculty@gmail.com','::1','Mozilla/5.0 (Windows NT 10.0; Win64; x64) AppleWebKit/537.36 (KHTML, like Gecko) Chrome/140.0.0.0 Safari/537.36','SUCCESS','User logged out','2025-09-14 09:00:08',NULL),(108,4,'faculty@gmail.com','::1','Mozilla/5.0 (Windows NT 10.0; Win64; x64) AppleWebKit/537.36 (KHTML, like Gecko) Chrome/140.0.0.0 Safari/537.36','SUCCESS','Login successful','2025-09-14 09:00:53',NULL),(109,4,'faculty@gmail.com','::1','Mozilla/5.0 (Windows NT 10.0; Win64; x64) AppleWebKit/537.36 (KHTML, like Gecko) Chrome/140.0.0.0 Safari/537.36','SUCCESS','User logged out','2025-09-14 09:02:21',NULL),(110,1,'genz.tumbaga@gmail.com','::1','Mozilla/5.0 (Windows NT 10.0; Win64; x64) AppleWebKit/537.36 (KHTML, like Gecko) Chrome/140.0.0.0 Safari/537.36','SUCCESS','Login successful','2025-09-14 09:02:41',NULL),(111,1,'genz.tumbaga@gmail.com','::1','Mozilla/5.0 (Windows NT 10.0; Win64; x64) AppleWebKit/537.36 (KHTML, like Gecko) Chrome/140.0.0.0 Safari/537.36','SUCCESS','User logged out','2025-09-14 09:03:04',NULL),(112,4,'faculty@gmail.com','::1','Mozilla/5.0 (Windows NT 10.0; Win64; x64) AppleWebKit/537.36 (KHTML, like Gecko) Chrome/140.0.0.0 Safari/537.36','SUCCESS','Login successful','2025-09-14 09:03:09',NULL),(113,4,'faculty@gmail.com','::1','Mozilla/5.0 (Windows NT 10.0; Win64; x64) AppleWebKit/537.36 (KHTML, like Gecko) Chrome/140.0.0.0 Safari/537.36','SUCCESS','User logged out','2025-09-14 09:08:34',NULL),(114,1,'genz.tumbaga@gmail.com','::1','Mozilla/5.0 (Windows NT 10.0; Win64; x64) AppleWebKit/537.36 (KHTML, like Gecko) Chrome/140.0.0.0 Safari/537.36','SUCCESS','Login successful','2025-09-14 09:08:42',NULL),(115,1,'genz.tumbaga@gmail.com','::1','Mozilla/5.0 (Windows NT 10.0; Win64; x64) AppleWebKit/537.36 (KHTML, like Gecko) Chrome/140.0.0.0 Safari/537.36','SUCCESS','User logged out','2025-09-14 09:09:09',NULL),(116,4,'faculty@gmail.com','::1','Mozilla/5.0 (Windows NT 10.0; Win64; x64) AppleWebKit/537.36 (KHTML, like Gecko) Chrome/140.0.0.0 Safari/537.36','SUCCESS','Login successful','2025-09-14 09:09:15',NULL),(117,4,'faculty@gmail.com','::1','Mozilla/5.0 (Windows NT 10.0; Win64; x64) AppleWebKit/537.36 (KHTML, like Gecko) Chrome/140.0.0.0 Safari/537.36','SUCCESS','Login successful','2025-09-14 09:28:11',NULL),(118,4,'faculty@gmail.com','::1','Mozilla/5.0 (Windows NT 10.0; Win64; x64) AppleWebKit/537.36 (KHTML, like Gecko) Chrome/140.0.0.0 Safari/537.36','SUCCESS','Session expired due to inactivity','2025-09-14 10:49:19',NULL),(119,4,'faculty@gmail.com','::1','Mozilla/5.0 (Windows NT 10.0; Win64; x64) AppleWebKit/537.36 (KHTML, like Gecko) Chrome/140.0.0.0 Safari/537.36','SUCCESS','Login successful','2025-09-14 10:49:29',NULL),(120,4,'faculty@gmail.com','::1','Mozilla/5.0 (Windows NT 10.0; Win64; x64) AppleWebKit/537.36 (KHTML, like Gecko) Chrome/140.0.0.0 Safari/537.36','SUCCESS','User logged out','2025-09-14 11:53:07',NULL),(121,2,'dean@gmail.com','::1','Mozilla/5.0 (Windows NT 10.0; Win64; x64) AppleWebKit/537.36 (KHTML, like Gecko) Chrome/140.0.0.0 Safari/537.36','SUCCESS','Login successful','2025-09-14 11:53:17',NULL),(122,2,'dean@gmail.com','::1','Mozilla/5.0 (Windows NT 10.0; Win64; x64) AppleWebKit/537.36 (KHTML, like Gecko) Chrome/140.0.0.0 Safari/537.36','SUCCESS','Session expired due to inactivity','2025-09-14 13:03:04',NULL),(123,2,'dean@gmail.com','::1','Mozilla/5.0 (Windows NT 10.0; Win64; x64) AppleWebKit/537.36 (KHTML, like Gecko) Chrome/140.0.0.0 Safari/537.36','SUCCESS','Login successful','2025-09-14 13:03:12',NULL),(124,2,'dean@gmail.com','::1','Mozilla/5.0 (Windows NT 10.0; Win64; x64) AppleWebKit/537.36 (KHTML, like Gecko) Chrome/140.0.0.0 Safari/537.36','SUCCESS','User logged out','2025-09-14 14:35:58',NULL),(125,4,'faculty@gmail.com','::1','Mozilla/5.0 (Windows NT 10.0; Win64; x64) AppleWebKit/537.36 (KHTML, like Gecko) Chrome/140.0.0.0 Safari/537.36','SUCCESS','Login successful','2025-09-14 14:36:04',NULL),(126,4,'faculty@gmail.com','::1','Mozilla/5.0 (Windows NT 10.0; Win64; x64) AppleWebKit/537.36 (KHTML, like Gecko) Chrome/140.0.0.0 Safari/537.36','SUCCESS','User logged out','2025-09-14 14:48:49',NULL),(127,2,'dean@gmail.com','::1','Mozilla/5.0 (Windows NT 10.0; Win64; x64) AppleWebKit/537.36 (KHTML, like Gecko) Chrome/140.0.0.0 Safari/537.36','SUCCESS','Login successful','2025-09-14 14:48:57',NULL),(128,2,'dean@gmail.com','::1','Mozilla/5.0 (Windows NT 10.0; Win64; x64) AppleWebKit/537.36 (KHTML, like Gecko) Chrome/140.0.0.0 Safari/537.36','SUCCESS','User logged out','2025-09-14 14:49:10',NULL),(129,4,'faculty@gmail.com','::1','Mozilla/5.0 (Windows NT 10.0; Win64; x64) AppleWebKit/537.36 (KHTML, like Gecko) Chrome/140.0.0.0 Safari/537.36','SUCCESS','Login successful','2025-09-14 14:49:17',NULL),(130,4,'faculty@gmail.com','::1','Mozilla/5.0 (Windows NT 10.0; Win64; x64) AppleWebKit/537.36 (KHTML, like Gecko) Chrome/140.0.0.0 Safari/537.36','SUCCESS','User logged out','2025-09-14 14:52:57',NULL),(131,2,'dean@gmail.com','::1','Mozilla/5.0 (Windows NT 10.0; Win64; x64) AppleWebKit/537.36 (KHTML, like Gecko) Chrome/140.0.0.0 Safari/537.36','SUCCESS','Login successful','2025-09-14 14:53:08',NULL),(132,2,'Unknown','::1','Mozilla/5.0 (Windows NT 10.0; Win64; x64) AppleWebKit/537.36 (KHTML, like Gecko) Chrome/140.0.0.0 Safari/537.36','SUCCESS',NULL,'2025-09-14 14:53:13',NULL),(133,2,'Unknown','::1','Mozilla/5.0 (Windows NT 10.0; Win64; x64) AppleWebKit/537.36 (KHTML, like Gecko) Chrome/140.0.0.0 Safari/537.36','SUCCESS',NULL,'2025-09-14 14:53:17',NULL),(134,2,'dean@gmail.com','::1','Mozilla/5.0 (Windows NT 10.0; Win64; x64) AppleWebKit/537.36 (KHTML, like Gecko) Chrome/140.0.0.0 Safari/537.36','SUCCESS',NULL,'2025-09-14 14:55:59',NULL),(135,2,'dean@gmail.com','::1','Mozilla/5.0 (Windows NT 10.0; Win64; x64) AppleWebKit/537.36 (KHTML, like Gecko) Chrome/140.0.0.0 Safari/537.36','SUCCESS','Changed status from For Verification to Verified','2025-09-14 15:03:14',NULL),(136,2,'dean@gmail.com','::1','Mozilla/5.0 (Windows NT 10.0; Win64; x64) AppleWebKit/537.36 (KHTML, like Gecko) Chrome/140.0.0.0 Safari/537.36','SUCCESS','Changed status from Upload Another MOV to Verifiedof Employee ID 12','2025-09-14 15:04:48',NULL),(137,1,'genz.tumbaga@gmail.com','::1','Mozilla/5.0 (Windows NT 10.0; Win64; x64) AppleWebKit/537.36 (KHTML, like Gecko) Chrome/140.0.0.0 Safari/537.36','SUCCESS','Login successful','2025-09-22 07:33:29',NULL),(138,1,'genz.tumbaga@gmail.com','::1','Mozilla/5.0 (Windows NT 10.0; Win64; x64) AppleWebKit/537.36 (KHTML, like Gecko) Chrome/140.0.0.0 Safari/537.36','SUCCESS','Session expired due to inactivity','2025-09-22 08:22:12',NULL),(139,1,'genz.tumbaga@gmail.com','::1','Mozilla/5.0 (Windows NT 10.0; Win64; x64) AppleWebKit/537.36 (KHTML, like Gecko) Chrome/140.0.0.0 Safari/537.36','SUCCESS','Login successful','2025-09-22 08:22:26',NULL),(140,1,'genz.tumbaga@gmail.com','::1','Mozilla/5.0 (Windows NT 10.0; Win64; x64) AppleWebKit/537.36 (KHTML, like Gecko) Chrome/140.0.0.0 Safari/537.36','SUCCESS','Changed status from Verified to For Verificationof Employee ID 12','2025-09-22 08:24:19',NULL),(141,1,'genz.tumbaga@gmail.com','::1','Mozilla/5.0 (Windows NT 10.0; Win64; x64) AppleWebKit/537.36 (KHTML, like Gecko) Chrome/140.0.0.0 Safari/537.36','SUCCESS','Changed status from For Verification to Verifiedof Employee ID 12','2025-09-22 08:24:22',NULL),(142,1,'genz.tumbaga@gmail.com','::1','Mozilla/5.0 (Windows NT 10.0; Win64; x64) AppleWebKit/537.36 (KHTML, like Gecko) Chrome/140.0.0.0 Safari/537.36','SUCCESS','User logged out','2025-09-22 08:25:16',NULL),(143,4,'faculty@gmail.com','::1','Mozilla/5.0 (Windows NT 10.0; Win64; x64) AppleWebKit/537.36 (KHTML, like Gecko) Chrome/140.0.0.0 Safari/537.36','SUCCESS','Login successful','2025-09-22 08:25:21',NULL),(144,4,'faculty@gmail.com','::1','Mozilla/5.0 (Windows NT 10.0; Win64; x64) AppleWebKit/537.36 (KHTML, like Gecko) Chrome/140.0.0.0 Safari/537.36','SUCCESS','User logged out','2025-09-22 08:29:44',NULL),(145,2,'dean@gmail.com','::1','Mozilla/5.0 (Windows NT 10.0; Win64; x64) AppleWebKit/537.36 (KHTML, like Gecko) Chrome/140.0.0.0 Safari/537.36','SUCCESS','Login successful','2025-09-22 08:29:57',NULL),(146,2,'dean@gmail.com','::1','Mozilla/5.0 (Windows NT 10.0; Win64; x64) AppleWebKit/537.36 (KHTML, like Gecko) Chrome/140.0.0.0 Safari/537.36','SUCCESS','Changed status from Verified to Upload Another MOVof Employee ID 12','2025-09-22 08:30:28',NULL),(147,2,'dean@gmail.com','::1','Mozilla/5.0 (Windows NT 10.0; Win64; x64) AppleWebKit/537.36 (KHTML, like Gecko) Chrome/140.0.0.0 Safari/537.36','SUCCESS','User logged out','2025-09-22 08:30:34',NULL),(148,4,'faculty@gmail.com','::1','Mozilla/5.0 (Windows NT 10.0; Win64; x64) AppleWebKit/537.36 (KHTML, like Gecko) Chrome/140.0.0.0 Safari/537.36','SUCCESS','Login successful','2025-09-22 08:30:42',NULL),(149,4,'faculty@gmail.com','::1','Mozilla/5.0 (Windows NT 10.0; Win64; x64) AppleWebKit/537.36 (KHTML, like Gecko) Chrome/140.0.0.0 Safari/537.36','SUCCESS','User logged out','2025-09-22 08:31:30',NULL),(150,2,'dean@gmail.com','::1','Mozilla/5.0 (Windows NT 10.0; Win64; x64) AppleWebKit/537.36 (KHTML, like Gecko) Chrome/140.0.0.0 Safari/537.36','SUCCESS','Login successful','2025-09-22 08:31:42',NULL),(151,2,'dean@gmail.com','::1','Mozilla/5.0 (Windows NT 10.0; Win64; x64) AppleWebKit/537.36 (KHTML, like Gecko) Chrome/140.0.0.0 Safari/537.36','SUCCESS','Changed status from Upload Another MOV to Verifiedof Employee ID 12','2025-09-22 08:31:50',NULL),(152,2,'dean@gmail.com','::1','Mozilla/5.0 (Windows NT 10.0; Win64; x64) AppleWebKit/537.36 (KHTML, like Gecko) Chrome/140.0.0.0 Safari/537.36','SUCCESS','User logged out','2025-09-22 08:31:53',NULL),(153,4,'faculty@gmail.com','::1','Mozilla/5.0 (Windows NT 10.0; Win64; x64) AppleWebKit/537.36 (KHTML, like Gecko) Chrome/140.0.0.0 Safari/537.36','SUCCESS','Login successful','2025-09-22 08:32:00',NULL),(154,2,'dean@gmail.com','::1','Mozilla/5.0 (Windows NT 10.0; Win64; x64) AppleWebKit/537.36 (KHTML, like Gecko) Chrome/140.0.0.0 Safari/537.36 Edg/140.0.0.0','SUCCESS','Login successful','2025-09-22 08:33:29',NULL),(155,2,'dean@gmail.com','::1','Mozilla/5.0 (Windows NT 10.0; Win64; x64) AppleWebKit/537.36 (KHTML, like Gecko) Chrome/140.0.0.0 Safari/537.36 Edg/140.0.0.0','SUCCESS','Changed status from Verified to Upload Another MOVof Employee ID 12','2025-09-22 08:33:40',NULL),(156,4,'faculty@gmail.com','::1','Mozilla/5.0 (Windows NT 10.0; Win64; x64) AppleWebKit/537.36 (KHTML, like Gecko) Chrome/140.0.0.0 Safari/537.36','SUCCESS','User logged out','2025-09-22 09:15:21',NULL),(157,2,'dean@gmail.com','::1','Mozilla/5.0 (Windows NT 10.0; Win64; x64) AppleWebKit/537.36 (KHTML, like Gecko) Chrome/140.0.0.0 Safari/537.36 Edg/140.0.0.0','SUCCESS','Session expired due to inactivity','2025-09-22 09:15:27',NULL),(158,4,'faculty@gmail.com','::1','Mozilla/5.0 (Windows NT 10.0; Win64; x64) AppleWebKit/537.36 (KHTML, like Gecko) Chrome/140.0.0.0 Safari/537.36 Edg/140.0.0.0','SUCCESS','Login successful','2025-09-22 09:15:37',NULL),(159,4,'faculty@gmail.com','::1','Mozilla/5.0 (Windows NT 10.0; Win64; x64) AppleWebKit/537.36 (KHTML, like Gecko) Chrome/140.0.0.0 Safari/537.36 Edg/140.0.0.0','SUCCESS','User logged out','2025-09-22 09:16:43',NULL),(160,4,'faculty@gmail.com','::1','Mozilla/5.0 (Windows NT 10.0; Win64; x64) AppleWebKit/537.36 (KHTML, like Gecko) Chrome/140.0.0.0 Safari/537.36 Edg/140.0.0.0','SUCCESS','Login successful','2025-09-22 09:16:49',NULL),(161,2,'dean@gmail.com','::1','Mozilla/5.0 (Windows NT 10.0; Win64; x64) AppleWebKit/537.36 (KHTML, like Gecko) Chrome/140.0.0.0 Safari/537.36','SUCCESS','Login successful','2025-09-22 09:24:40',NULL),(162,4,'faculty@gmail.com','::1','Mozilla/5.0 (Windows NT 10.0; Win64; x64) AppleWebKit/537.36 (KHTML, like Gecko) Chrome/140.0.0.0 Safari/537.36','SUCCESS','Login successful','2025-09-24 06:45:37',NULL),(163,4,'faculty@gmail.com','::1','Mozilla/5.0 (Windows NT 10.0; Win64; x64) AppleWebKit/537.36 (KHTML, like Gecko) Chrome/140.0.0.0 Safari/537.36','SUCCESS','Deleted file successfuly','2025-09-24 06:49:58',NULL),(164,4,'faculty@gmail.com','::1','Mozilla/5.0 (Windows NT 10.0; Win64; x64) AppleWebKit/537.36 (KHTML, like Gecko) Chrome/140.0.0.0 Safari/537.36','SUCCESS','Deleted file successfuly','2025-09-24 06:51:18',NULL),(165,4,'faculty@gmail.com','::1','Mozilla/5.0 (Windows NT 10.0; Win64; x64) AppleWebKit/537.36 (KHTML, like Gecko) Chrome/140.0.0.0 Safari/537.36','SUCCESS','Deleted file successfuly','2025-09-24 06:53:33',NULL),(166,4,'faculty@gmail.com','::1','Mozilla/5.0 (Windows NT 10.0; Win64; x64) AppleWebKit/537.36 (KHTML, like Gecko) Chrome/140.0.0.0 Safari/537.36','SUCCESS','Deleted file successfuly','2025-09-24 06:53:45',NULL),(167,4,'faculty@gmail.com','::1','Mozilla/5.0 (Windows NT 10.0; Win64; x64) AppleWebKit/537.36 (KHTML, like Gecko) Chrome/140.0.0.0 Safari/537.36','SUCCESS','Deleted file successfuly','2025-09-24 06:54:21',NULL),(168,4,'faculty@gmail.com','::1','Mozilla/5.0 (Windows NT 10.0; Win64; x64) AppleWebKit/537.36 (KHTML, like Gecko) Chrome/140.0.0.0 Safari/537.36','SUCCESS','Deleted file successfuly','2025-09-24 06:58:24',NULL),(169,4,'faculty@gmail.com','::1','Mozilla/5.0 (Windows NT 10.0; Win64; x64) AppleWebKit/537.36 (KHTML, like Gecko) Chrome/140.0.0.0 Safari/537.36','SUCCESS','Deleted file successfuly','2025-09-24 06:59:21',NULL),(170,4,'faculty@gmail.com','::1','Mozilla/5.0 (Windows NT 10.0; Win64; x64) AppleWebKit/537.36 (KHTML, like Gecko) Chrome/140.0.0.0 Safari/537.36','SUCCESS','User logged out','2025-09-24 07:12:15',NULL),(171,2,'dean@gmail.com','::1','Mozilla/5.0 (Windows NT 10.0; Win64; x64) AppleWebKit/537.36 (KHTML, like Gecko) Chrome/140.0.0.0 Safari/537.36','SUCCESS','Login successful','2025-09-24 07:12:21',NULL),(172,2,'dean@gmail.com','::1','Mozilla/5.0 (Windows NT 10.0; Win64; x64) AppleWebKit/537.36 (KHTML, like Gecko) Chrome/140.0.0.0 Safari/537.36','SUCCESS','Changed status from For Verification to Verifiedof Employee ID 19','2025-09-24 07:12:32',NULL),(173,2,'dean@gmail.com','::1','Mozilla/5.0 (Windows NT 10.0; Win64; x64) AppleWebKit/537.36 (KHTML, like Gecko) Chrome/140.0.0.0 Safari/537.36','SUCCESS','User logged out','2025-09-24 07:12:35',NULL),(174,4,'faculty@gmail.com','::1','Mozilla/5.0 (Windows NT 10.0; Win64; x64) AppleWebKit/537.36 (KHTML, like Gecko) Chrome/140.0.0.0 Safari/537.36','SUCCESS','Login successful','2025-09-24 07:12:39',NULL),(175,4,'faculty@gmail.com','::1','Mozilla/5.0 (Windows NT 10.0; Win64; x64) AppleWebKit/537.36 (KHTML, like Gecko) Chrome/140.0.0.0 Safari/537.36','SUCCESS','User logged out','2025-09-24 07:13:26',NULL),(176,2,'dean@gmail.com','::1','Mozilla/5.0 (Windows NT 10.0; Win64; x64) AppleWebKit/537.36 (KHTML, like Gecko) Chrome/140.0.0.0 Safari/537.36','SUCCESS','Login successful','2025-09-24 07:13:40',NULL),(177,2,'dean@gmail.com','::1','Mozilla/5.0 (Windows NT 10.0; Win64; x64) AppleWebKit/537.36 (KHTML, like Gecko) Chrome/140.0.0.0 Safari/537.36','SUCCESS','User logged out','2025-09-24 07:18:23',NULL),(178,4,'faculty@gmail.com','::1','Mozilla/5.0 (Windows NT 10.0; Win64; x64) AppleWebKit/537.36 (KHTML, like Gecko) Chrome/140.0.0.0 Safari/537.36','FAILED','Wrong password','2025-09-24 07:18:28',NULL),(179,1,'genz.tumbaga@gmail.com','::1','Mozilla/5.0 (Windows NT 10.0; Win64; x64) AppleWebKit/537.36 (KHTML, like Gecko) Chrome/140.0.0.0 Safari/537.36','SUCCESS','Login successful','2025-09-24 07:20:44',NULL),(180,1,'genz.tumbaga@gmail.com','::1','Mozilla/5.0 (Windows NT 10.0; Win64; x64) AppleWebKit/537.36 (KHTML, like Gecko) Chrome/140.0.0.0 Safari/537.36','SUCCESS','User logged out','2025-09-24 07:21:18',NULL),(181,NULL,'depthead@gmail.com','::1','Mozilla/5.0 (Windows NT 10.0; Win64; x64) AppleWebKit/537.36 (KHTML, like Gecko) Chrome/140.0.0.0 Safari/537.36','FAILED','Email not found','2025-09-24 07:21:27',NULL),(182,3,'depthead@gmail.com','::1','Mozilla/5.0 (Windows NT 10.0; Win64; x64) AppleWebKit/537.36 (KHTML, like Gecko) Chrome/140.0.0.0 Safari/537.36','SUCCESS','Login successful','2025-09-24 07:21:32',NULL),(183,3,'depthead@gmail.com','::1','Mozilla/5.0 (Windows NT 10.0; Win64; x64) AppleWebKit/537.36 (KHTML, like Gecko) Chrome/140.0.0.0 Safari/537.36','SUCCESS','User logged out','2025-09-24 07:32:09',NULL),(184,4,'faculty@gmail.com','::1','Mozilla/5.0 (Windows NT 10.0; Win64; x64) AppleWebKit/537.36 (KHTML, like Gecko) Chrome/140.0.0.0 Safari/537.36','SUCCESS','Login successful','2025-09-24 07:32:13',NULL),(185,4,'faculty@gmail.com','::1','Mozilla/5.0 (Windows NT 10.0; Win64; x64) AppleWebKit/537.36 (KHTML, like Gecko) Chrome/140.0.0.0 Safari/537.36','SUCCESS','User logged out','2025-09-24 07:37:40',NULL),(186,NULL,'depthead@gmail.com','::1','Mozilla/5.0 (Windows NT 10.0; Win64; x64) AppleWebKit/537.36 (KHTML, like Gecko) Chrome/140.0.0.0 Safari/537.36','FAILED','Email not found','2025-09-24 07:37:47',NULL),(187,3,'depthead@gmail.com','::1','Mozilla/5.0 (Windows NT 10.0; Win64; x64) AppleWebKit/537.36 (KHTML, like Gecko) Chrome/140.0.0.0 Safari/537.36','SUCCESS','Login successful','2025-09-24 07:37:50',NULL),(188,3,'depthead@gmail.com','::1','Mozilla/5.0 (Windows NT 10.0; Win64; x64) AppleWebKit/537.36 (KHTML, like Gecko) Chrome/140.0.0.0 Safari/537.36','SUCCESS','Session expired due to inactivity','2025-09-24 08:27:44',NULL),(189,4,'faculty@gmail.com','::1','Mozilla/5.0 (Windows NT 10.0; Win64; x64) AppleWebKit/537.36 (KHTML, like Gecko) Chrome/141.0.0.0 Safari/537.36 Edg/141.0.0.0','SUCCESS','Login successful','2025-10-24 07:54:46',NULL),(190,3,'g@g.com','::1','Mozilla/5.0 (Windows NT 10.0; Win64; x64) AppleWebKit/537.36 (KHTML, like Gecko) Chrome/141.0.0.0 Safari/537.36 Edg/141.0.0.0','SUCCESS','Login successful','2025-10-24 07:55:19',NULL),(191,3,'g@g.com','::1','Mozilla/5.0 (Windows NT 10.0; Win64; x64) AppleWebKit/537.36 (KHTML, like Gecko) Chrome/141.0.0.0 Safari/537.36 Edg/141.0.0.0','SUCCESS','User logged out','2025-10-24 08:04:12',NULL),(192,3,'g@g.com','::1','Mozilla/5.0 (Windows NT 10.0; Win64; x64) AppleWebKit/537.36 (KHTML, like Gecko) Chrome/141.0.0.0 Safari/537.36 Edg/141.0.0.0','SUCCESS','Login successful','2025-10-24 08:10:07',NULL),(193,3,'g@g.com','::1','Mozilla/5.0 (Windows NT 10.0; Win64; x64) AppleWebKit/537.36 (KHTML, like Gecko) Chrome/141.0.0.0 Safari/537.36 Edg/141.0.0.0','SUCCESS','User logged out','2025-10-24 08:10:24',NULL),(194,3,'g@g.com','::1','Mozilla/5.0 (Windows NT 10.0; Win64; x64) AppleWebKit/537.36 (KHTML, like Gecko) Chrome/141.0.0.0 Safari/537.36 Edg/141.0.0.0','SUCCESS','Login successful','2025-10-24 08:10:29',NULL),(195,3,'g@g.com','::1','Mozilla/5.0 (Windows NT 10.0; Win64; x64) AppleWebKit/537.36 (KHTML, like Gecko) Chrome/141.0.0.0 Safari/537.36 Edg/141.0.0.0','SUCCESS','User logged out','2025-10-24 08:21:18',NULL),(196,NULL,'genz.tumbaga@gmail.com','::1','Mozilla/5.0 (Windows NT 10.0; Win64; x64) AppleWebKit/537.36 (KHTML, like Gecko) Chrome/141.0.0.0 Safari/537.36 Edg/141.0.0.0','FAILED','Email not found','2025-10-24 08:21:35',NULL),(197,1,'genz.tumbaga@gmail.com','::1','Mozilla/5.0 (Windows NT 10.0; Win64; x64) AppleWebKit/537.36 (KHTML, like Gecko) Chrome/141.0.0.0 Safari/537.36 Edg/141.0.0.0','SUCCESS','Login successful','2025-10-24 08:21:38',NULL),(198,4,'faculty@gmail.com','::1','Mozilla/5.0 (Windows NT 10.0; Win64; x64) AppleWebKit/537.36 (KHTML, like Gecko) Chrome/142.0.0.0 Safari/537.36','SUCCESS','Login successful','2025-10-30 12:59:22',NULL),(199,4,'faculty@gmail.com','::1','Mozilla/5.0 (Windows NT 10.0; Win64; x64) AppleWebKit/537.36 (KHTML, like Gecko) Chrome/142.0.0.0 Safari/537.36','SUCCESS','User logged out','2025-10-30 13:03:21',NULL),(200,NULL,'admin@admin.com','::1','Mozilla/5.0 (Windows NT 10.0; Win64; x64) AppleWebKit/537.36 (KHTML, like Gecko) Chrome/142.0.0.0 Safari/537.36','FAILED','Email not found','2025-10-30 13:03:30',NULL),(201,NULL,'admin@admin.com','::1','Mozilla/5.0 (Windows NT 10.0; Win64; x64) AppleWebKit/537.36 (KHTML, like Gecko) Chrome/142.0.0.0 Safari/537.36','FAILED','Email not found','2025-10-30 13:03:36',NULL),(202,NULL,'admin@admin.com','::1','Mozilla/5.0 (Windows NT 10.0; Win64; x64) AppleWebKit/537.36 (KHTML, like Gecko) Chrome/142.0.0.0 Safari/537.36','FAILED','Email not found','2025-10-30 13:03:43',NULL),(203,NULL,'admin@admin.com','::1','Mozilla/5.0 (Windows NT 10.0; Win64; x64) AppleWebKit/537.36 (KHTML, like Gecko) Chrome/142.0.0.0 Safari/537.36','FAILED','Email not found','2025-10-30 13:06:33',NULL),(204,NULL,'admin@admin.com','::1','Mozilla/5.0 (Windows NT 10.0; Win64; x64) AppleWebKit/537.36 (KHTML, like Gecko) Chrome/142.0.0.0 Safari/537.36','FAILED','Email not found','2025-10-30 13:06:40',NULL),(205,1,'genz.tumbaga@gmail.com','::1','Mozilla/5.0 (Windows NT 10.0; Win64; x64) AppleWebKit/537.36 (KHTML, like Gecko) Chrome/142.0.0.0 Safari/537.36','SUCCESS','Login successful','2025-10-30 13:06:54',NULL),(206,4,'faculty@gmail.com','::1','Mozilla/5.0 (Windows NT 10.0; Win64; x64) AppleWebKit/537.36 (KHTML, like Gecko) Chrome/141.0.0.0 Safari/537.36 Edg/141.0.0.0','SUCCESS','Login successful','2025-10-30 13:08:28',NULL),(207,4,'faculty@gmail.com','::1','Mozilla/5.0 (Windows NT 10.0; Win64; x64) AppleWebKit/537.36 (KHTML, like Gecko) Chrome/141.0.0.0 Safari/537.36 Edg/141.0.0.0','SUCCESS','User logged out','2025-10-30 13:20:08',NULL),(208,3,'depthead@gmail.com','::1','Mozilla/5.0 (Windows NT 10.0; Win64; x64) AppleWebKit/537.36 (KHTML, like Gecko) Chrome/141.0.0.0 Safari/537.36 Edg/141.0.0.0','SUCCESS','Login successful','2025-10-30 13:20:27',NULL),(209,3,'depthead@gmail.com','::1','Mozilla/5.0 (Windows NT 10.0; Win64; x64) AppleWebKit/537.36 (KHTML, like Gecko) Chrome/141.0.0.0 Safari/537.36 Edg/141.0.0.0','SUCCESS','User logged out','2025-10-30 13:23:04',NULL),(210,4,'faculty@gmail.com','::1','Mozilla/5.0 (Windows NT 10.0; Win64; x64) AppleWebKit/537.36 (KHTML, like Gecko) Chrome/141.0.0.0 Safari/537.36 Edg/141.0.0.0','SUCCESS','Login successful','2025-10-30 13:23:09',NULL),(211,1,'genz.tumbaga@gmail.com','::1','Mozilla/5.0 (Windows NT 10.0; Win64; x64) AppleWebKit/537.36 (KHTML, like Gecko) Chrome/142.0.0.0 Safari/537.36','SUCCESS','Session expired due to inactivity','2025-10-30 14:28:11',NULL),(212,1,'genz.tumbaga@gmail.com','::1','Mozilla/5.0 (Windows NT 10.0; Win64; x64) AppleWebKit/537.36 (KHTML, like Gecko) Chrome/142.0.0.0 Safari/537.36','SUCCESS','Login successful','2025-10-30 14:28:22',NULL),(213,4,'faculty@gmail.com','::1','Mozilla/5.0 (Windows NT 10.0; Win64; x64) AppleWebKit/537.36 (KHTML, like Gecko) Chrome/141.0.0.0 Safari/537.36 Edg/141.0.0.0','SUCCESS','User logged out','2025-10-30 14:41:08',NULL),(214,1,'genz.tumbaga@gmail.com','::1','Mozilla/5.0 (Windows NT 10.0; Win64; x64) AppleWebKit/537.36 (KHTML, like Gecko) Chrome/142.0.0.0 Safari/537.36','SUCCESS','User logged out','2025-10-30 14:47:34',NULL),(215,6,'nonalyn@gmail.com','::1','Mozilla/5.0 (Windows NT 10.0; Win64; x64) AppleWebKit/537.36 (KHTML, like Gecko) Chrome/141.0.0.0 Safari/537.36 Edg/141.0.0.0','SUCCESS','Login successful','2025-10-30 14:52:15',NULL),(216,6,'nonalyn@gmail.com','::1','Mozilla/5.0 (Windows NT 10.0; Win64; x64) AppleWebKit/537.36 (KHTML, like Gecko) Chrome/141.0.0.0 Safari/537.36 Edg/141.0.0.0','SUCCESS','User logged out','2025-10-30 14:59:47',NULL),(217,1,'admin@gmail.com','::1','Mozilla/5.0 (Windows NT 10.0; Win64; x64) AppleWebKit/537.36 (KHTML, like Gecko) Chrome/141.0.0.0 Safari/537.36 Edg/141.0.0.0','SUCCESS','Login successful','2025-10-30 15:01:50',NULL),(218,1,'admin@gmail.com','::1','Mozilla/5.0 (Windows NT 10.0; Win64; x64) AppleWebKit/537.36 (KHTML, like Gecko) Chrome/141.0.0.0 Safari/537.36 Edg/141.0.0.0','SUCCESS','User logged out','2025-10-30 15:04:34',NULL),(219,6,'nonalyn@gmail.com','::1','Mozilla/5.0 (Windows NT 10.0; Win64; x64) AppleWebKit/537.36 (KHTML, like Gecko) Chrome/141.0.0.0 Safari/537.36 Edg/141.0.0.0','SUCCESS','Login successful','2025-10-30 15:04:43',NULL),(220,6,'nonalyn@gmail.com','::1','Mozilla/5.0 (Windows NT 10.0; Win64; x64) AppleWebKit/537.36 (KHTML, like Gecko) Chrome/141.0.0.0 Safari/537.36 Edg/141.0.0.0','SUCCESS','User logged out','2025-10-30 15:06:19',NULL),(221,1,'admin@gmail.com','::1','Mozilla/5.0 (Windows NT 10.0; Win64; x64) AppleWebKit/537.36 (KHTML, like Gecko) Chrome/141.0.0.0 Safari/537.36 Edg/141.0.0.0','SUCCESS','Login successful','2025-10-30 15:06:27',NULL),(222,1,'admin@gmail.com','::1','Mozilla/5.0 (Windows NT 10.0; Win64; x64) AppleWebKit/537.36 (KHTML, like Gecko) Chrome/141.0.0.0 Safari/537.36 Edg/141.0.0.0','SUCCESS','User logged out','2025-10-30 15:06:39',NULL),(223,1,'admin@gmail.com','::1','Mozilla/5.0 (Windows NT 10.0; Win64; x64) AppleWebKit/537.36 (KHTML, like Gecko) Chrome/141.0.0.0 Safari/537.36 Edg/141.0.0.0','SUCCESS','Login successful','2025-10-30 15:06:44',NULL),(224,1,'admin@gmail.com','::1','Mozilla/5.0 (Windows NT 10.0; Win64; x64) AppleWebKit/537.36 (KHTML, like Gecko) Chrome/141.0.0.0 Safari/537.36 Edg/141.0.0.0','SUCCESS','User logged out','2025-10-30 15:07:38',NULL),(225,3,'depthead@gmail.com','::1','Mozilla/5.0 (Windows NT 10.0; Win64; x64) AppleWebKit/537.36 (KHTML, like Gecko) Chrome/141.0.0.0 Safari/537.36 Edg/141.0.0.0','SUCCESS','Login successful','2025-10-30 15:07:42',NULL),(226,3,'depthead@gmail.com','::1','Mozilla/5.0 (Windows NT 10.0; Win64; x64) AppleWebKit/537.36 (KHTML, like Gecko) Chrome/141.0.0.0 Safari/537.36 Edg/141.0.0.0','SUCCESS','User logged out','2025-10-30 15:08:00',NULL),(227,NULL,'genz.tumbaga@gmail.com','::1','Mozilla/5.0 (Windows NT 10.0; Win64; x64) AppleWebKit/537.36 (KHTML, like Gecko) Chrome/145.0.0.0 Safari/537.36','FAILED','Email not found','2026-03-01 14:01:44',NULL),(228,NULL,'genz.tumbaga@gmail.com','::1','Mozilla/5.0 (Windows NT 10.0; Win64; x64) AppleWebKit/537.36 (KHTML, like Gecko) Chrome/145.0.0.0 Safari/537.36','FAILED','Email not found','2026-03-01 14:01:47',NULL),(229,NULL,'admin@gmail.com','::1','Mozilla/5.0 (Windows NT 10.0; Win64; x64) AppleWebKit/537.36 (KHTML, like Gecko) Chrome/145.0.0.0 Safari/537.36','FAILED','Email not found','2026-03-01 14:03:13',NULL),(230,1,'admin@gmail.com','::1','Mozilla/5.0 (Windows NT 10.0; Win64; x64) AppleWebKit/537.36 (KHTML, like Gecko) Chrome/145.0.0.0 Safari/537.36','SUCCESS','Login successful','2026-03-01 14:03:16',NULL),(231,1,'admin@gmail.com','::1','Mozilla/5.0 (Windows NT 10.0; Win64; x64) AppleWebKit/537.36 (KHTML, like Gecko) Chrome/145.0.0.0 Safari/537.36','SUCCESS','Session expired due to inactivity','2026-03-01 14:23:43',NULL),(232,1,'admin@gmail.com','::1','Mozilla/5.0 (Windows NT 10.0; Win64; x64) AppleWebKit/537.36 (KHTML, like Gecko) Chrome/145.0.0.0 Safari/537.36','SUCCESS','Login successful','2026-03-01 14:23:54',NULL),(233,1,'admin@gmail.com','::1','Mozilla/5.0 (Windows NT 10.0; Win64; x64) AppleWebKit/537.36 (KHTML, like Gecko) Chrome/145.0.0.0 Safari/537.36','SUCCESS','User logged out','2026-03-01 14:32:50',NULL),(234,1,'admin@gmail.com','::1','Mozilla/5.0 (Windows NT 10.0; Win64; x64) AppleWebKit/537.36 (KHTML, like Gecko) Chrome/145.0.0.0 Safari/537.36','SUCCESS','Login successful','2026-03-01 14:33:24',NULL),(235,1,'admin@gmail.com','::1','Mozilla/5.0 (Windows NT 10.0; Win64; x64) AppleWebKit/537.36 (KHTML, like Gecko) Chrome/145.0.0.0 Safari/537.36','SUCCESS','Session expired due to inactivity','2026-03-01 15:05:49',NULL),(236,1,'admin@gmail.com','::1','Mozilla/5.0 (Windows NT 10.0; Win64; x64) AppleWebKit/537.36 (KHTML, like Gecko) Chrome/145.0.0.0 Safari/537.36','SUCCESS','Login successful','2026-03-01 15:06:01',NULL),(237,1,'admin@gmail.com','::1','Mozilla/5.0 (Windows NT 10.0; Win64; x64) AppleWebKit/537.36 (KHTML, like Gecko) Chrome/145.0.0.0 Safari/537.36','SUCCESS','User logged out','2026-03-01 15:40:44',NULL),(238,1,'admin@gmail.com','::1','Mozilla/5.0 (Windows NT 10.0; Win64; x64) AppleWebKit/537.36 (KHTML, like Gecko) Chrome/145.0.0.0 Safari/537.36','FAILED','Wrong password','2026-03-11 02:36:15',NULL),(239,1,'admin@gmail.com','::1','Mozilla/5.0 (Windows NT 10.0; Win64; x64) AppleWebKit/537.36 (KHTML, like Gecko) Chrome/145.0.0.0 Safari/537.36','SUCCESS','Login successful','2026-03-11 02:36:18',NULL),(240,1,'admin@gmail.com','::1','Mozilla/5.0 (Windows NT 10.0; Win64; x64) AppleWebKit/537.36 (KHTML, like Gecko) Chrome/146.0.0.0 Safari/537.36','SUCCESS','Login successful','2026-03-23 03:15:39',NULL),(241,1,'admin@gmail.com','::1','Mozilla/5.0 (Windows NT 10.0; Win64; x64) AppleWebKit/537.36 (KHTML, like Gecko) Chrome/146.0.0.0 Safari/537.36','SUCCESS','User logged out','2026-03-23 03:26:38',NULL),(242,4,'faculty@gmail.com','::1','Mozilla/5.0 (Windows NT 10.0; Win64; x64) AppleWebKit/537.36 (KHTML, like Gecko) Chrome/146.0.0.0 Safari/537.36','SUCCESS','Login successful','2026-03-23 03:26:45',NULL),(243,4,'faculty@gmail.com','::1','Mozilla/5.0 (Windows NT 10.0; Win64; x64) AppleWebKit/537.36 (KHTML, like Gecko) Chrome/146.0.0.0 Safari/537.36','SUCCESS','Session expired due to inactivity','2026-03-23 05:09:04',NULL),(244,4,'faculty@gmail.com','::1','Mozilla/5.0 (Windows NT 10.0; Win64; x64) AppleWebKit/537.36 (KHTML, like Gecko) Chrome/146.0.0.0 Safari/537.36','SUCCESS','Login successful','2026-03-23 05:09:22',NULL),(245,4,'faculty@gmail.com','::1','Mozilla/5.0 (Windows NT 10.0; Win64; x64) AppleWebKit/537.36 (KHTML, like Gecko) Chrome/146.0.0.0 Safari/537.36','SUCCESS','Session expired due to inactivity','2026-03-23 07:33:41',NULL),(246,4,'faculty@gmail.com','::1','Mozilla/5.0 (Windows NT 10.0; Win64; x64) AppleWebKit/537.36 (KHTML, like Gecko) Chrome/146.0.0.0 Safari/537.36','SUCCESS','Login successful','2026-03-23 07:33:48',NULL),(247,23,'mhermoso@debesmscat.edu.ph','192.168.100.124','Mozilla/5.0 (Windows NT 10.0; Win64; x64) AppleWebKit/537.36 (KHTML, like Gecko) Chrome/146.0.0.0 Safari/537.36 Edg/146.0.0.0','SUCCESS','Login successful','2026-03-23 07:48:17',NULL),(248,4,'faculty@gmail.com','::1','Mozilla/5.0 (Windows NT 10.0; Win64; x64) AppleWebKit/537.36 (KHTML, like Gecko) Chrome/146.0.0.0 Safari/537.36','SUCCESS','User logged out','2026-03-23 07:50:55',NULL),(249,1,'admin@gmail.com','::1','Mozilla/5.0 (Windows NT 10.0; Win64; x64) AppleWebKit/537.36 (KHTML, like Gecko) Chrome/146.0.0.0 Safari/537.36','SUCCESS','Login successful','2026-03-23 07:51:16',NULL),(250,1,'admin@gmail.com','::1','Mozilla/5.0 (Windows NT 10.0; Win64; x64) AppleWebKit/537.36 (KHTML, like Gecko) Chrome/146.0.0.0 Safari/537.36','SUCCESS','User logged out','2026-03-23 07:52:24',NULL),(251,NULL,'rbello@gmail.com','::1','Mozilla/5.0 (Windows NT 10.0; Win64; x64) AppleWebKit/537.36 (KHTML, like Gecko) Chrome/146.0.0.0 Safari/537.36','FAILED','Email not found','2026-03-23 07:52:31',NULL),(252,4,'rbello@gmail.com','::1','Mozilla/5.0 (Windows NT 10.0; Win64; x64) AppleWebKit/537.36 (KHTML, like Gecko) Chrome/146.0.0.0 Safari/537.36','SUCCESS','Login successful','2026-03-23 07:52:33',NULL),(253,1,'admin@gmail.com','::1','Mozilla/5.0 (Windows NT 10.0; Win64; x64) AppleWebKit/537.36 (KHTML, like Gecko) Chrome/146.0.0.0 Safari/537.36 Edg/146.0.0.0','SUCCESS','Login successful','2026-03-23 07:53:11',NULL),(254,NULL,'rbello@gmail.com','::1','Mozilla/5.0 (Windows NT 10.0; Win64; x64) AppleWebKit/537.36 (KHTML, like Gecko) Chrome/146.0.0.0 Safari/537.36','FAILED','Email not found','2026-03-23 14:32:50',NULL),(255,4,'rbello@gmail.com','::1','Mozilla/5.0 (Windows NT 10.0; Win64; x64) AppleWebKit/537.36 (KHTML, like Gecko) Chrome/146.0.0.0 Safari/537.36','SUCCESS','Login successful','2026-03-23 14:32:54',NULL),(256,1,'admin@gmail.com','::1','Mozilla/5.0 (Windows NT 10.0; Win64; x64) AppleWebKit/537.36 (KHTML, like Gecko) Chrome/146.0.0.0 Safari/537.36 Edg/146.0.0.0','SUCCESS','Login successful','2026-03-23 14:33:27',NULL),(257,4,'rbello@gmail.com','::1','Mozilla/5.0 (Windows NT 10.0; Win64; x64) AppleWebKit/537.36 (KHTML, like Gecko) Chrome/146.0.0.0 Safari/537.36','SUCCESS','Changed status from \'For Verification\' to \'Verified\' for faculty ID 23 (task ID 6)','2026-03-23 15:20:11',NULL),(258,4,'rbello@gmail.com','::1','Mozilla/5.0 (Windows NT 10.0; Win64; x64) AppleWebKit/537.36 (KHTML, like Gecko) Chrome/146.0.0.0 Safari/537.36','SUCCESS','Changed status from \'Verified\' to \'For Verification\' for faculty ID 23 (task ID 3)','2026-03-23 15:20:17',NULL),(259,1,'admin@gmail.com','::1','Mozilla/5.0 (Windows NT 10.0; Win64; x64) AppleWebKit/537.36 (KHTML, like Gecko) Chrome/146.0.0.0 Safari/537.36 Edg/146.0.0.0','SUCCESS','Session expired due to inactivity','2026-03-23 15:21:29',NULL),(260,1,'admin@gmail.com','::1','Mozilla/5.0 (Windows NT 10.0; Win64; x64) AppleWebKit/537.36 (KHTML, like Gecko) Chrome/146.0.0.0 Safari/537.36 Edg/146.0.0.0','SUCCESS','Login successful','2026-03-23 15:21:43',NULL),(261,26,'cduyag@gmail.com','127.0.0.1','Mozilla/5.0 (Windows NT 10.0; Win64; x64; rv:148.0) Gecko/20100101 Firefox/148.0','SUCCESS','Login successful','2026-03-23 15:22:50',NULL),(262,26,'cduyag@gmail.com','127.0.0.1','Mozilla/5.0 (Windows NT 10.0; Win64; x64; rv:148.0) Gecko/20100101 Firefox/148.0','SUCCESS','Deleted file successfuly','2026-03-23 15:27:28',NULL),(263,26,'cduyag@gmail.com','127.0.0.1','Mozilla/5.0 (Windows NT 10.0; Win64; x64; rv:148.0) Gecko/20100101 Firefox/148.0','SUCCESS','Deleted file successfuly','2026-03-23 15:29:11',NULL),(264,4,'rbello@gmail.com','::1','Mozilla/5.0 (Windows NT 10.0; Win64; x64) AppleWebKit/537.36 (KHTML, like Gecko) Chrome/146.0.0.0 Safari/537.36','SUCCESS','Changed status from \'For Verification\' to \'Verified\' for faculty ID 26 (task ID 3)','2026-03-23 15:30:15',NULL),(265,4,'rbello@gmail.com','::1','Mozilla/5.0 (Windows NT 10.0; Win64; x64) AppleWebKit/537.36 (KHTML, like Gecko) Chrome/146.0.0.0 Safari/537.36','SUCCESS','Changed status from \'For Verification\' to \'For Verification\' for faculty ID 26 (task ID 2)','2026-03-23 15:30:32',NULL),(266,4,'rbello@gmail.com','::1','Mozilla/5.0 (Windows NT 10.0; Win64; x64) AppleWebKit/537.36 (KHTML, like Gecko) Chrome/146.0.0.0 Safari/537.36','SUCCESS','Changed status from \'For Verification\' to \'Verified\' for faculty ID 26 (task ID 2)','2026-03-23 15:30:57',NULL),(267,4,'rbello@gmail.com','::1','Mozilla/5.0 (Windows NT 10.0; Win64; x64) AppleWebKit/537.36 (KHTML, like Gecko) Chrome/146.0.0.0 Safari/537.36','SUCCESS','Changed status from \'For Verification\' to \'Verified\' for faculty ID 26 (task ID 1)','2026-03-23 15:31:39',NULL),(268,4,'rbello@gmail.com','::1','Mozilla/5.0 (Windows NT 10.0; Win64; x64) AppleWebKit/537.36 (KHTML, like Gecko) Chrome/146.0.0.0 Safari/537.36','SUCCESS','Changed status from \'Verified\' to \'For Verification\' for faculty ID 26 (task ID 1)','2026-03-23 15:36:54',NULL),(269,4,'rbello@gmail.com','::1','Mozilla/5.0 (Windows NT 10.0; Win64; x64) AppleWebKit/537.36 (KHTML, like Gecko) Chrome/146.0.0.0 Safari/537.36','SUCCESS','Changed status from \'For Verification\' to \'For Verification\' for faculty ID 26 (task ID 1)','2026-03-23 15:41:26',NULL),(270,4,'rbello@gmail.com','::1','Mozilla/5.0 (Windows NT 10.0; Win64; x64) AppleWebKit/537.36 (KHTML, like Gecko) Chrome/146.0.0.0 Safari/537.36','SUCCESS','User logged out','2026-03-23 15:43:07',NULL),(271,2,'dean@gmail.com','::1','Mozilla/5.0 (Windows NT 10.0; Win64; x64) AppleWebKit/537.36 (KHTML, like Gecko) Chrome/146.0.0.0 Safari/537.36','SUCCESS','Login successful','2026-03-23 15:43:39',NULL),(272,2,'dean@gmail.com','::1','Mozilla/5.0 (Windows NT 10.0; Win64; x64) AppleWebKit/537.36 (KHTML, like Gecko) Chrome/146.0.0.0 Safari/537.36','SUCCESS','User logged out','2026-03-23 15:47:57',NULL),(273,4,'rbello@gmail.com','::1','Mozilla/5.0 (Windows NT 10.0; Win64; x64) AppleWebKit/537.36 (KHTML, like Gecko) Chrome/146.0.0.0 Safari/537.36','SUCCESS','Login successful','2026-03-23 15:48:04',NULL),(274,4,'rbello@gmail.com','::1','Mozilla/5.0 (Windows NT 10.0; Win64; x64) AppleWebKit/537.36 (KHTML, like Gecko) Chrome/146.0.0.0 Safari/537.36','SUCCESS','User logged out','2026-03-23 15:48:10',NULL),(275,2,'dean@gmail.com','::1','Mozilla/5.0 (Windows NT 10.0; Win64; x64) AppleWebKit/537.36 (KHTML, like Gecko) Chrome/146.0.0.0 Safari/537.36','SUCCESS','Login successful','2026-03-23 15:48:16',NULL),(276,2,'dean@gmail.com','::1','Mozilla/5.0 (Windows NT 10.0; Win64; x64) AppleWebKit/537.36 (KHTML, like Gecko) Chrome/146.0.0.0 Safari/537.36','SUCCESS','User logged out','2026-03-23 15:48:46',NULL),(277,1,'rmramiso@debesmscat.edu.ph','::1','Mozilla/5.0 (Windows NT 10.0; Win64; x64) AppleWebKit/537.36 (KHTML, like Gecko) Chrome/146.0.0.0 Safari/537.36','SUCCESS','Login successful','2026-03-23 15:48:54',NULL),(278,NULL,'admin@admin.com','::1','Mozilla/5.0 (Windows NT 10.0; Win64; x64) AppleWebKit/537.36 (KHTML, like Gecko) Chrome/146.0.0.0 Safari/537.36','FAILED','Email not found','2026-03-23 23:45:12',NULL),(279,1,'admin@gmail.com','::1','Mozilla/5.0 (Windows NT 10.0; Win64; x64) AppleWebKit/537.36 (KHTML, like Gecko) Chrome/146.0.0.0 Safari/537.36','SUCCESS','Login successful','2026-03-23 23:45:18',NULL),(280,26,'cduyag@gmail.com','127.0.0.1','Mozilla/5.0 (Windows NT 10.0; Win64; x64; rv:148.0) Gecko/20100101 Firefox/148.0','SUCCESS','Session expired due to inactivity','2026-03-23 23:47:33',NULL),(281,23,'mhermoso@debesmscat.edu.ph','192.168.100.124','Mozilla/5.0 (Windows NT 10.0; Win64; x64) AppleWebKit/537.36 (KHTML, like Gecko) Chrome/146.0.0.0 Safari/537.36 Edg/146.0.0.0','SUCCESS','Login successful','2026-03-23 23:52:03',NULL),(282,23,'mhermoso@debesmscat.edu.ph','192.168.100.124','Mozilla/5.0 (Windows NT 10.0; Win64; x64) AppleWebKit/537.36 (KHTML, like Gecko) Chrome/146.0.0.0 Safari/537.36 Edg/146.0.0.0','SUCCESS','User logged out','2026-03-23 23:52:39',NULL),(283,15,'rbello@gmail.com','192.168.100.124','Mozilla/5.0 (Windows NT 10.0; Win64; x64) AppleWebKit/537.36 (KHTML, like Gecko) Chrome/146.0.0.0 Safari/537.36 Edg/146.0.0.0','SUCCESS','Login successful','2026-03-23 23:52:51',NULL),(284,15,'rbello@gmail.com','192.168.100.124','Mozilla/5.0 (Windows NT 10.0; Win64; x64) AppleWebKit/537.36 (KHTML, like Gecko) Chrome/146.0.0.0 Safari/537.36 Edg/146.0.0.0','SUCCESS','User logged out','2026-03-23 23:52:58',NULL),(285,4,'rbello@gmail.com','192.168.100.124','Mozilla/5.0 (Windows NT 10.0; Win64; x64) AppleWebKit/537.36 (KHTML, like Gecko) Chrome/146.0.0.0 Safari/537.36 Edg/146.0.0.0','SUCCESS','Login successful','2026-03-23 23:53:08',NULL),(286,4,'rbello@gmail.com','192.168.100.124','Mozilla/5.0 (Windows NT 10.0; Win64; x64) AppleWebKit/537.36 (KHTML, like Gecko) Chrome/146.0.0.0 Safari/537.36 Edg/146.0.0.0','SUCCESS','Changed status from \'Verified\' to \'For Verification\' for faculty ID 23 (task ID 6)','2026-03-23 23:54:01',NULL),(287,4,'rbello@gmail.com','192.168.100.124','Mozilla/5.0 (Windows NT 10.0; Win64; x64) AppleWebKit/537.36 (KHTML, like Gecko) Chrome/146.0.0.0 Safari/537.36 Edg/146.0.0.0','SUCCESS','Changed status from \'For Verification\' to \'For Verification\' for faculty ID 23 (task ID 6)','2026-03-23 23:54:15',NULL),(288,4,'rbello@gmail.com','192.168.100.124','Mozilla/5.0 (Windows NT 10.0; Win64; x64) AppleWebKit/537.36 (KHTML, like Gecko) Chrome/146.0.0.0 Safari/537.36 Edg/146.0.0.0','SUCCESS','Changed status from \'For Verification\' to \'Verified\' for faculty ID 23 (task ID 3)','2026-03-23 23:56:09',NULL),(289,4,'rbello@gmail.com','192.168.100.124','Mozilla/5.0 (Windows NT 10.0; Win64; x64) AppleWebKit/537.36 (KHTML, like Gecko) Chrome/146.0.0.0 Safari/537.36 Edg/146.0.0.0','SUCCESS','Changed status from \'For Verification\' to \'Verified\' for faculty ID 23 (task ID 6)','2026-03-23 23:56:42',NULL),(290,4,'rbello@gmail.com','192.168.100.124','Mozilla/5.0 (Windows NT 10.0; Win64; x64) AppleWebKit/537.36 (KHTML, like Gecko) Chrome/146.0.0.0 Safari/537.36 Edg/146.0.0.0','SUCCESS','User logged out','2026-03-23 23:58:14',NULL),(291,23,'mhermoso@debesmscat.edu.ph','192.168.100.124','Mozilla/5.0 (Windows NT 10.0; Win64; x64) AppleWebKit/537.36 (KHTML, like Gecko) Chrome/146.0.0.0 Safari/537.36 Edg/146.0.0.0','SUCCESS','Login successful','2026-03-23 23:58:18',NULL),(292,4,'rbello@gmail.com','192.168.100.124','Mozilla/5.0 (Windows NT 10.0; Win64; x64) AppleWebKit/537.36 (KHTML, like Gecko) Chrome/146.0.0.0 Safari/537.36 Edg/146.0.0.0','SUCCESS','Login successful','2026-03-24 00:06:21',NULL),(293,4,'rbello@gmail.com','192.168.100.124','Mozilla/5.0 (Windows NT 10.0; Win64; x64) AppleWebKit/537.36 (KHTML, like Gecko) Chrome/146.0.0.0 Safari/537.36 Edg/146.0.0.0','SUCCESS','Changed status from \'For Verification\' to \'Verified\' for faculty ID 23 (task ID 1)','2026-03-24 00:07:18',NULL),(294,4,'rbello@gmail.com','192.168.100.124','Mozilla/5.0 (Windows NT 10.0; Win64; x64) AppleWebKit/537.36 (KHTML, like Gecko) Chrome/146.0.0.0 Safari/537.36 Edg/146.0.0.0','SUCCESS','Changed status from \'For Verification\' to \'Verified\' for faculty ID 23 (task ID 24)','2026-03-24 00:07:23',NULL),(295,4,'rbello@gmail.com','192.168.100.124','Mozilla/5.0 (Windows NT 10.0; Win64; x64) AppleWebKit/537.36 (KHTML, like Gecko) Chrome/146.0.0.0 Safari/537.36 Edg/146.0.0.0','SUCCESS','Changed status from \'For Verification\' to \'Verified\' for faculty ID 23 (task ID 23)','2026-03-24 00:07:35',NULL),(296,4,'rbello@gmail.com','192.168.100.124','Mozilla/5.0 (Windows NT 10.0; Win64; x64) AppleWebKit/537.36 (KHTML, like Gecko) Chrome/146.0.0.0 Safari/537.36 Edg/146.0.0.0','SUCCESS','Changed status from \'For Verification\' to \'Verified\' for faculty ID 23 (task ID 2)','2026-03-24 00:08:00',NULL),(297,4,'rbello@gmail.com','192.168.100.124','Mozilla/5.0 (Windows NT 10.0; Win64; x64) AppleWebKit/537.36 (KHTML, like Gecko) Chrome/146.0.0.0 Safari/537.36 Edg/146.0.0.0','SUCCESS','Changed status from \'For Verification\' to \'Verified\' for faculty ID 23 (task ID 22)','2026-03-24 00:08:11',NULL),(298,4,'rbello@gmail.com','192.168.100.124','Mozilla/5.0 (Windows NT 10.0; Win64; x64) AppleWebKit/537.36 (KHTML, like Gecko) Chrome/146.0.0.0 Safari/537.36 Edg/146.0.0.0','SUCCESS','Changed status from \'For Verification\' to \'Verified\' for faculty ID 23 (task ID 7)','2026-03-24 00:08:22',NULL),(299,4,'rbello@gmail.com','192.168.100.124','Mozilla/5.0 (Windows NT 10.0; Win64; x64) AppleWebKit/537.36 (KHTML, like Gecko) Chrome/146.0.0.0 Safari/537.36 Edg/146.0.0.0','SUCCESS','Changed status from \'For Verification\' to \'Verified\' for faculty ID 23 (task ID 5)','2026-03-24 00:08:31',NULL),(300,4,'rbello@gmail.com','192.168.100.124','Mozilla/5.0 (Windows NT 10.0; Win64; x64) AppleWebKit/537.36 (KHTML, like Gecko) Chrome/146.0.0.0 Safari/537.36 Edg/146.0.0.0','SUCCESS','Changed status from \'For Verification\' to \'Verified\' for faculty ID 23 (task ID 4)','2026-03-24 00:08:38',NULL),(301,4,'rbello@gmail.com','192.168.100.124','Mozilla/5.0 (Windows NT 10.0; Win64; x64) AppleWebKit/537.36 (KHTML, like Gecko) Chrome/146.0.0.0 Safari/537.36 Edg/146.0.0.0','SUCCESS','Changed status from \'Verified\' to \'For Verification\' for faculty ID 23 (task ID 2)','2026-03-24 00:27:35',NULL),(302,4,'rbello@gmail.com','192.168.100.124','Mozilla/5.0 (Windows NT 10.0; Win64; x64) AppleWebKit/537.36 (KHTML, like Gecko) Chrome/146.0.0.0 Safari/537.36 Edg/146.0.0.0','SUCCESS','Changed status from \'For Verification\' to \'Verified\' for faculty ID 23 (task ID 2)','2026-03-24 00:31:12',NULL),(303,23,'mhermoso@debesmscat.edu.ph','192.168.100.124','Mozilla/5.0 (Windows NT 10.0; Win64; x64) AppleWebKit/537.36 (KHTML, like Gecko) Chrome/146.0.0.0 Safari/537.36 Edg/146.0.0.0','SUCCESS','Session expired due to inactivity','2026-03-24 00:57:35',NULL),(304,4,'rbello@gmail.com','192.168.100.124','Mozilla/5.0 (Windows NT 10.0; Win64; x64) AppleWebKit/537.36 (KHTML, like Gecko) Chrome/146.0.0.0 Safari/537.36 Edg/146.0.0.0','SUCCESS','Session expired due to inactivity','2026-03-24 01:55:37',NULL),(305,15,'rbello@gmail.com','192.168.100.124','Mozilla/5.0 (Windows NT 10.0; Win64; x64) AppleWebKit/537.36 (KHTML, like Gecko) Chrome/146.0.0.0 Safari/537.36 Edg/146.0.0.0','SUCCESS','Login successful','2026-03-24 01:57:33',NULL),(306,15,'rbello@gmail.com','192.168.100.124','Mozilla/5.0 (Windows NT 10.0; Win64; x64) AppleWebKit/537.36 (KHTML, like Gecko) Chrome/146.0.0.0 Safari/537.36 Edg/146.0.0.0','SUCCESS','User logged out','2026-03-24 01:57:39',NULL),(307,4,'rbello@gmail.com','192.168.100.124','Mozilla/5.0 (Windows NT 10.0; Win64; x64) AppleWebKit/537.36 (KHTML, like Gecko) Chrome/146.0.0.0 Safari/537.36 Edg/146.0.0.0','SUCCESS','Login successful','2026-03-24 01:57:46',NULL),(308,23,'mhermoso@debesmscat.edu.ph','192.168.100.124','Mozilla/5.0 (Windows NT 10.0; Win64; x64) AppleWebKit/537.36 (KHTML, like Gecko) Chrome/146.0.0.0 Safari/537.36 Edg/146.0.0.0','SUCCESS','Login successful','2026-03-24 01:57:59',NULL),(309,26,'cduyag@gmail.com','127.0.0.1','Mozilla/5.0 (Windows NT 10.0; Win64; x64; rv:148.0) Gecko/20100101 Firefox/148.0','SUCCESS','Login successful','2026-03-24 02:02:45',NULL),(310,1,'admin@gmail.com','::1','Mozilla/5.0 (Windows NT 10.0; Win64; x64) AppleWebKit/537.36 (KHTML, like Gecko) Chrome/146.0.0.0 Safari/537.36','SUCCESS','Session expired due to inactivity','2026-03-24 02:03:24',NULL),(311,1,'admin@gmail.com','::1','Mozilla/5.0 (Windows NT 10.0; Win64; x64) AppleWebKit/537.36 (KHTML, like Gecko) Chrome/146.0.0.0 Safari/537.36','SUCCESS','Login successful','2026-03-24 02:03:34',NULL),(312,4,'rbello@gmail.com','::1','Mozilla/5.0 (Windows NT 10.0; Win64; x64) AppleWebKit/537.36 (KHTML, like Gecko) Chrome/146.0.0.0 Safari/537.36 Edg/146.0.0.0','SUCCESS','Login successful','2026-03-24 02:33:06',NULL),(313,4,'rbello@gmail.com','::1','Mozilla/5.0 (Windows NT 10.0; Win64; x64) AppleWebKit/537.36 (KHTML, like Gecko) Chrome/146.0.0.0 Safari/537.36 Edg/146.0.0.0','SUCCESS','Session expired due to inactivity','2026-03-24 02:33:06',NULL),(314,4,'rbello@gmail.com','::1','Mozilla/5.0 (Windows NT 10.0; Win64; x64) AppleWebKit/537.36 (KHTML, like Gecko) Chrome/146.0.0.0 Safari/537.36 Edg/146.0.0.0','SUCCESS','Login successful','2026-03-24 02:33:14',NULL),(315,4,'rbello@gmail.com','::1','Mozilla/5.0 (Windows NT 10.0; Win64; x64) AppleWebKit/537.36 (KHTML, like Gecko) Chrome/146.0.0.0 Safari/537.36 Edg/146.0.0.0','SUCCESS','Changed status from \'For Verification\' to \'Verified\' for faculty ID 26 (task ID 1)','2026-03-24 02:33:33',NULL),(316,4,'rbello@gmail.com','::1','Mozilla/5.0 (Windows NT 10.0; Win64; x64) AppleWebKit/537.36 (KHTML, like Gecko) Chrome/146.0.0.0 Safari/537.36 Edg/146.0.0.0','SUCCESS','Changed status from \'Verified\' to \'For Verification\' for faculty ID 26 (task ID 1)','2026-03-24 02:33:57',NULL),(317,4,'rbello@gmail.com','::1','Mozilla/5.0 (Windows NT 10.0; Win64; x64) AppleWebKit/537.36 (KHTML, like Gecko) Chrome/146.0.0.0 Safari/537.36 Edg/146.0.0.0','SUCCESS','Changed status from \'For Verification\' to \'Verified\' for faculty ID 26 (task ID 1)','2026-03-24 02:34:19',NULL),(318,4,'rbello@gmail.com','::1','Mozilla/5.0 (Windows NT 10.0; Win64; x64) AppleWebKit/537.36 (KHTML, like Gecko) Chrome/146.0.0.0 Safari/537.36 Edg/146.0.0.0','SUCCESS','Changed status from \'Verified\' to \'For Verification\' for faculty ID 26 (task ID 1)','2026-03-24 02:37:37',NULL),(319,4,'rbello@gmail.com','::1','Mozilla/5.0 (Windows NT 10.0; Win64; x64) AppleWebKit/537.36 (KHTML, like Gecko) Chrome/146.0.0.0 Safari/537.36 Edg/146.0.0.0','SUCCESS','Changed status from \'For Verification\' to \'Verified\' for faculty ID 26 (task ID 1)','2026-03-24 02:37:42',NULL),(320,4,'rbello@gmail.com','::1','Mozilla/5.0 (Windows NT 10.0; Win64; x64) AppleWebKit/537.36 (KHTML, like Gecko) Chrome/146.0.0.0 Safari/537.36 Edg/146.0.0.0','SUCCESS','Changed status from \'Verified\' to \'For Verification\' for faculty ID 26 (task ID 2)','2026-03-24 02:38:51',NULL),(321,4,'rbello@gmail.com','::1','Mozilla/5.0 (Windows NT 10.0; Win64; x64) AppleWebKit/537.36 (KHTML, like Gecko) Chrome/146.0.0.0 Safari/537.36 Edg/146.0.0.0','SUCCESS','Changed status from \'For Verification\' to \'Verified\' for faculty ID 26 (task ID 2)','2026-03-24 02:39:29',NULL),(322,4,'rbello@gmail.com','::1','Mozilla/5.0 (Windows NT 10.0; Win64; x64) AppleWebKit/537.36 (KHTML, like Gecko) Chrome/146.0.0.0 Safari/537.36 Edg/146.0.0.0','SUCCESS','Changed status from \'Verified\' to \'For Verification\' for faculty ID 26 (task ID 2)','2026-03-24 02:40:34',NULL),(323,4,'rbello@gmail.com','::1','Mozilla/5.0 (Windows NT 10.0; Win64; x64) AppleWebKit/537.36 (KHTML, like Gecko) Chrome/146.0.0.0 Safari/537.36 Edg/146.0.0.0','SUCCESS','Changed status from \'Verified\' to \'Verified\' for faculty ID 26 (task ID 1)','2026-03-24 02:42:20',NULL),(324,4,'rbello@gmail.com','::1','Mozilla/5.0 (Windows NT 10.0; Win64; x64) AppleWebKit/537.36 (KHTML, like Gecko) Chrome/146.0.0.0 Safari/537.36 Edg/146.0.0.0','SUCCESS','Changed status from \'Verified\' to \'For Verification\' for faculty ID 26 (task ID 1)','2026-03-24 02:42:25',NULL),(325,4,'rbello@gmail.com','::1','Mozilla/5.0 (Windows NT 10.0; Win64; x64) AppleWebKit/537.36 (KHTML, like Gecko) Chrome/146.0.0.0 Safari/537.36 Edg/146.0.0.0','SUCCESS','Changed status from \'For Verification\' to \'Verified\' for faculty ID 26 (task ID 1)','2026-03-24 02:42:30',NULL),(326,4,'rbello@gmail.com','::1','Mozilla/5.0 (Windows NT 10.0; Win64; x64) AppleWebKit/537.36 (KHTML, like Gecko) Chrome/146.0.0.0 Safari/537.36 Edg/146.0.0.0','SUCCESS','Changed status from \'For Verification\' to \'Verified\' for faculty ID 26 (task ID 2)','2026-03-24 02:43:46',NULL),(327,4,'rbello@gmail.com','::1','Mozilla/5.0 (Windows NT 10.0; Win64; x64) AppleWebKit/537.36 (KHTML, like Gecko) Chrome/146.0.0.0 Safari/537.36 Edg/146.0.0.0','SUCCESS','Changed status from \'Verified\' to \'For Verification\' for faculty ID 23 (task ID 24)','2026-03-24 02:52:24',NULL),(328,4,'rbello@gmail.com','::1','Mozilla/5.0 (Windows NT 10.0; Win64; x64) AppleWebKit/537.36 (KHTML, like Gecko) Chrome/146.0.0.0 Safari/537.36 Edg/146.0.0.0','SUCCESS','User logged out','2026-03-24 02:52:37',NULL),(329,1,'rmramiso@debesmscat.edu.ph','::1','Mozilla/5.0 (Windows NT 10.0; Win64; x64) AppleWebKit/537.36 (KHTML, like Gecko) Chrome/146.0.0.0 Safari/537.36 Edg/146.0.0.0','SUCCESS','Login successful','2026-03-24 02:53:19',NULL),(330,26,'cduyag@gmail.com','127.0.0.1','Mozilla/5.0 (Windows NT 10.0; Win64; x64; rv:148.0) Gecko/20100101 Firefox/148.0','SUCCESS','Session expired due to inactivity','2026-03-24 03:13:28',NULL),(331,4,'rbello@gmail.com','127.0.0.1','Mozilla/5.0 (Windows NT 10.0; Win64; x64; rv:148.0) Gecko/20100101 Firefox/148.0','SUCCESS','Login successful','2026-03-24 03:13:40',NULL),(332,1,'admin@gmail.com','::1','Mozilla/5.0 (Windows NT 10.0; Win64; x64) AppleWebKit/537.36 (KHTML, like Gecko) Chrome/146.0.0.0 Safari/537.36','SUCCESS','Session expired due to inactivity','2026-03-24 03:24:19',NULL),(333,1,'admin@gmail.com','::1','Mozilla/5.0 (Windows NT 10.0; Win64; x64) AppleWebKit/537.36 (KHTML, like Gecko) Chrome/146.0.0.0 Safari/537.36','SUCCESS','Login successful','2026-03-24 03:24:29',NULL),(334,1,'admin@gmail.com','::1','Mozilla/5.0 (Windows NT 10.0; Win64; x64) AppleWebKit/537.36 (KHTML, like Gecko) Chrome/146.0.0.0 Safari/537.36','SUCCESS','User logged out','2026-03-24 03:25:50',NULL),(335,26,'cduyag@gmail.com','::1','Mozilla/5.0 (Windows NT 10.0; Win64; x64) AppleWebKit/537.36 (KHTML, like Gecko) Chrome/146.0.0.0 Safari/537.36','SUCCESS','Login successful','2026-03-24 03:26:08',NULL),(336,4,'rbello@gmail.com','127.0.0.1','Mozilla/5.0 (Windows NT 10.0; Win64; x64; rv:148.0) Gecko/20100101 Firefox/148.0','SUCCESS','Session expired due to inactivity','2026-03-24 03:31:03',NULL),(337,1,'admin@gmail.com','::1','Mozilla/5.0 (Windows NT 10.0; Win64; x64) AppleWebKit/537.36 (KHTML, like Gecko) Chrome/146.0.0.0 Safari/537.36','SUCCESS','Login successful','2026-03-24 03:49:47',NULL),(338,23,'mhermoso@debesmscat.edu.ph','172.168.10.45','Mozilla/5.0 (Windows NT 10.0; Win64; x64) AppleWebKit/537.36 (KHTML, like Gecko) Chrome/146.0.0.0 Safari/537.36 Edg/146.0.0.0','SUCCESS','Login successful','2026-03-24 03:54:24',NULL),(339,26,'cduyag@gmail.com','127.0.0.1','Mozilla/5.0 (Windows NT 10.0; Win64; x64; rv:148.0) Gecko/20100101 Firefox/148.0','SUCCESS','Login successful','2026-03-24 03:54:28',NULL),(340,26,'cduyag@gmail.com','127.0.0.1','Mozilla/5.0 (Windows NT 10.0; Win64; x64; rv:148.0) Gecko/20100101 Firefox/148.0','SUCCESS','User logged out','2026-03-24 04:02:15',NULL),(341,4,'rbello@gmail.com','127.0.0.1','Mozilla/5.0 (Windows NT 10.0; Win64; x64; rv:148.0) Gecko/20100101 Firefox/148.0','SUCCESS','Login successful','2026-03-24 04:02:27',NULL),(342,4,'rbello@gmail.com','127.0.0.1','Mozilla/5.0 (Windows NT 10.0; Win64; x64; rv:148.0) Gecko/20100101 Firefox/148.0','SUCCESS','User logged out','2026-03-24 04:18:17',NULL),(343,15,'rbello@gmail.com','127.0.0.1','Mozilla/5.0 (Windows NT 10.0; Win64; x64; rv:148.0) Gecko/20100101 Firefox/148.0','SUCCESS','Login successful','2026-03-24 04:18:26',NULL),(344,23,'mhermoso@debesmscat.edu.ph','172.168.10.45','Mozilla/5.0 (Windows NT 10.0; Win64; x64) AppleWebKit/537.36 (KHTML, like Gecko) Chrome/146.0.0.0 Safari/537.36 Edg/146.0.0.0','SUCCESS','Session expired due to inactivity','2026-03-24 04:18:52',NULL),(345,23,'mhermoso@debesmscat.edu.ph','172.168.10.45','Mozilla/5.0 (Windows NT 10.0; Win64; x64) AppleWebKit/537.36 (KHTML, like Gecko) Chrome/146.0.0.0 Safari/537.36 Edg/146.0.0.0','SUCCESS','Login successful','2026-03-24 04:18:55',NULL),(346,4,'rbello@gmail.com','172.168.10.45','Mozilla/5.0 (Windows NT 10.0; Win64; x64) AppleWebKit/537.36 (KHTML, like Gecko) Chrome/146.0.0.0 Safari/537.36 Edg/146.0.0.0','SUCCESS','Login successful','2026-03-24 04:20:11',NULL),(347,4,'rbello@gmail.com','172.168.10.45','Mozilla/5.0 (Windows NT 10.0; Win64; x64) AppleWebKit/537.36 (KHTML, like Gecko) Chrome/146.0.0.0 Safari/537.36 Edg/146.0.0.0','SUCCESS','Changed status from \'For Verification\' to \'Verified\' for faculty ID 23 (task ID 24)','2026-03-24 04:20:42',NULL),(348,1,'admin@gmail.com','::1','Mozilla/5.0 (Windows NT 10.0; Win64; x64) AppleWebKit/537.36 (KHTML, like Gecko) Chrome/146.0.0.0 Safari/537.36','SUCCESS','User logged out','2026-03-24 04:20:55',NULL),(349,1,'admin@gmail.com','::1','Mozilla/5.0 (Windows NT 10.0; Win64; x64) AppleWebKit/537.36 (KHTML, like Gecko) Chrome/146.0.0.0 Safari/537.36','SUCCESS','Login successful','2026-03-24 04:21:05',NULL),(350,15,'rbello@gmail.com','127.0.0.1','Mozilla/5.0 (Windows NT 10.0; Win64; x64; rv:148.0) Gecko/20100101 Firefox/148.0','SUCCESS','User logged out','2026-03-24 04:22:21',NULL),(351,4,'rbello@gmail.com','127.0.0.1','Mozilla/5.0 (Windows NT 10.0; Win64; x64; rv:148.0) Gecko/20100101 Firefox/148.0','SUCCESS','Login successful','2026-03-24 04:22:36',NULL),(352,1,'rmramiso@debesmscat.edu.ph','::1','Mozilla/5.0 (Windows NT 10.0; Win64; x64) AppleWebKit/537.36 (KHTML, like Gecko) Chrome/146.0.0.0 Safari/537.36 Edg/146.0.0.0','SUCCESS','Changed status from \'For Verification\' to \'Verified\' for faculty ID 15 (task ID 1)','2026-03-24 04:24:22',NULL),(353,4,'rbello@gmail.com','127.0.0.1','Mozilla/5.0 (Windows NT 10.0; Win64; x64; rv:148.0) Gecko/20100101 Firefox/148.0','SUCCESS','Session expired due to inactivity','2026-03-24 04:39:35',NULL),(354,1,'rmramiso@debesmscat.edu.ph','::1','Mozilla/5.0 (Windows NT 10.0; Win64; x64) AppleWebKit/537.36 (KHTML, like Gecko) Chrome/146.0.0.0 Safari/537.36 Edg/146.0.0.0','SUCCESS','Session expired due to inactivity','2026-03-24 04:39:39',NULL),(355,4,'rbello@gmail.com','::1','Mozilla/5.0 (Windows NT 10.0; Win64; x64) AppleWebKit/537.36 (KHTML, like Gecko) Chrome/146.0.0.0 Safari/537.36 Edg/146.0.0.0','SUCCESS','Login successful','2026-03-24 04:39:48',NULL),(356,1,'rmramiso@debesmscat.edu.ph','127.0.0.1','Mozilla/5.0 (Windows NT 10.0; Win64; x64; rv:148.0) Gecko/20100101 Firefox/148.0','SUCCESS','Login successful','2026-03-24 04:40:20',NULL),(357,1,'admin@gmail.com','::1','Mozilla/5.0 (Windows NT 10.0; Win64; x64) AppleWebKit/537.36 (KHTML, like Gecko) Chrome/146.0.0.0 Safari/537.36','SUCCESS','Session expired due to inactivity','2026-03-24 06:20:26',NULL),(358,1,'admin@gmail.com','::1','Mozilla/5.0 (Windows NT 10.0; Win64; x64) AppleWebKit/537.36 (KHTML, like Gecko) Chrome/146.0.0.0 Safari/537.36','SUCCESS','Login successful','2026-03-25 02:09:56',NULL),(359,1,'admin@gmail.com','::1','Mozilla/5.0 (Windows NT 10.0; Win64; x64) AppleWebKit/537.36 (KHTML, like Gecko) Chrome/146.0.0.0 Safari/537.36','SUCCESS','Changed status from \'For Verification\' to \'Verified\' for faculty ID 2 (task ID 6)','2026-03-25 02:12:33',NULL),(360,26,'cduyag@gmail.com','::1','Mozilla/5.0 (Windows NT 10.0; Win64; x64) AppleWebKit/537.36 (KHTML, like Gecko) Chrome/146.0.0.0 Safari/537.36 Edg/146.0.0.0','SUCCESS','Login successful','2026-03-25 02:13:52',NULL),(361,26,'cduyag@gmail.com','::1','Mozilla/5.0 (Windows NT 10.0; Win64; x64) AppleWebKit/537.36 (KHTML, like Gecko) Chrome/146.0.0.0 Safari/537.36','SUCCESS','Login successful','2026-03-30 02:34:02',NULL),(362,1,'admin@gmail.com','127.0.0.1','CLI','SUCCESS','Login successful','2026-03-30 02:34:08',NULL),(363,1,'admin@gmail.com','127.0.0.1','Unknown','SUCCESS','Login successful','2026-03-30 02:34:23',NULL),(364,26,'cduyag@gmail.com','::1','Mozilla/5.0 (Windows NT 10.0; Win64; x64) AppleWebKit/537.36 (KHTML, like Gecko) Chrome/146.0.0.0 Safari/537.36','SUCCESS','User logged out','2026-03-30 02:34:39',NULL),(365,1,'admin@gmail.com','::1','Mozilla/5.0 (Windows NT 10.0; Win64; x64) AppleWebKit/537.36 (KHTML, like Gecko) Chrome/146.0.0.0 Safari/537.36','SUCCESS','Login successful','2026-03-30 02:34:50',NULL),(366,1,'admin@gmail.com','::1','Mozilla/5.0 (Windows NT 10.0; Win64; x64) AppleWebKit/537.36 (KHTML, like Gecko) Chrome/146.0.0.0 Safari/537.36','SUCCESS','User logged out','2026-03-30 02:45:16',NULL),(367,26,'cduyag@gmail.com','::1','Mozilla/5.0 (Windows NT 10.0; Win64; x64) AppleWebKit/537.36 (KHTML, like Gecko) Chrome/146.0.0.0 Safari/537.36','SUCCESS','Login successful','2026-03-30 02:45:23',NULL),(368,26,'cduyag@gmail.com','::1','Mozilla/5.0 (Windows NT 10.0; Win64; x64) AppleWebKit/537.36 (KHTML, like Gecko) Chrome/146.0.0.0 Safari/537.36 Edg/146.0.0.0','SUCCESS','Session expired due to inactivity','2026-03-30 02:49:45',NULL),(369,1,'admin@gmail.com','::1','Mozilla/5.0 (Windows NT 10.0; Win64; x64) AppleWebKit/537.36 (KHTML, like Gecko) Chrome/146.0.0.0 Safari/537.36 Edg/146.0.0.0','SUCCESS','Login successful','2026-03-30 02:50:01',NULL),(370,1,'admin@gmail.com','::1','Mozilla/5.0 (Windows NT 10.0; Win64; x64) AppleWebKit/537.36 (KHTML, like Gecko) Chrome/146.0.0.0 Safari/537.36 Edg/146.0.0.0','SUCCESS','Session expired due to inactivity','2026-03-30 04:34:01',NULL),(371,NULL,'admin@gmail.com','::1','Mozilla/5.0 (Windows NT 10.0; Win64; x64) AppleWebKit/537.36 (KHTML, like Gecko) Chrome/146.0.0.0 Safari/537.36 Edg/146.0.0.0','FAILED','Email not found','2026-03-30 05:40:58',NULL),(372,1,'admin@gmail.com','::1','Mozilla/5.0 (Windows NT 10.0; Win64; x64) AppleWebKit/537.36 (KHTML, like Gecko) Chrome/146.0.0.0 Safari/537.36 Edg/146.0.0.0','SUCCESS','Login successful','2026-03-30 05:41:00',NULL),(373,26,'cduyag@gmail.com','::1','Mozilla/5.0 (Windows NT 10.0; Win64; x64) AppleWebKit/537.36 (KHTML, like Gecko) Chrome/146.0.0.0 Safari/537.36','SUCCESS','Session expired due to inactivity','2026-03-30 06:03:37',NULL),(374,26,'cduyag@gmail.com','::1','Mozilla/5.0 (Windows NT 10.0; Win64; x64) AppleWebKit/537.36 (KHTML, like Gecko) Chrome/146.0.0.0 Safari/537.36','SUCCESS','Login successful','2026-03-30 06:03:46',NULL),(375,26,'cduyag@gmail.com','::1','Mozilla/5.0 (Windows NT 10.0; Win64; x64) AppleWebKit/537.36 (KHTML, like Gecko) Chrome/146.0.0.0 Safari/537.36','SUCCESS','Session expired due to inactivity','2026-03-30 06:20:54',NULL),(376,1,'admin@gmail.com','::1','Mozilla/5.0 (Windows NT 10.0; Win64; x64) AppleWebKit/537.36 (KHTML, like Gecko) Chrome/146.0.0.0 Safari/537.36 Edg/146.0.0.0','SUCCESS','Session expired due to inactivity','2026-03-30 08:03:40',NULL),(377,1,'admin@gmail.com','::1','Mozilla/5.0 (Windows NT 10.0; Win64; x64) AppleWebKit/537.36 (KHTML, like Gecko) Chrome/146.0.0.0 Safari/537.36 Edg/146.0.0.0','SUCCESS','Login successful','2026-03-30 08:03:48',NULL),(378,26,'cduyag@gmail.com','::1','Mozilla/5.0 (Windows NT 10.0; Win64; x64) AppleWebKit/537.36 (KHTML, like Gecko) Chrome/146.0.0.0 Safari/537.36','SUCCESS','Login successful','2026-03-30 08:10:32',NULL),(379,26,'cduyag@gmail.com','::1','Mozilla/5.0 (Windows NT 10.0; Win64; x64) AppleWebKit/537.36 (KHTML, like Gecko) Chrome/146.0.0.0 Safari/537.36','SUCCESS','Login successful','2026-03-30 08:26:32',NULL),(380,26,'cduyag@gmail.com','::1','Mozilla/5.0 (Windows NT 10.0; Win64; x64) AppleWebKit/537.36 (KHTML, like Gecko) Chrome/146.0.0.0 Safari/537.36','SUCCESS','Session expired due to inactivity','2026-03-30 09:00:51',NULL),(381,26,'cduyag@gmail.com','::1','Mozilla/5.0 (Windows NT 10.0; Win64; x64) AppleWebKit/537.36 (KHTML, like Gecko) Chrome/146.0.0.0 Safari/537.36','SUCCESS','Login successful','2026-03-30 09:01:00',NULL),(382,26,'cduyag@gmail.com','::1','Mozilla/5.0 (Windows NT 10.0; Win64; x64) AppleWebKit/537.36 (KHTML, like Gecko) Chrome/146.0.0.0 Safari/537.36 Edg/146.0.0.0','SUCCESS','Login successful','2026-03-30 11:56:14',NULL),(383,1,'admin@gmail.com','::1','Mozilla/5.0 (Windows NT 10.0; Win64; x64) AppleWebKit/537.36 (KHTML, like Gecko) Chrome/146.0.0.0 Safari/537.36','SUCCESS','Login successful','2026-03-30 12:02:27',NULL),(384,26,'cduyag@gmail.com','::1','Mozilla/5.0 (Windows NT 10.0; Win64; x64) AppleWebKit/537.36 (KHTML, like Gecko) Chrome/146.0.0.0 Safari/537.36 Edg/146.0.0.0','SUCCESS','User logged out','2026-03-30 12:03:26',NULL),(385,26,'cduyag@gmail.com','::1','Mozilla/5.0 (Windows NT 10.0; Win64; x64) AppleWebKit/537.36 (KHTML, like Gecko) Chrome/146.0.0.0 Safari/537.36 Edg/146.0.0.0','SUCCESS','Login successful','2026-03-30 12:03:31',NULL),(386,26,'cduyag@gmail.com','::1','Mozilla/5.0 (Windows NT 10.0; Win64; x64) AppleWebKit/537.36 (KHTML, like Gecko) Chrome/146.0.0.0 Safari/537.36 Edg/146.0.0.0','SUCCESS','User logged out','2026-03-30 12:04:38',NULL),(387,23,'mhermoso@debesmscat.edu.ph','::1','Mozilla/5.0 (Windows NT 10.0; Win64; x64) AppleWebKit/537.36 (KHTML, like Gecko) Chrome/146.0.0.0 Safari/537.36 Edg/146.0.0.0','FAILED','Wrong password','2026-03-30 12:04:45',NULL),(388,23,'mhermoso@debesmscat.edu.ph','::1','Mozilla/5.0 (Windows NT 10.0; Win64; x64) AppleWebKit/537.36 (KHTML, like Gecko) Chrome/146.0.0.0 Safari/537.36 Edg/146.0.0.0','FAILED','Wrong password','2026-03-30 12:05:28',NULL),(389,23,'mhermoso@debesmscat.edu.ph','::1','Mozilla/5.0 (Windows NT 10.0; Win64; x64) AppleWebKit/537.36 (KHTML, like Gecko) Chrome/146.0.0.0 Safari/537.36 Edg/146.0.0.0','SUCCESS','Login successful','2026-03-30 12:05:36',NULL),(390,23,'mhermoso@debesmscat.edu.ph','::1','Mozilla/5.0 (Windows NT 10.0; Win64; x64) AppleWebKit/537.36 (KHTML, like Gecko) Chrome/146.0.0.0 Safari/537.36 Edg/146.0.0.0','SUCCESS','Session expired due to inactivity','2026-03-30 13:10:41',NULL),(391,23,'mhermoso@debesmscat.edu.ph','::1','Mozilla/5.0 (Windows NT 10.0; Win64; x64) AppleWebKit/537.36 (KHTML, like Gecko) Chrome/146.0.0.0 Safari/537.36 Edg/146.0.0.0','SUCCESS','Login successful','2026-03-30 13:10:57',NULL),(392,23,'mhermoso@debesmscat.edu.ph','::1','Mozilla/5.0 (Windows NT 10.0; Win64; x64) AppleWebKit/537.36 (KHTML, like Gecko) Chrome/146.0.0.0 Safari/537.36 Edg/146.0.0.0','SUCCESS','Session expired due to inactivity','2026-03-30 13:50:52',NULL),(393,23,'mhermoso@debesmscat.edu.ph','::1','Mozilla/5.0 (Windows NT 10.0; Win64; x64) AppleWebKit/537.36 (KHTML, like Gecko) Chrome/146.0.0.0 Safari/537.36 Edg/146.0.0.0','SUCCESS','Login successful','2026-03-30 13:51:00',NULL),(394,23,'mhermoso@debesmscat.edu.ph','::1','Mozilla/5.0 (Windows NT 10.0; Win64; x64) AppleWebKit/537.36 (KHTML, like Gecko) Chrome/146.0.0.0 Safari/537.36 Edg/146.0.0.0','SUCCESS','Session expired due to inactivity','2026-03-30 14:30:34',NULL),(395,23,'mhermoso@debesmscat.edu.ph','::1','Mozilla/5.0 (Windows NT 10.0; Win64; x64) AppleWebKit/537.36 (KHTML, like Gecko) Chrome/146.0.0.0 Safari/537.36 Edg/146.0.0.0','SUCCESS','Login successful','2026-03-30 14:30:44',NULL),(396,1,'admin@gmail.com','::1','Mozilla/5.0 (Windows NT 10.0; Win64; x64) AppleWebKit/537.36 (KHTML, like Gecko) Chrome/146.0.0.0 Safari/537.36','SUCCESS','Session expired due to inactivity','2026-03-30 14:46:14',NULL),(397,NULL,'admin@gmail.com','::1','Mozilla/5.0 (Windows NT 10.0; Win64; x64) AppleWebKit/537.36 (KHTML, like Gecko) Chrome/146.0.0.0 Safari/537.36','FAILED','Email not found','2026-03-30 14:46:24',NULL),(398,1,'admin@gmail.com','::1','Mozilla/5.0 (Windows NT 10.0; Win64; x64) AppleWebKit/537.36 (KHTML, like Gecko) Chrome/146.0.0.0 Safari/537.36','SUCCESS','Login successful','2026-03-30 14:46:27',NULL),(399,1,'admin@gmail.com','::1','Mozilla/5.0 (Windows NT 10.0; Win64; x64) AppleWebKit/537.36 (KHTML, like Gecko) Chrome/146.0.0.0 Safari/537.36','SUCCESS','Session expired due to inactivity','2026-03-30 15:33:53',NULL),(400,23,'mhermoso@debesmscat.edu.ph','::1','Mozilla/5.0 (Windows NT 10.0; Win64; x64) AppleWebKit/537.36 (KHTML, like Gecko) Chrome/146.0.0.0 Safari/537.36 Edg/146.0.0.0','SUCCESS','Session expired due to inactivity','2026-03-30 15:34:00',NULL),(401,23,'mhermoso@debesmscat.edu.ph','::1','Mozilla/5.0 (Windows NT 10.0; Win64; x64) AppleWebKit/537.36 (KHTML, like Gecko) Chrome/146.0.0.0 Safari/537.36 Edg/146.0.0.0','SUCCESS','Login successful','2026-03-30 15:34:09',NULL),(402,1,'admin@gmail.com','::1','Mozilla/5.0 (Windows NT 10.0; Win64; x64) AppleWebKit/537.36 (KHTML, like Gecko) Chrome/146.0.0.0 Safari/537.36','SUCCESS','Login successful','2026-03-30 15:50:31',NULL),(403,1,'admin@gmail.com','::1','Mozilla/5.0 (Windows NT 10.0; Win64; x64) AppleWebKit/537.36 (KHTML, like Gecko) Chrome/146.0.0.0 Safari/537.36','SUCCESS','Session expired due to inactivity','2026-03-30 16:19:00',NULL),(404,1,'admin@gmail.com','::1','Mozilla/5.0 (Windows NT 10.0; Win64; x64) AppleWebKit/537.36 (KHTML, like Gecko) Chrome/146.0.0.0 Safari/537.36','SUCCESS','Login successful','2026-03-30 16:19:08',NULL),(405,23,'mhermoso@debesmscat.edu.ph','::1','Mozilla/5.0 (Windows NT 10.0; Win64; x64) AppleWebKit/537.36 (KHTML, like Gecko) Chrome/146.0.0.0 Safari/537.36 Edg/146.0.0.0','SUCCESS','User logged out','2026-03-30 16:38:04',NULL),(406,23,'mhermoso@debesmscat.edu.ph','::1','Mozilla/5.0 (Windows NT 10.0; Win64; x64) AppleWebKit/537.36 (KHTML, like Gecko) Chrome/146.0.0.0 Safari/537.36 Edg/146.0.0.0','SUCCESS','Login successful','2026-03-30 16:38:15',NULL),(407,1,'admin@gmail.com','::1','Mozilla/5.0 (Windows NT 10.0; Win64; x64) AppleWebKit/537.36 (KHTML, like Gecko) Chrome/146.0.0.0 Safari/537.36 Edg/146.0.0.0','SUCCESS','Login successful','2026-03-30 23:29:51',NULL),(408,1,'admin@gmail.com','::1','Mozilla/5.0 (Windows NT 10.0; Win64; x64) AppleWebKit/537.36 (KHTML, like Gecko) Chrome/146.0.0.0 Safari/537.36','SUCCESS','Login successful','2026-03-30 23:30:25',NULL),(409,1,'admin@gmail.com','::1','Mozilla/5.0 (Windows NT 10.0; Win64; x64) AppleWebKit/537.36 (KHTML, like Gecko) Chrome/146.0.0.0 Safari/537.36 Edg/146.0.0.0','SUCCESS','User logged out','2026-03-30 23:30:29',NULL),(410,23,'mhermoso@debesmscat.edu.ph','::1','Mozilla/5.0 (Windows NT 10.0; Win64; x64) AppleWebKit/537.36 (KHTML, like Gecko) Chrome/146.0.0.0 Safari/537.36 Edg/146.0.0.0','SUCCESS','Login successful','2026-03-30 23:30:35',NULL),(411,1,'admin@gmail.com','::1','Mozilla/5.0 (Windows NT 10.0; Win64; x64) AppleWebKit/537.36 (KHTML, like Gecko) Chrome/146.0.0.0 Safari/537.36','SUCCESS','Session expired due to inactivity','2026-03-30 23:58:06',NULL),(412,1,'admin@gmail.com','::1','Mozilla/5.0 (Windows NT 10.0; Win64; x64) AppleWebKit/537.36 (KHTML, like Gecko) Chrome/146.0.0.0 Safari/537.36','SUCCESS','Login successful','2026-03-30 23:58:17',NULL),(413,1,'admin@gmail.com','::1','Mozilla/5.0 (Windows NT 10.0; Win64; x64) AppleWebKit/537.36 (KHTML, like Gecko) Chrome/146.0.0.0 Safari/537.36','SUCCESS','Session expired due to inactivity','2026-03-31 00:29:17',NULL),(414,1,'admin@gmail.com','::1','Mozilla/5.0 (Windows NT 10.0; Win64; x64) AppleWebKit/537.36 (KHTML, like Gecko) Chrome/146.0.0.0 Safari/537.36','SUCCESS','Login successful','2026-03-31 00:29:24',NULL),(415,1,'admin@gmail.com','::1','Mozilla/5.0 (Windows NT 10.0; Win64; x64) AppleWebKit/537.36 (KHTML, like Gecko) Chrome/146.0.0.0 Safari/537.36','SUCCESS','Session expired due to inactivity','2026-03-31 00:59:09',NULL),(416,1,'admin@gmail.com','::1','Mozilla/5.0 (Windows NT 10.0; Win64; x64) AppleWebKit/537.36 (KHTML, like Gecko) Chrome/146.0.0.0 Safari/537.36','SUCCESS','Login successful','2026-03-31 00:59:17',NULL),(417,1,'admin@gmail.com','::1','Mozilla/5.0 (Windows NT 10.0; Win64; x64) AppleWebKit/537.36 (KHTML, like Gecko) Chrome/146.0.0.0 Safari/537.36','SUCCESS','Session expired due to inactivity','2026-03-31 02:19:58',NULL),(418,1,'admin@gmail.com','::1','Mozilla/5.0 (Windows NT 10.0; Win64; x64) AppleWebKit/537.36 (KHTML, like Gecko) Chrome/146.0.0.0 Safari/537.36','FAILED','Wrong password','2026-03-31 02:20:08',NULL),(419,1,'admin@gmail.com','::1','Mozilla/5.0 (Windows NT 10.0; Win64; x64) AppleWebKit/537.36 (KHTML, like Gecko) Chrome/146.0.0.0 Safari/537.36','SUCCESS','Login successful','2026-03-31 02:20:12',NULL),(420,1,'admin@gmail.com','::1','Mozilla/5.0 (Windows NT 10.0; Win64; x64) AppleWebKit/537.36 (KHTML, like Gecko) Chrome/146.0.0.0 Safari/537.36','SUCCESS','User logged out','2026-03-31 02:20:27',NULL),(421,1,'rmramiso@debesmscat.edu.ph','::1','Mozilla/5.0 (Windows NT 10.0; Win64; x64) AppleWebKit/537.36 (KHTML, like Gecko) Chrome/146.0.0.0 Safari/537.36','SUCCESS','Login successful','2026-03-31 02:20:36',NULL),(422,1,'rmramiso@debesmscat.edu.ph','::1','Mozilla/5.0 (Windows NT 10.0; Win64; x64) AppleWebKit/537.36 (KHTML, like Gecko) Chrome/146.0.0.0 Safari/537.36','SUCCESS','User logged out','2026-03-31 03:31:49',NULL),(423,1,'admin@gmail.com','::1','Mozilla/5.0 (Windows NT 10.0; Win64; x64) AppleWebKit/537.36 (KHTML, like Gecko) Chrome/146.0.0.0 Safari/537.36','SUCCESS','Login successful','2026-03-31 03:31:57',NULL),(424,23,'mhermoso@debesmscat.edu.ph','::1','Mozilla/5.0 (Windows NT 10.0; Win64; x64) AppleWebKit/537.36 (KHTML, like Gecko) Chrome/146.0.0.0 Safari/537.36 Edg/146.0.0.0','SUCCESS','Session expired due to inactivity','2026-03-31 05:24:33',NULL),(425,1,'admin@gmail.com','::1','Mozilla/5.0 (Windows NT 10.0; Win64; x64) AppleWebKit/537.36 (KHTML, like Gecko) Chrome/146.0.0.0 Safari/537.36 Edg/146.0.0.0','SUCCESS','Login successful','2026-03-31 05:24:42',NULL),(426,1,'admin@gmail.com','::1','Mozilla/5.0 (Windows NT 10.0; Win64; x64) AppleWebKit/537.36 (KHTML, like Gecko) Chrome/146.0.0.0 Safari/537.36 Edg/146.0.0.0','SUCCESS','Session expired due to inactivity','2026-03-31 05:45:03',NULL),(427,23,'mhermoso@debesmscat.edu.ph','::1','Mozilla/5.0 (Windows NT 10.0; Win64; x64) AppleWebKit/537.36 (KHTML, like Gecko) Chrome/146.0.0.0 Safari/537.36 Edg/146.0.0.0','SUCCESS','Login successful','2026-03-31 05:45:25',NULL),(428,23,'mhermoso@debesmscat.edu.ph','::1','Mozilla/5.0 (Windows NT 10.0; Win64; x64) AppleWebKit/537.36 (KHTML, like Gecko) Chrome/146.0.0.0 Safari/537.36 Edg/146.0.0.0','SUCCESS','Session expired due to inactivity','2026-03-31 06:07:32',NULL),(429,23,'mhermoso@debesmscat.edu.ph','::1','Mozilla/5.0 (Windows NT 10.0; Win64; x64) AppleWebKit/537.36 (KHTML, like Gecko) Chrome/146.0.0.0 Safari/537.36 Edg/146.0.0.0','SUCCESS','Login successful','2026-03-31 06:07:44',NULL),(430,23,'mhermoso@debesmscat.edu.ph','::1','Mozilla/5.0 (Windows NT 10.0; Win64; x64) AppleWebKit/537.36 (KHTML, like Gecko) Chrome/146.0.0.0 Safari/537.36 Edg/146.0.0.0','SUCCESS','Session expired due to inactivity','2026-03-31 06:51:12',NULL),(431,23,'mhermoso@debesmscat.edu.ph','::1','Mozilla/5.0 (Windows NT 10.0; Win64; x64) AppleWebKit/537.36 (KHTML, like Gecko) Chrome/146.0.0.0 Safari/537.36 Edg/146.0.0.0','SUCCESS','Login successful','2026-03-31 06:51:17',NULL),(432,23,'mhermoso@debesmscat.edu.ph','::1','Mozilla/5.0 (Windows NT 10.0; Win64; x64) AppleWebKit/537.36 (KHTML, like Gecko) Chrome/146.0.0.0 Safari/537.36 Edg/146.0.0.0','SUCCESS','User logged out','2026-03-31 09:51:18',NULL),(433,1,'admin@gmail.com','::1','Mozilla/5.0 (Windows NT 10.0; Win64; x64) AppleWebKit/537.36 (KHTML, like Gecko) Chrome/146.0.0.0 Safari/537.36 Edg/146.0.0.0','SUCCESS','Login successful','2026-03-31 09:51:26',NULL),(434,1,'admin@gmail.com','::1','Mozilla/5.0 (Windows NT 10.0; Win64; x64) AppleWebKit/537.36 (KHTML, like Gecko) Chrome/146.0.0.0 Safari/537.36','SUCCESS','User logged out','2026-03-31 09:51:53',NULL),(435,1,'admin@gmail.com','::1','Mozilla/5.0 (Windows NT 10.0; Win64; x64) AppleWebKit/537.36 (KHTML, like Gecko) Chrome/146.0.0.0 Safari/537.36','SUCCESS','Login successful','2026-03-31 09:52:03',NULL),(436,1,'admin@gmail.com','::1','Mozilla/5.0 (Windows NT 10.0; Win64; x64) AppleWebKit/537.36 (KHTML, like Gecko) Chrome/146.0.0.0 Safari/537.36 Edg/146.0.0.0','SUCCESS','User logged out','2026-03-31 09:52:05',NULL),(437,23,'mhermoso@debesmscat.edu.ph','::1','Mozilla/5.0 (Windows NT 10.0; Win64; x64) AppleWebKit/537.36 (KHTML, like Gecko) Chrome/146.0.0.0 Safari/537.36 Edg/146.0.0.0','SUCCESS','Login successful','2026-03-31 09:52:11',NULL),(438,1,'admin@gmail.com','::1','Mozilla/5.0 (Windows NT 10.0; Win64; x64) AppleWebKit/537.36 (KHTML, like Gecko) Chrome/146.0.0.0 Safari/537.36','SUCCESS','Login successful','2026-04-01 16:32:50',NULL),(439,1,'admin@gmail.com','::1','Mozilla/5.0 (Windows NT 10.0; Win64; x64) AppleWebKit/537.36 (KHTML, like Gecko) Chrome/146.0.0.0 Safari/537.36','SUCCESS','Session expired due to inactivity','2026-04-02 03:29:30',NULL),(440,NULL,'test@test.com','127.0.0.1','Unknown','FAILED','Email not found','2026-04-02 03:30:51',NULL),(441,NULL,'admin@epes.com','127.0.0.1','Unknown','FAILED','Email not found','2026-04-02 03:30:58',NULL),(442,1,'admin@gmail.com','127.0.0.1','Unknown','FAILED','Wrong password','2026-04-02 03:31:08',NULL),(443,1,'admin@gmail.com','127.0.0.1','Unknown','SUCCESS','Login successful','2026-04-02 03:32:52',NULL),(444,1,'admin@gmail.com','127.0.0.1','Unknown','SUCCESS','Login successful','2026-04-02 03:40:38',NULL),(445,1,'admin@gmail.com','127.0.0.1','Unknown','SUCCESS','Login successful','2026-04-02 03:40:43',NULL),(446,26,'cduyag@gmail.com','::1','Mozilla/5.0 (Windows NT 10.0; Win64; x64) AppleWebKit/537.36 (KHTML, like Gecko) Chrome/146.0.0.0 Safari/537.36 Edg/146.0.0.0','FAILED','Wrong password','2026-04-02 03:41:46',NULL),(447,26,'cduyag@gmail.com','::1','Mozilla/5.0 (Windows NT 10.0; Win64; x64) AppleWebKit/537.36 (KHTML, like Gecko) Chrome/146.0.0.0 Safari/537.36 Edg/146.0.0.0','FAILED','Wrong password','2026-04-02 03:41:49',NULL),(448,23,'mhermoso@debesmscat.edu.ph','::1','Mozilla/5.0 (Windows NT 10.0; Win64; x64) AppleWebKit/537.36 (KHTML, like Gecko) Chrome/146.0.0.0 Safari/537.36 Edg/146.0.0.0','SUCCESS','Login successful','2026-04-02 03:41:55',NULL),(449,23,'mhermoso@debesmscat.edu.ph','::1','Mozilla/5.0 (Windows NT 10.0; Win64; x64) AppleWebKit/537.36 (KHTML, like Gecko) Chrome/146.0.0.0 Safari/537.36 Edg/146.0.0.0','SUCCESS','Session expired due to inactivity','2026-04-02 03:41:55',NULL),(450,23,'mhermoso@debesmscat.edu.ph','::1','Mozilla/5.0 (Windows NT 10.0; Win64; x64) AppleWebKit/537.36 (KHTML, like Gecko) Chrome/146.0.0.0 Safari/537.36 Edg/146.0.0.0','SUCCESS','Login successful','2026-04-02 03:42:04',NULL),(451,1,'admin@gmail.com','::1','Mozilla/5.0 (Windows NT 10.0; Win64; x64) AppleWebKit/537.36 (KHTML, like Gecko) Chrome/146.0.0.0 Safari/537.36','SUCCESS','Login successful','2026-04-02 03:42:48',NULL),(452,23,'mhermoso@debesmscat.edu.ph','::1','Mozilla/5.0 (Windows NT 10.0; Win64; x64) AppleWebKit/537.36 (KHTML, like Gecko) Chrome/146.0.0.0 Safari/537.36 Edg/146.0.0.0','SUCCESS','Session expired due to inactivity','2026-04-02 04:45:14',NULL),(453,23,'mhermoso@debesmscat.edu.ph','::1','Mozilla/5.0 (Windows NT 10.0; Win64; x64) AppleWebKit/537.36 (KHTML, like Gecko) Chrome/146.0.0.0 Safari/537.36 Edg/146.0.0.0','SUCCESS','Login successful','2026-04-02 04:45:23',NULL),(454,1,'admin@gmail.com','::1','Mozilla/5.0 (Windows NT 10.0; Win64; x64) AppleWebKit/537.36 (KHTML, like Gecko) Chrome/146.0.0.0 Safari/537.36','SUCCESS','Session expired due to inactivity','2026-04-02 05:01:02',NULL),(455,1,'admin@gmail.com','::1','Mozilla/5.0 (Windows NT 10.0; Win64; x64) AppleWebKit/537.36 (KHTML, like Gecko) Chrome/146.0.0.0 Safari/537.36','SUCCESS','Login successful','2026-04-02 05:01:09',NULL),(456,1,'admin@gmail.com','::1','Mozilla/5.0 (Windows NT 10.0; Win64; x64) AppleWebKit/537.36 (KHTML, like Gecko) Chrome/146.0.0.0 Safari/537.36','SUCCESS','Session expired due to inactivity','2026-04-02 07:32:09',NULL),(457,1,'admin@gmail.com','::1','Mozilla/5.0 (Windows NT 10.0; Win64; x64) AppleWebKit/537.36 (KHTML, like Gecko) Chrome/146.0.0.0 Safari/537.36','SUCCESS','Login successful','2026-04-02 07:32:21',NULL),(458,1,'admin@gmail.com','::1','Mozilla/5.0 (Windows NT 10.0; Win64; x64) AppleWebKit/537.36 (KHTML, like Gecko) Chrome/146.0.0.0 Safari/537.36','SUCCESS','User logged out','2026-04-02 07:33:18',NULL),(459,4,'rbello@gmail.com','::1','Mozilla/5.0 (Windows NT 10.0; Win64; x64) AppleWebKit/537.36 (KHTML, like Gecko) Chrome/146.0.0.0 Safari/537.36','SUCCESS','Login successful','2026-04-02 07:33:23',NULL),(460,1,'admin@gmail.com','::1','Mozilla/5.0 (Windows NT 10.0; Win64; x64) AppleWebKit/537.36 (KHTML, like Gecko) Chrome/146.0.0.0 Safari/537.36','SUCCESS','Login successful','2026-04-04 07:20:22',NULL),(461,23,'mhermoso@debesmscat.edu.ph','::1','Mozilla/5.0 (Windows NT 10.0; Win64; x64) AppleWebKit/537.36 (KHTML, like Gecko) Chrome/146.0.0.0 Safari/537.36 Edg/146.0.0.0','SUCCESS','Login successful','2026-04-04 07:21:54',NULL),(462,23,'mhermoso@debesmscat.edu.ph','::1','Mozilla/5.0 (Windows NT 10.0; Win64; x64) AppleWebKit/537.36 (KHTML, like Gecko) Chrome/146.0.0.0 Safari/537.36 Edg/146.0.0.0','SUCCESS','Session expired due to inactivity','2026-04-04 07:39:43',NULL),(463,23,'mhermoso@debesmscat.edu.ph','::1','Mozilla/5.0 (Windows NT 10.0; Win64; x64) AppleWebKit/537.36 (KHTML, like Gecko) Chrome/146.0.0.0 Safari/537.36 Edg/146.0.0.0','SUCCESS','Login successful','2026-04-04 07:39:53',NULL),(464,1,'admin@gmail.com','::1','Mozilla/5.0 (Windows NT 10.0; Win64; x64) AppleWebKit/537.36 (KHTML, like Gecko) Chrome/146.0.0.0 Safari/537.36','SUCCESS','Session expired due to inactivity','2026-04-04 07:41:02',NULL),(465,1,'admin@gmail.com','::1','Mozilla/5.0 (Windows NT 10.0; Win64; x64) AppleWebKit/537.36 (KHTML, like Gecko) Chrome/146.0.0.0 Safari/537.36','SUCCESS','Login successful','2026-04-04 07:41:10',NULL),(466,23,'mhermoso@debesmscat.edu.ph','::1','Mozilla/5.0 (Windows NT 10.0; Win64; x64) AppleWebKit/537.36 (KHTML, like Gecko) Chrome/146.0.0.0 Safari/537.36 Edg/146.0.0.0','SUCCESS','Session expired due to inactivity','2026-04-04 08:09:44',NULL),(467,23,'mhermoso@debesmscat.edu.ph','::1','Mozilla/5.0 (Windows NT 10.0; Win64; x64) AppleWebKit/537.36 (KHTML, like Gecko) Chrome/146.0.0.0 Safari/537.36 Edg/146.0.0.0','FAILED','Wrong password','2026-04-04 08:09:54',NULL),(468,23,'mhermoso@debesmscat.edu.ph','::1','Mozilla/5.0 (Windows NT 10.0; Win64; x64) AppleWebKit/537.36 (KHTML, like Gecko) Chrome/146.0.0.0 Safari/537.36 Edg/146.0.0.0','SUCCESS','Login successful','2026-04-04 08:09:59',NULL),(469,1,'admin@gmail.com','::1','Mozilla/5.0 (Windows NT 10.0; Win64; x64) AppleWebKit/537.36 (KHTML, like Gecko) Chrome/146.0.0.0 Safari/537.36','SUCCESS','Session expired due to inactivity','2026-04-04 08:16:51',NULL),(470,1,'admin@gmail.com','::1','Mozilla/5.0 (Windows NT 10.0; Win64; x64) AppleWebKit/537.36 (KHTML, like Gecko) Chrome/146.0.0.0 Safari/537.36','SUCCESS','Login successful','2026-04-04 08:17:01',NULL),(471,1,'admin@gmail.com','::1','Mozilla/5.0 (Windows NT 10.0; Win64; x64) AppleWebKit/537.36 (KHTML, like Gecko) Chrome/146.0.0.0 Safari/537.36','SUCCESS','Session expired due to inactivity','2026-04-04 08:58:06',NULL),(472,1,'admin@gmail.com','::1','Mozilla/5.0 (Windows NT 10.0; Win64; x64) AppleWebKit/537.36 (KHTML, like Gecko) Chrome/146.0.0.0 Safari/537.36','SUCCESS','Login successful','2026-04-04 08:58:15',NULL),(473,1,'admin@gmail.com','::1','Mozilla/5.0 (Windows NT 10.0; Win64; x64) AppleWebKit/537.36 (KHTML, like Gecko) Chrome/146.0.0.0 Safari/537.36','SUCCESS','Session expired due to inactivity','2026-04-04 09:18:05',NULL),(474,23,'mhermoso@debesmscat.edu.ph','::1','Mozilla/5.0 (Windows NT 10.0; Win64; x64) AppleWebKit/537.36 (KHTML, like Gecko) Chrome/146.0.0.0 Safari/537.36 Edg/146.0.0.0','SUCCESS','Login successful','2026-04-04 09:18:24',NULL),(475,1,'admin@gmail.com','::1','Mozilla/5.0 (Windows NT 10.0; Win64; x64) AppleWebKit/537.36 (KHTML, like Gecko) Chrome/146.0.0.0 Safari/537.36','SUCCESS','Login successful','2026-04-04 11:10:23',NULL),(476,23,'mhermoso@debesmscat.edu.ph','::1','Mozilla/5.0 (Windows NT 10.0; Win64; x64) AppleWebKit/537.36 (KHTML, like Gecko) Chrome/146.0.0.0 Safari/537.36 Edg/146.0.0.0','SUCCESS','Session expired due to inactivity','2026-04-04 11:34:09',NULL),(477,23,'mhermoso@debesmscat.edu.ph','::1','Mozilla/5.0 (Windows NT 10.0; Win64; x64) AppleWebKit/537.36 (KHTML, like Gecko) Chrome/146.0.0.0 Safari/537.36 Edg/146.0.0.0','SUCCESS','Login successful','2026-04-04 11:34:18',NULL),(478,23,'mhermoso@debesmscat.edu.ph','::1','Mozilla/5.0 (Windows NT 10.0; Win64; x64) AppleWebKit/537.36 (KHTML, like Gecko) Chrome/146.0.0.0 Safari/537.36 Edg/146.0.0.0','SUCCESS','Session expired due to inactivity','2026-04-04 14:19:04',NULL),(479,23,'mhermoso@debesmscat.edu.ph','::1','Mozilla/5.0 (Windows NT 10.0; Win64; x64) AppleWebKit/537.36 (KHTML, like Gecko) Chrome/146.0.0.0 Safari/537.36 Edg/146.0.0.0','SUCCESS','Login successful','2026-04-04 14:19:09',NULL),(480,23,'mhermoso@debesmscat.edu.ph','::1','Mozilla/5.0 (Windows NT 10.0; Win64; x64) AppleWebKit/537.36 (KHTML, like Gecko) Chrome/146.0.0.0 Safari/537.36 Edg/146.0.0.0','SUCCESS','User logged out','2026-04-04 15:49:12',NULL),(481,23,'mhermoso@debesmscat.edu.ph','::1','Mozilla/5.0 (Windows NT 10.0; Win64; x64) AppleWebKit/537.36 (KHTML, like Gecko) Chrome/146.0.0.0 Safari/537.36 Edg/146.0.0.0','SUCCESS','Login successful','2026-04-04 15:49:20',NULL),(482,23,'mhermoso@debesmscat.edu.ph','::1','Mozilla/5.0 (Windows NT 10.0; Win64; x64) AppleWebKit/537.36 (KHTML, like Gecko) Chrome/146.0.0.0 Safari/537.36 Edg/146.0.0.0','SUCCESS','User logged out','2026-04-04 15:49:31',NULL),(483,1,'admin@gmail.com','::1','Mozilla/5.0 (Windows NT 10.0; Win64; x64) AppleWebKit/537.36 (KHTML, like Gecko) Chrome/146.0.0.0 Safari/537.36 Edg/146.0.0.0','SUCCESS','Login successful','2026-04-04 15:53:50',NULL),(484,1,'admin@gmail.com','::1','Mozilla/5.0 (Windows NT 10.0; Win64; x64) AppleWebKit/537.36 (KHTML, like Gecko) Chrome/146.0.0.0 Safari/537.36 Edg/146.0.0.0','SUCCESS','User logged out','2026-04-04 15:53:52',NULL),(485,1,'admin@gmail.com','::1','Mozilla/5.0 (Windows NT 10.0; Win64; x64) AppleWebKit/537.36 (KHTML, like Gecko) Chrome/146.0.0.0 Safari/537.36','SUCCESS','Login successful','2026-04-04 16:01:56',NULL),(486,4,'rbello@gmail.com','::1','Mozilla/5.0 (Windows NT 10.0; Win64; x64) AppleWebKit/537.36 (KHTML, like Gecko) Chrome/146.0.0.0 Safari/537.36 Edg/146.0.0.0','SUCCESS','Login successful','2026-04-04 16:14:55',NULL),(487,4,'rbello@gmail.com','::1','Mozilla/5.0 (Windows NT 10.0; Win64; x64) AppleWebKit/537.36 (KHTML, like Gecko) Chrome/146.0.0.0 Safari/537.36 Edg/146.0.0.0','SUCCESS','User logged out','2026-04-04 16:29:04',NULL),(488,1,'rmramiso@debesmscat.edu.ph','::1','Mozilla/5.0 (Windows NT 10.0; Win64; x64) AppleWebKit/537.36 (KHTML, like Gecko) Chrome/146.0.0.0 Safari/537.36 Edg/146.0.0.0','FAILED','Wrong password','2026-04-04 16:30:01',NULL),(489,1,'rmramiso@debesmscat.edu.ph','::1','Mozilla/5.0 (Windows NT 10.0; Win64; x64) AppleWebKit/537.36 (KHTML, like Gecko) Chrome/146.0.0.0 Safari/537.36 Edg/146.0.0.0','SUCCESS','Login successful','2026-04-04 16:30:18',NULL),(490,23,'mhermoso@debesmscat.edu.ph','192.168.100.231','Mozilla/5.0 (Windows NT 10.0; Win64; x64) AppleWebKit/537.36 (KHTML, like Gecko) Chrome/146.0.0.0 Safari/537.36 Edg/146.0.0.0','SUCCESS','Login successful','2026-04-06 01:15:24',NULL),(491,23,'mhermoso@debesmscat.edu.ph','192.168.100.231','Mozilla/5.0 (Windows NT 10.0; Win64; x64) AppleWebKit/537.36 (KHTML, like Gecko) Chrome/146.0.0.0 Safari/537.36 Edg/146.0.0.0','SUCCESS','User logged out','2026-04-06 01:17:25',NULL),(492,15,'rbello@gmail.com','192.168.100.231','Mozilla/5.0 (Windows NT 10.0; Win64; x64) AppleWebKit/537.36 (KHTML, like Gecko) Chrome/146.0.0.0 Safari/537.36 Edg/146.0.0.0','SUCCESS','Login successful','2026-04-06 01:17:36',NULL),(493,15,'rbello@gmail.com','192.168.100.233','Mozilla/5.0 (Windows NT 10.0; Win64; x64) AppleWebKit/537.36 (KHTML, like Gecko) Chrome/146.0.0.0 Safari/537.36','SUCCESS','Login successful','2026-04-06 01:29:26',NULL),(494,15,'rbello@gmail.com','192.168.100.233','Mozilla/5.0 (Windows NT 10.0; Win64; x64) AppleWebKit/537.36 (KHTML, like Gecko) Chrome/146.0.0.0 Safari/537.36','SUCCESS','User logged out','2026-04-06 01:49:08',NULL),(495,1,'admin@gmail.com','192.168.100.233','Mozilla/5.0 (Windows NT 10.0; Win64; x64) AppleWebKit/537.36 (KHTML, like Gecko) Chrome/146.0.0.0 Safari/537.36','SUCCESS','Login successful','2026-04-06 01:49:19',NULL),(496,15,'rbello@gmail.com','192.168.100.231','Mozilla/5.0 (Windows NT 10.0; Win64; x64) AppleWebKit/537.36 (KHTML, like Gecko) Chrome/146.0.0.0 Safari/537.36 Edg/146.0.0.0','SUCCESS','User logged out','2026-04-06 01:54:56',NULL),(497,15,'rbello@gmail.com','192.168.100.231','Mozilla/5.0 (Windows NT 10.0; Win64; x64) AppleWebKit/537.36 (KHTML, like Gecko) Chrome/146.0.0.0 Safari/537.36 Edg/146.0.0.0','SUCCESS','Login successful','2026-04-06 01:55:12',NULL),(498,15,'rbello@gmail.com','192.168.100.231','Mozilla/5.0 (Windows NT 10.0; Win64; x64) AppleWebKit/537.36 (KHTML, like Gecko) Chrome/146.0.0.0 Safari/537.36 Edg/146.0.0.0','SUCCESS','User logged out','2026-04-06 01:59:25',NULL),(499,NULL,'rramiso@debesmscat.edu.ph','192.168.100.231','Mozilla/5.0 (Windows NT 10.0; Win64; x64) AppleWebKit/537.36 (KHTML, like Gecko) Chrome/146.0.0.0 Safari/537.36 Edg/146.0.0.0','FAILED','Email not found','2026-04-06 02:00:34',NULL),(500,NULL,'rramiso@debesmscat.edu.ph','192.168.100.231','Mozilla/5.0 (Windows NT 10.0; Win64; x64) AppleWebKit/537.36 (KHTML, like Gecko) Chrome/146.0.0.0 Safari/537.36 Edg/146.0.0.0','FAILED','Email not found','2026-04-06 02:00:55',NULL),(501,1,'admin@gmail.com','192.168.100.233','Mozilla/5.0 (Windows NT 10.0; Win64; x64) AppleWebKit/537.36 (KHTML, like Gecko) Chrome/146.0.0.0 Safari/537.36','SUCCESS','User logged out','2026-04-06 02:01:04',NULL),(502,1,'rmramiso@debesmscat.edu.ph','192.168.100.231','Mozilla/5.0 (Windows NT 10.0; Win64; x64) AppleWebKit/537.36 (KHTML, like Gecko) Chrome/146.0.0.0 Safari/537.36 Edg/146.0.0.0','SUCCESS','Login successful','2026-04-06 02:01:05',NULL),(503,NULL,'rmramiso@debesmscat.edu.ph','192.168.100.233','Mozilla/5.0 (Windows NT 10.0; Win64; x64) AppleWebKit/537.36 (KHTML, like Gecko) Chrome/146.0.0.0 Safari/537.36','FAILED','Email not found','2026-04-06 02:01:06',NULL),(504,1,'rmramiso@debesmscat.edu.ph','192.168.100.233','Mozilla/5.0 (Windows NT 10.0; Win64; x64) AppleWebKit/537.36 (KHTML, like Gecko) Chrome/146.0.0.0 Safari/537.36','SUCCESS','Login successful','2026-04-06 02:01:13',NULL),(505,1,'rmramiso@debesmscat.edu.ph','192.168.100.231','Mozilla/5.0 (Windows NT 10.0; Win64; x64) AppleWebKit/537.36 (KHTML, like Gecko) Chrome/146.0.0.0 Safari/537.36 Edg/146.0.0.0','SUCCESS','Session expired due to inactivity','2026-04-06 02:41:44',NULL),(506,NULL,'rmramiso@debesmscat.edu.ph','192.168.100.231','Mozilla/5.0 (Windows NT 10.0; Win64; x64) AppleWebKit/537.36 (KHTML, like Gecko) Chrome/146.0.0.0 Safari/537.36 Edg/146.0.0.0','FAILED','Email not found','2026-04-06 02:41:49',NULL),(507,1,'rmramiso@debesmscat.edu.ph','192.168.100.231','Mozilla/5.0 (Windows NT 10.0; Win64; x64) AppleWebKit/537.36 (KHTML, like Gecko) Chrome/146.0.0.0 Safari/537.36 Edg/146.0.0.0','SUCCESS','Login successful','2026-04-06 02:41:55',NULL),(508,1,'admin@gmail.com','119.92.254.6','Mozilla/5.0 (Windows NT 10.0; Win64; x64) AppleWebKit/537.36 (KHTML, like Gecko) Chrome/146.0.0.0 Safari/537.36','SUCCESS','Login successful','2026-04-06 03:16:00',NULL),(509,1,'admin@gmail.com','119.92.254.6','Mozilla/5.0 (Windows NT 10.0; Win64; x64) AppleWebKit/537.36 (KHTML, like Gecko) Chrome/146.0.0.0 Safari/537.36','SUCCESS','User logged out','2026-04-06 03:16:06',NULL),(510,23,'mhermoso@debesmscat.edu.ph','123.253.136.34','Mozilla/5.0 (Windows NT 10.0; Win64; x64) AppleWebKit/537.36 (KHTML, like Gecko) Chrome/146.0.0.0 Safari/537.36 Edg/146.0.0.0','SUCCESS','Login successful','2026-04-06 03:17:23',NULL),(511,1,'admin@gmail.com','123.253.136.34','Mozilla/5.0 (Windows NT 10.0; Win64; x64) AppleWebKit/537.36 (KHTML, like Gecko) Chrome/146.0.0.0 Safari/537.36','SUCCESS','Login successful','2026-04-06 03:21:12',NULL),(512,1,'admin@gmail.com','123.253.136.34','Mozilla/5.0 (Windows NT 10.0; Win64; x64) AppleWebKit/537.36 (KHTML, like Gecko) Chrome/146.0.0.0 Safari/537.36','SUCCESS','Changed status from \'Verified\' to \'For Verification\' for faculty ID 23 (task ID 1)','2026-04-06 03:21:28',NULL),(513,1,'admin@gmail.com','123.253.136.34','Mozilla/5.0 (Windows NT 10.0; Win64; x64) AppleWebKit/537.36 (KHTML, like Gecko) Chrome/146.0.0.0 Safari/537.36','SUCCESS','Changed status from \'Verified\' to \'For Verification\' for faculty ID 23 (task ID 24)','2026-04-06 03:21:30',NULL),(514,1,'admin@gmail.com','123.253.136.34','Mozilla/5.0 (Windows NT 10.0; Win64; x64) AppleWebKit/537.36 (KHTML, like Gecko) Chrome/146.0.0.0 Safari/537.36','SUCCESS','Changed status from \'Verified\' to \'For Verification\' for faculty ID 23 (task ID 23)','2026-04-06 03:21:33',NULL),(515,1,'admin@gmail.com','123.253.136.34','Mozilla/5.0 (Windows NT 10.0; Win64; x64) AppleWebKit/537.36 (KHTML, like Gecko) Chrome/146.0.0.0 Safari/537.36','SUCCESS','Changed status from \'Verified\' to \'For Verification\' for faculty ID 23 (task ID 2)','2026-04-06 03:21:36',NULL),(516,1,'admin@gmail.com','123.253.136.34','Mozilla/5.0 (Windows NT 10.0; Win64; x64) AppleWebKit/537.36 (KHTML, like Gecko) Chrome/146.0.0.0 Safari/537.36','SUCCESS','Changed status from \'Verified\' to \'For Verification\' for faculty ID 23 (task ID 22)','2026-04-06 03:21:38',NULL),(517,1,'admin@gmail.com','123.253.136.34','Mozilla/5.0 (Windows NT 10.0; Win64; x64) AppleWebKit/537.36 (KHTML, like Gecko) Chrome/146.0.0.0 Safari/537.36','SUCCESS','Changed status from \'Verified\' to \'For Verification\' for faculty ID 23 (task ID 7)','2026-04-06 03:21:42',NULL),(518,1,'admin@gmail.com','123.253.136.34','Mozilla/5.0 (Windows NT 10.0; Win64; x64) AppleWebKit/537.36 (KHTML, like Gecko) Chrome/146.0.0.0 Safari/537.36','SUCCESS','Changed status from \'Verified\' to \'For Verification\' for faculty ID 23 (task ID 5)','2026-04-06 03:21:45',NULL),(519,1,'admin@gmail.com','123.253.136.34','Mozilla/5.0 (Windows NT 10.0; Win64; x64) AppleWebKit/537.36 (KHTML, like Gecko) Chrome/146.0.0.0 Safari/537.36','SUCCESS','Changed status from \'Verified\' to \'For Verification\' for faculty ID 23 (task ID 4)','2026-04-06 03:21:48',NULL),(520,1,'admin@gmail.com','123.253.136.34','Mozilla/5.0 (Windows NT 10.0; Win64; x64) AppleWebKit/537.36 (KHTML, like Gecko) Chrome/146.0.0.0 Safari/537.36','SUCCESS','Changed status from \'Verified\' to \'For Verification\' for faculty ID 23 (task ID 6)','2026-04-06 03:21:52',NULL),(521,1,'admin@gmail.com','123.253.136.34','Mozilla/5.0 (Windows NT 10.0; Win64; x64) AppleWebKit/537.36 (KHTML, like Gecko) Chrome/146.0.0.0 Safari/537.36','SUCCESS','Changed status from \'Verified\' to \'For Verification\' for faculty ID 23 (task ID 3)','2026-04-06 03:21:54',NULL),(522,23,'mhermoso@debesmscat.edu.ph','123.253.136.34','Mozilla/5.0 (Windows NT 10.0; Win64; x64) AppleWebKit/537.36 (KHTML, like Gecko) Chrome/146.0.0.0 Safari/537.36 Edg/146.0.0.0','SUCCESS','Deleted file successfuly','2026-04-06 03:22:43',NULL),(523,23,'mhermoso@debesmscat.edu.ph','123.253.136.34','Mozilla/5.0 (Windows NT 10.0; Win64; x64) AppleWebKit/537.36 (KHTML, like Gecko) Chrome/146.0.0.0 Safari/537.36 Edg/146.0.0.0','SUCCESS','Deleted file successfuly','2026-04-06 03:22:48',NULL),(524,23,'mhermoso@debesmscat.edu.ph','123.253.136.34','Mozilla/5.0 (Windows NT 10.0; Win64; x64) AppleWebKit/537.36 (KHTML, like Gecko) Chrome/146.0.0.0 Safari/537.36 Edg/146.0.0.0','SUCCESS','Deleted file successfuly','2026-04-06 03:22:55',NULL),(525,23,'mhermoso@debesmscat.edu.ph','119.92.254.6','Mozilla/5.0 (Windows NT 10.0; Win64; x64) AppleWebKit/537.36 (KHTML, like Gecko) Chrome/146.0.0.0 Safari/537.36 Edg/146.0.0.0','SUCCESS','Deleted file successfuly','2026-04-06 03:23:59',NULL),(526,23,'mhermoso@debesmscat.edu.ph','119.92.254.6','Mozilla/5.0 (Windows NT 10.0; Win64; x64) AppleWebKit/537.36 (KHTML, like Gecko) Chrome/146.0.0.0 Safari/537.36 Edg/146.0.0.0','SUCCESS','Deleted file successfuly','2026-04-06 03:24:18',NULL),(527,23,'mhermoso@debesmscat.edu.ph','119.92.254.6','Mozilla/5.0 (Windows NT 10.0; Win64; x64) AppleWebKit/537.36 (KHTML, like Gecko) Chrome/146.0.0.0 Safari/537.36 Edg/146.0.0.0','SUCCESS','Deleted file successfuly','2026-04-06 03:24:22',NULL),(528,23,'mhermoso@debesmscat.edu.ph','119.92.254.6','Mozilla/5.0 (Windows NT 10.0; Win64; x64) AppleWebKit/537.36 (KHTML, like Gecko) Chrome/146.0.0.0 Safari/537.36 Edg/146.0.0.0','SUCCESS','Deleted file successfuly','2026-04-06 03:24:26',NULL),(529,23,'mhermoso@debesmscat.edu.ph','119.92.254.6','Mozilla/5.0 (Windows NT 10.0; Win64; x64) AppleWebKit/537.36 (KHTML, like Gecko) Chrome/146.0.0.0 Safari/537.36 Edg/146.0.0.0','SUCCESS','Deleted file successfuly','2026-04-06 03:24:29',NULL),(530,23,'mhermoso@debesmscat.edu.ph','119.92.254.6','Mozilla/5.0 (Windows NT 10.0; Win64; x64) AppleWebKit/537.36 (KHTML, like Gecko) Chrome/146.0.0.0 Safari/537.36 Edg/146.0.0.0','SUCCESS','Deleted file successfuly','2026-04-06 03:24:33',NULL),(531,23,'mhermoso@debesmscat.edu.ph','119.92.254.6','Mozilla/5.0 (Windows NT 10.0; Win64; x64) AppleWebKit/537.36 (KHTML, like Gecko) Chrome/146.0.0.0 Safari/537.36 Edg/146.0.0.0','SUCCESS','Deleted file successfuly','2026-04-06 03:24:37',NULL),(532,1,'admin@gmail.com','123.253.136.34','Mozilla/5.0 (Windows NT 10.0; Win64; x64) AppleWebKit/537.36 (KHTML, like Gecko) Chrome/146.0.0.0 Safari/537.36','SUCCESS','Session expired due to inactivity','2026-04-06 04:08:00',NULL),(533,23,'mhermoso@debesmscat.edu.ph','123.253.136.34','Mozilla/5.0 (Windows NT 10.0; Win64; x64) AppleWebKit/537.36 (KHTML, like Gecko) Chrome/146.0.0.0 Safari/537.36 Edg/146.0.0.0','SUCCESS','Session expired due to inactivity','2026-04-06 04:59:15',NULL),(534,23,'mhermoso@debesmscat.edu.ph','123.253.136.34','Mozilla/5.0 (Windows NT 10.0; Win64; x64) AppleWebKit/537.36 (KHTML, like Gecko) Chrome/146.0.0.0 Safari/537.36 Edg/146.0.0.0','SUCCESS','Login successful','2026-04-06 04:59:18',NULL),(535,23,'mhermoso@debesmscat.edu.ph','123.253.136.33','Mozilla/5.0 (Windows NT 10.0; Win64; x64) AppleWebKit/537.36 (KHTML, like Gecko) Chrome/146.0.0.0 Safari/537.36 Edg/146.0.0.0','SUCCESS','User logged out','2026-04-06 05:29:11',NULL),(536,23,'mhermoso@debesmscat.edu.ph','119.92.254.6','Mozilla/5.0 (Windows NT 10.0; Win64; x64) AppleWebKit/537.36 (KHTML, like Gecko) Chrome/146.0.0.0 Safari/537.36 Edg/146.0.0.0','SUCCESS','Login successful','2026-04-06 05:36:36',NULL),(537,23,'mhermoso@debesmscat.edu.ph','123.253.136.34','Mozilla/5.0 (Windows NT 10.0; Win64; x64) AppleWebKit/537.36 (KHTML, like Gecko) Chrome/146.0.0.0 Safari/537.36 Edg/146.0.0.0','SUCCESS','User logged out','2026-04-06 05:37:40',NULL),(538,19,'jesaabelleromano@gmail.com','123.253.136.34','Mozilla/5.0 (Windows NT 10.0; Win64; x64) AppleWebKit/537.36 (KHTML, like Gecko) Chrome/146.0.0.0 Safari/537.36 Edg/146.0.0.0','SUCCESS','Login successful','2026-04-06 05:37:52',NULL),(539,19,'jesaabelleromano@gmail.com','123.253.136.34','Mozilla/5.0 (Windows NT 10.0; Win64; x64) AppleWebKit/537.36 (KHTML, like Gecko) Chrome/146.0.0.0 Safari/537.36 Edg/146.0.0.0','SUCCESS','User logged out','2026-04-06 05:38:32',NULL),(540,19,'jesaabelleromano@gmail.com','2406:2d40:3b45:f308:15bc:d0fd:1c9:33bf','Mozilla/5.0 (Windows NT 10.0; Win64; x64) AppleWebKit/537.36 (KHTML, like Gecko) Chrome/146.0.0.0 Safari/537.36','SUCCESS','Login successful','2026-04-06 05:40:25',NULL),(541,23,'mhermoso@debesmscat.edu.ph','123.253.136.33','Mozilla/5.0 (Windows NT 10.0; Win64; x64) AppleWebKit/537.36 (KHTML, like Gecko) Chrome/146.0.0.0 Safari/537.36 Edg/146.0.0.0','SUCCESS','Login successful','2026-04-06 05:42:36',NULL),(542,23,'mhermoso@debesmscat.edu.ph','119.92.254.6','Mozilla/5.0 (Windows NT 10.0; Win64; x64) AppleWebKit/537.36 (KHTML, like Gecko) Chrome/146.0.0.0 Safari/537.36 Edg/146.0.0.0','SUCCESS','User logged out','2026-04-06 05:43:49',NULL),(543,19,'jesaabelleromano@gmail.com','119.92.254.6','Mozilla/5.0 (Windows NT 10.0; Win64; x64) AppleWebKit/537.36 (KHTML, like Gecko) Chrome/146.0.0.0 Safari/537.36 Edg/146.0.0.0','SUCCESS','Login successful','2026-04-06 05:44:06',NULL),(544,19,'jesaabelleromano@gmail.com','119.92.254.6','Mozilla/5.0 (Windows NT 10.0; Win64; x64) AppleWebKit/537.36 (KHTML, like Gecko) Chrome/146.0.0.0 Safari/537.36 Edg/146.0.0.0','SUCCESS','User logged out','2026-04-06 05:47:01',NULL),(545,23,'mhermoso@debesmscat.edu.ph','119.92.254.6','Mozilla/5.0 (Windows NT 10.0; Win64; x64) AppleWebKit/537.36 (KHTML, like Gecko) Chrome/146.0.0.0 Safari/537.36 Edg/146.0.0.0','SUCCESS','Login successful','2026-04-06 05:47:03',NULL),(546,23,'mhermoso@debesmscat.edu.ph','119.92.254.6','Mozilla/5.0 (Windows NT 10.0; Win64; x64) AppleWebKit/537.36 (KHTML, like Gecko) Chrome/146.0.0.0 Safari/537.36 Edg/146.0.0.0','SUCCESS','User logged out','2026-04-06 05:47:20',NULL),(547,1,'rmramiso@debesmscat.edu.ph','119.92.254.6','Mozilla/5.0 (Windows NT 10.0; Win64; x64) AppleWebKit/537.36 (KHTML, like Gecko) Chrome/146.0.0.0 Safari/537.36 Edg/146.0.0.0','FAILED','Wrong password','2026-04-06 05:47:31',NULL),(548,1,'rmramiso@debesmscat.edu.ph','119.92.254.6','Mozilla/5.0 (Windows NT 10.0; Win64; x64) AppleWebKit/537.36 (KHTML, like Gecko) Chrome/146.0.0.0 Safari/537.36 Edg/146.0.0.0','SUCCESS','Login successful','2026-04-06 05:47:37',NULL),(549,1,'rmramiso@debesmscat.edu.ph','123.253.136.34','Mozilla/5.0 (Windows NT 10.0; Win64; x64) AppleWebKit/537.36 (KHTML, like Gecko) Chrome/146.0.0.0 Safari/537.36 Edg/146.0.0.0','SUCCESS','Session expired due to inactivity','2026-04-06 06:50:43',NULL),(550,NULL,'raused.torm@gmail.com','123.253.136.34','Mozilla/5.0 (Windows NT 10.0; Win64; x64) AppleWebKit/537.36 (KHTML, like Gecko) Chrome/146.0.0.0 Safari/537.36 Edg/146.0.0.0','FAILED','Email not found','2026-04-06 06:53:23',NULL),(551,24,'raised.torm@gmail.com','123.253.136.34','Mozilla/5.0 (Windows NT 10.0; Win64; x64) AppleWebKit/537.36 (KHTML, like Gecko) Chrome/146.0.0.0 Safari/537.36 Edg/146.0.0.0','SUCCESS','Login successful','2026-04-06 06:53:34',NULL),(552,24,'raised.torm@gmail.com','123.253.136.33','Mozilla/5.0 (Windows NT 10.0; Win64; x64) AppleWebKit/537.36 (KHTML, like Gecko) Chrome/146.0.0.0 Safari/537.36 Edg/146.0.0.0','SUCCESS','Session expired due to inactivity','2026-04-06 08:35:32',NULL),(553,23,'mhermoso@debesmscat.edu.ph','175.158.213.131','Mozilla/5.0 (Linux; Android 15; V2520 Build/AP3A.240905.015.A2_T1NN_V000L1; wv) AppleWebKit/537.36 (KHTML, like Gecko) Version/4.0 Chrome/146.0.7680.164 Mobile Safari/537.36 [FB_IAB/FB4A;FBAV/555.0.0.56.66;]','SUCCESS','Login successful','2026-04-06 11:42:15',NULL),(554,NULL,'admin@gmail.com','175.158.213.7','Mozilla/5.0 (Windows NT 10.0; Win64; x64) AppleWebKit/537.36 (KHTML, like Gecko) Chrome/146.0.0.0 Safari/537.36','FAILED','Email not found','2026-04-06 12:33:51',NULL),(555,1,'admin@gmail.com','175.158.213.7','Mozilla/5.0 (Windows NT 10.0; Win64; x64) AppleWebKit/537.36 (KHTML, like Gecko) Chrome/146.0.0.0 Safari/537.36','SUCCESS','Login successful','2026-04-06 12:33:57',NULL),(556,1,'admin@gmail.com','175.158.214.208','Mozilla/5.0 (Windows NT 10.0; Win64; x64) AppleWebKit/537.36 (KHTML, like Gecko) Chrome/146.0.0.0 Safari/537.36','SUCCESS','Session expired due to inactivity','2026-04-06 13:12:57',NULL),(557,23,'mhermoso@debesmscat.edu.ph','175.158.213.131','Mozilla/5.0 (Linux; Android 15; V2520 Build/AP3A.240905.015.A2_T1NN_V000L1; wv) AppleWebKit/537.36 (KHTML, like Gecko) Version/4.0 Chrome/146.0.7680.164 Mobile Safari/537.36 [FB_IAB/FB4A;FBAV/555.0.0.56.66;]','SUCCESS','Session expired due to inactivity','2026-04-06 13:12:59',NULL),(558,23,'mhermoso@debesmscat.edu.ph','175.158.213.131','Mozilla/5.0 (Linux; Android 15; V2520 Build/AP3A.240905.015.A2_T1NN_V000L1; wv) AppleWebKit/537.36 (KHTML, like Gecko) Version/4.0 Chrome/146.0.7680.164 Mobile Safari/537.36 [FB_IAB/FB4A;FBAV/555.0.0.56.66;]','SUCCESS','Login successful','2026-04-06 13:13:19',NULL),(559,15,'rbello@gmail.com','175.158.214.208','Mozilla/5.0 (Windows NT 10.0; Win64; x64) AppleWebKit/537.36 (KHTML, like Gecko) Chrome/146.0.0.0 Safari/537.36','SUCCESS','Login successful','2026-04-06 13:16:47',NULL),(560,15,'rbello@gmail.com','175.158.214.208','Mozilla/5.0 (Windows NT 10.0; Win64; x64) AppleWebKit/537.36 (KHTML, like Gecko) Chrome/146.0.0.0 Safari/537.36','SUCCESS','User logged out','2026-04-06 13:16:53',NULL),(561,15,'rbello@gmail.com','175.158.214.208','Mozilla/5.0 (Windows NT 10.0; Win64; x64) AppleWebKit/537.36 (KHTML, like Gecko) Chrome/146.0.0.0 Safari/537.36','SUCCESS','Login successful','2026-04-06 13:18:05',NULL),(562,15,'rbello@gmail.com','175.158.214.208','Mozilla/5.0 (Windows NT 10.0; Win64; x64) AppleWebKit/537.36 (KHTML, like Gecko) Chrome/146.0.0.0 Safari/537.36','SUCCESS','User logged out','2026-04-06 13:18:11',NULL),(563,15,'rbello@gmail.com','175.158.214.208','Mozilla/5.0 (Windows NT 10.0; Win64; x64) AppleWebKit/537.36 (KHTML, like Gecko) Chrome/146.0.0.0 Safari/537.36','SUCCESS','Login successful','2026-04-06 13:23:32',NULL),(564,15,'rbello@gmail.com','175.158.214.208','Mozilla/5.0 (Windows NT 10.0; Win64; x64) AppleWebKit/537.36 (KHTML, like Gecko) Chrome/146.0.0.0 Safari/537.36','SUCCESS','User logged out','2026-04-06 13:24:01',NULL),(565,15,'rbello@gmail.com','175.158.214.208','Mozilla/5.0 (Windows NT 10.0; Win64; x64) AppleWebKit/537.36 (KHTML, like Gecko) Chrome/146.0.0.0 Safari/537.36','SUCCESS','Login successful','2026-04-06 13:24:09',NULL),(566,15,'rbello@gmail.com','175.158.214.208','Mozilla/5.0 (Windows NT 10.0; Win64; x64) AppleWebKit/537.36 (KHTML, like Gecko) Chrome/146.0.0.0 Safari/537.36','SUCCESS','User logged out','2026-04-06 13:24:14',NULL),(567,15,'rbello@gmail.com','175.158.214.208','Mozilla/5.0 (Windows NT 10.0; Win64; x64) AppleWebKit/537.36 (KHTML, like Gecko) Chrome/146.0.0.0 Safari/537.36','FAILED','Account not activated','2026-04-06 13:30:57',NULL),(568,15,'rbello@gmail.com','175.158.214.208','Mozilla/5.0 (Windows NT 10.0; Win64; x64) AppleWebKit/537.36 (KHTML, like Gecko) Chrome/146.0.0.0 Safari/537.36','SUCCESS','Login successful','2026-04-06 13:31:23',NULL),(569,15,'rbello@gmail.com','175.158.214.208','Mozilla/5.0 (Windows NT 10.0; Win64; x64) AppleWebKit/537.36 (KHTML, like Gecko) Chrome/146.0.0.0 Safari/537.36','SUCCESS','User logged out','2026-04-06 13:32:33',NULL),(570,8,'jromero@gmail.com','175.158.214.208','Mozilla/5.0 (Windows NT 10.0; Win64; x64) AppleWebKit/537.36 (KHTML, like Gecko) Chrome/146.0.0.0 Safari/537.36','SUCCESS','Login successful','2026-04-06 13:33:52',NULL),(571,8,'jromero@gmail.com','175.158.214.208','Mozilla/5.0 (Windows NT 10.0; Win64; x64) AppleWebKit/537.36 (KHTML, like Gecko) Chrome/146.0.0.0 Safari/537.36','SUCCESS','User logged out','2026-04-06 13:33:58',NULL),(572,1,'admin@gmail.com','175.158.214.208','Mozilla/5.0 (Windows NT 10.0; Win64; x64) AppleWebKit/537.36 (KHTML, like Gecko) Chrome/146.0.0.0 Safari/537.36','SUCCESS','Login successful','2026-04-06 14:09:18',NULL),(573,1,'admin@gmail.com','175.158.214.208','Mozilla/5.0 (Windows NT 10.0; Win64; x64) AppleWebKit/537.36 (KHTML, like Gecko) Chrome/146.0.0.0 Safari/537.36','SUCCESS','User logged out','2026-04-06 14:10:34',NULL),(574,15,'rbello@gmail.com','175.158.214.208','Mozilla/5.0 (Windows NT 10.0; Win64; x64) AppleWebKit/537.36 (KHTML, like Gecko) Chrome/146.0.0.0 Safari/537.36','SUCCESS','Login successful','2026-04-06 14:10:40',NULL),(575,NULL,'jesaabelleromano@gmail.com','123.253.136.34','Mozilla/5.0 (Windows NT 10.0; Win64; x64) AppleWebKit/537.36 (KHTML, like Gecko) Chrome/146.0.0.0 Safari/537.36 Edg/146.0.0.0','FAILED','Email not found','2026-04-06 23:13:00',NULL),(576,NULL,'jesaabelleromano@gmail.com','123.253.136.34','Mozilla/5.0 (Windows NT 10.0; Win64; x64) AppleWebKit/537.36 (KHTML, like Gecko) Chrome/146.0.0.0 Safari/537.36 Edg/146.0.0.0','FAILED','Email not found','2026-04-06 23:13:04',NULL),(577,23,'mhermoso@debesmscat.edu.ph','123.253.136.34','Mozilla/5.0 (Windows NT 10.0; Win64; x64) AppleWebKit/537.36 (KHTML, like Gecko) Chrome/146.0.0.0 Safari/537.36 Edg/146.0.0.0','SUCCESS','Login successful','2026-04-06 23:47:55',NULL),(578,23,'mhermoso@debesmscat.edu.ph','123.253.136.33','Mozilla/5.0 (Windows NT 10.0; Win64; x64) AppleWebKit/537.36 (KHTML, like Gecko) Chrome/146.0.0.0 Safari/537.36 Edg/146.0.0.0','SUCCESS','Session expired due to inactivity','2026-04-07 01:19:40',NULL),(579,24,'raise.torm@gmail.com','123.253.136.34','Mozilla/5.0 (Windows NT 10.0; Win64; x64) AppleWebKit/537.36 (KHTML, like Gecko) Chrome/146.0.0.0 Safari/537.36','FAILED','Account not activated','2026-04-07 01:22:09',NULL),(580,24,'raise.torm@gmail.com','123.253.136.34','Mozilla/5.0 (Windows NT 10.0; Win64; x64) AppleWebKit/537.36 (KHTML, like Gecko) Chrome/146.0.0.0 Safari/537.36','SUCCESS','Login successful','2026-04-07 01:23:05',NULL),(581,23,'mhermoso@debesmscat.edu.ph','123.253.136.34','Mozilla/5.0 (Windows NT 10.0; Win64; x64) AppleWebKit/537.36 (KHTML, like Gecko) Chrome/146.0.0.0 Safari/537.36 Edg/146.0.0.0','SUCCESS','Login successful','2026-04-07 02:12:58',NULL),(582,NULL,'alfredpunay@gmail.com','2406:2d40:3b45:f308:c029:2956:8e55:c850','Mozilla/5.0 (iPhone; CPU iPhone OS 18_7 like Mac OS X) AppleWebKit/605.1.15 (KHTML, like Gecko) Mobile/15E148 [FBAN/FBIOS;FBAV/555.0.0.37.106;FBBV/923361586;FBDV/iPhone15,3;FBMD/iPhone;FBSN/iOS;FBSV/26.4;FBSS/3;FBCR/;FBID/phone;FBLC/en_US;FBOP/80]','FAILED','Email not found','2026-04-07 02:17:16',NULL),(583,15,'rbello@gmail.com','123.253.136.34','Mozilla/5.0 (iPhone; CPU iPhone OS 18_7 like Mac OS X) AppleWebKit/605.1.15 (KHTML, like Gecko) Version/26.4 Mobile/15E148 Safari/604.1','SUCCESS','Login successful','2026-04-07 02:44:33',NULL),(584,26,'clarejyduyag@gmail.com','123.253.136.33','Mozilla/5.0 (Windows NT 10.0; Win64; x64) AppleWebKit/537.36 (KHTML, like Gecko) Chrome/146.0.0.0 Safari/537.36 Edg/146.0.0.0','FAILED','Account not activated','2026-04-07 02:45:12',NULL),(585,26,'clarejyduyag@gmail.com','123.253.136.33','Mozilla/5.0 (Windows NT 10.0; Win64; x64) AppleWebKit/537.36 (KHTML, like Gecko) Chrome/146.0.0.0 Safari/537.36 Edg/146.0.0.0','SUCCESS','Login successful','2026-04-07 02:46:07',NULL),(586,4,'rbello@gmail.com','123.253.136.34','Mozilla/5.0 (iPhone; CPU iPhone OS 18_7 like Mac OS X) AppleWebKit/605.1.15 (KHTML, like Gecko) Mobile/15E148 [FBAN/FBIOS;FBAV/555.0.0.37.106;FBBV/923361586;FBDV/iPhone12,1;FBMD/iPhone;FBSN/iOS;FBSV/26.4;FBSS/2;FBCR/;FBID/phone;FBLC/en_US;FBOP/80]','SUCCESS','Login successful','2026-04-07 02:47:29',NULL),(587,23,'mhermoso@debesmscat.edu.ph','119.92.254.6','Mozilla/5.0 (Windows NT 10.0; Win64; x64) AppleWebKit/537.36 (KHTML, like Gecko) Chrome/146.0.0.0 Safari/537.36 Edg/146.0.0.0','SUCCESS','Session expired due to inactivity','2026-04-07 02:59:39',NULL),(588,25,'yenlalaguna06@fmail.com','2406:2d40:3b45:f308:4990:e76c:9827:4b55','Mozilla/5.0 (Windows NT 10.0; Win64; x64) AppleWebKit/537.36 (KHTML, like Gecko) Chrome/146.0.0.0 Safari/537.36','FAILED','Account not activated','2026-04-07 03:23:07',NULL),(589,16,'dentelroc@gmail.com','2406:2d40:3b45:f308:f0:9d38:768:cf4b','Mozilla/5.0 (Linux; Android 16; SM-S721B Build/BP2A.250605.031.A3; wv) AppleWebKit/537.36 (KHTML, like Gecko) Version/4.0 Chrome/146.0.7680.164 Mobile Safari/537.36 [FB_IAB/FB4A;FBAV/555.0.0.56.66;]','FAILED','Account not activated','2026-04-07 03:23:16',NULL),(590,16,'dentelroc@gmail.com','2406:2d40:3b45:f308:f0:9d38:768:cf4b','Mozilla/5.0 (Linux; Android 10; K) AppleWebKit/537.36 (KHTML, like Gecko) SamsungBrowser/29.0 Chrome/136.0.0.0 Mobile Safari/537.36','SUCCESS','Login successful','2026-04-07 03:23:41',NULL),(591,16,'dentelroc@gmail.com','2406:2d40:3b45:f308:2d2f:645b:92f5:d98e','Mozilla/5.0 (Windows NT 10.0; Win64; x64) AppleWebKit/537.36 (KHTML, like Gecko) Chrome/146.0.0.0 Safari/537.36','SUCCESS','Login successful','2026-04-07 03:27:50',NULL),(592,23,'mhermoso@debesmscat.edu.ph','175.158.213.133','Mozilla/5.0 (Linux; Android 15; V2520 Build/AP3A.240905.015.A2_T1NN_V000L1; wv) AppleWebKit/537.36 (KHTML, like Gecko) Version/4.0 Chrome/146.0.7680.164 Mobile Safari/537.36 [FB_IAB/FB4A;FBAV/555.0.0.56.66;]','SUCCESS','Session expired due to inactivity','2026-04-07 03:32:33',NULL),(593,23,'mhermoso@debesmscat.edu.ph','175.158.213.133','Mozilla/5.0 (Linux; Android 15; V2520 Build/AP3A.240905.015.A2_T1NN_V000L1; wv) AppleWebKit/537.36 (KHTML, like Gecko) Version/4.0 Chrome/146.0.7680.164 Mobile Safari/537.36 [FB_IAB/FB4A;FBAV/555.0.0.56.66;]','SUCCESS','Login successful','2026-04-07 03:33:08',NULL),(594,16,'dentelroc@gmail.com','2406:2d40:3b45:f308:2d2f:645b:92f5:d98e','Mozilla/5.0 (Windows NT 10.0; Win64; x64) AppleWebKit/537.36 (KHTML, like Gecko) Chrome/146.0.0.0 Safari/537.36','SUCCESS','Session expired due to inactivity','2026-04-07 03:52:00',NULL),(595,16,'dentelroc@gmail.com','2406:2d40:3b45:f308:2d2f:645b:92f5:d98e','Mozilla/5.0 (Windows NT 10.0; Win64; x64) AppleWebKit/537.36 (KHTML, like Gecko) Chrome/146.0.0.0 Safari/537.36','SUCCESS','Login successful','2026-04-07 03:52:14',NULL),(596,NULL,'yenlalaguna06@gmail.com','2406:2d40:3b45:f308:4990:e76c:9827:4b55','Mozilla/5.0 (Windows NT 10.0; Win64; x64) AppleWebKit/537.36 (KHTML, like Gecko) Chrome/146.0.0.0 Safari/537.36','FAILED','Email not found','2026-04-07 03:54:28',NULL),(597,NULL,'yenlalaguna06@fmail.com','2406:2d40:3b45:f308:4990:e76c:9827:4b55','Mozilla/5.0 (Windows NT 10.0; Win64; x64) AppleWebKit/537.36 (KHTML, like Gecko) Chrome/146.0.0.0 Safari/537.36','FAILED','Email not found','2026-04-07 03:55:30',NULL),(598,25,'yenlalaguna06@gmail.com','2406:2d40:3b45:f308:4990:e76c:9827:4b55','Mozilla/5.0 (Windows NT 10.0; Win64; x64) AppleWebKit/537.36 (KHTML, like Gecko) Chrome/146.0.0.0 Safari/537.36','FAILED','Account not activated','2026-04-07 03:55:38',NULL),(599,25,'yenlalaguna06@gmail.com','2406:2d40:3b45:f308:4990:e76c:9827:4b55','Mozilla/5.0 (Windows NT 10.0; Win64; x64) AppleWebKit/537.36 (KHTML, like Gecko) Chrome/146.0.0.0 Safari/537.36','SUCCESS','Login successful','2026-04-07 03:56:11',NULL),(600,26,'clarejyduyag@gmail.com','123.253.136.33','Mozilla/5.0 (Windows NT 10.0; Win64; x64) AppleWebKit/537.36 (KHTML, like Gecko) Chrome/146.0.0.0 Safari/537.36 Edg/146.0.0.0','SUCCESS','Session expired due to inactivity','2026-04-07 04:55:42',NULL),(601,1,'admin@gmail.com','175.158.214.215','Mozilla/5.0 (Windows NT 10.0; Win64; x64) AppleWebKit/537.36 (KHTML, like Gecko) Chrome/146.0.0.0 Safari/537.36','SUCCESS','Login successful','2026-04-07 06:35:52',NULL),(602,15,'rbello@gmail.com','175.158.214.215','Mozilla/5.0 (Windows NT 10.0; Win64; x64) AppleWebKit/537.36 (KHTML, like Gecko) Chrome/146.0.0.0 Safari/537.36 Edg/146.0.0.0','SUCCESS','Login successful','2026-04-07 06:37:57',NULL),(603,15,'rbello@gmail.com','175.158.214.215','Mozilla/5.0 (Windows NT 10.0; Win64; x64) AppleWebKit/537.36 (KHTML, like Gecko) Chrome/146.0.0.0 Safari/537.36 Edg/146.0.0.0','SUCCESS','User logged out','2026-04-07 06:38:50',NULL),(604,15,'rbello@gmail.com','175.158.214.215','Mozilla/5.0 (Windows NT 10.0; Win64; x64) AppleWebKit/537.36 (KHTML, like Gecko) Chrome/146.0.0.0 Safari/537.36 Edg/146.0.0.0','SUCCESS','Login successful','2026-04-07 06:38:55',NULL),(605,2,'daisyjean.castillo11@gmail.com','2406:2d40:3b45:f308:3910:224:57b3:a9d8','Mozilla/5.0 (Windows NT 10.0; Win64; x64) AppleWebKit/537.36 (KHTML, like Gecko) Chrome/146.0.0.0 Safari/537.36','SUCCESS','Login successful','2026-04-07 06:39:18',NULL),(606,2,'daisyjean.castillo11@gmail.com','2406:2d40:3b45:f308:3910:224:57b3:a9d8','Mozilla/5.0 (Windows NT 10.0; Win64; x64) AppleWebKit/537.36 (KHTML, like Gecko) Chrome/146.0.0.0 Safari/537.36','SUCCESS','User logged out','2026-04-07 06:41:15',NULL),(607,31,'cklainchrapsing@gmail.com','2406:2d40:3b45:f308:2dca:7d65:3660:4e3d','Mozilla/5.0 (Windows NT 10.0; Win64; x64) AppleWebKit/537.36 (KHTML, like Gecko) Chrome/146.0.0.0 Safari/537.36','FAILED','Account not activated','2026-04-07 06:43:16',NULL),(608,18,'florencejoy.capinig@debesmscat.edu.ph','2406:2d40:3b45:f308:84cf:861:d6f8:ec8b','Mozilla/5.0 (Windows NT 10.0; Win64; x64) AppleWebKit/537.36 (KHTML, like Gecko) Chrome/146.0.0.0 Safari/537.36','SUCCESS','Login successful','2026-04-07 06:48:31',NULL),(609,16,'dentelroc@gmail.com','2406:2d40:3b45:f308:4fe:b62a:26da:c0a6','Mozilla/5.0 (Windows NT 10.0; Win64; x64) AppleWebKit/537.36 (KHTML, like Gecko) Chrome/146.0.0.0 Safari/537.36','SUCCESS','Login successful','2026-04-07 06:53:17',NULL),(610,1,'admin@gmail.com','175.158.214.215','Mozilla/5.0 (Windows NT 10.0; Win64; x64) AppleWebKit/537.36 (KHTML, like Gecko) Chrome/146.0.0.0 Safari/537.36','SUCCESS','Session expired due to inactivity','2026-04-07 06:56:30',NULL),(611,1,'admin@gmail.com','175.158.214.215','Mozilla/5.0 (Windows NT 10.0; Win64; x64) AppleWebKit/537.36 (KHTML, like Gecko) Chrome/146.0.0.0 Safari/537.36','SUCCESS','Login successful','2026-04-07 06:56:49',NULL),(612,15,'rbello@gmail.com','175.158.214.215','Mozilla/5.0 (Windows NT 10.0; Win64; x64) AppleWebKit/537.36 (KHTML, like Gecko) Chrome/146.0.0.0 Safari/537.36 Edg/146.0.0.0','SUCCESS','Session expired due to inactivity','2026-04-07 06:57:26',NULL),(613,15,'rbello@gmail.com','175.158.214.215','Mozilla/5.0 (Windows NT 10.0; Win64; x64) AppleWebKit/537.36 (KHTML, like Gecko) Chrome/146.0.0.0 Safari/537.36 Edg/146.0.0.0','SUCCESS','Login successful','2026-04-07 06:57:31',NULL),(614,15,'rbello@gmail.com','175.158.214.215','Mozilla/5.0 (Windows NT 10.0; Win64; x64) AppleWebKit/537.36 (KHTML, like Gecko) Chrome/146.0.0.0 Safari/537.36 Edg/146.0.0.0','SUCCESS','User logged out','2026-04-07 06:58:02',NULL),(615,23,'mhermoso@debesmscat.edu.ph','175.158.214.215','Mozilla/5.0 (Windows NT 10.0; Win64; x64) AppleWebKit/537.36 (KHTML, like Gecko) Chrome/146.0.0.0 Safari/537.36 Edg/146.0.0.0','SUCCESS','Login successful','2026-04-07 06:58:21',NULL),(616,16,'dentelroc@gmail.com','2406:2d40:3b45:f308:4fe:b62a:26da:c0a6','Mozilla/5.0 (Windows NT 10.0; Win64; x64) AppleWebKit/537.36 (KHTML, like Gecko) Chrome/146.0.0.0 Safari/537.36','SUCCESS','User logged out','2026-04-07 07:07:09',NULL),(617,17,'mcastro@debesmscat.edu.ph','175.158.213.17','Mozilla/5.0 (Linux; Android 16; CPH2695 Build/BP2A.250605.015; wv) AppleWebKit/537.36 (KHTML, like Gecko) Version/4.0 Chrome/146.0.7680.164 Mobile Safari/537.36 [FB_IAB/FB4A;FBAV/555.0.0.56.66;]','FAILED','Account not activated','2026-04-07 07:07:57',NULL),(618,17,'mcastro@debesmscat.edu.ph','175.158.213.17','Mozilla/5.0 (Linux; Android 16; CPH2695 Build/BP2A.250605.015; wv) AppleWebKit/537.36 (KHTML, like Gecko) Version/4.0 Chrome/146.0.7680.164 Mobile Safari/537.36 [FB_IAB/FB4A;FBAV/555.0.0.56.66;]','FAILED','Wrong password','2026-04-07 07:09:32',NULL),(619,17,'mcastro@debesmscat.edu.ph','175.158.213.17','Mozilla/5.0 (Linux; Android 16; CPH2695 Build/BP2A.250605.015; wv) AppleWebKit/537.36 (KHTML, like Gecko) Version/4.0 Chrome/146.0.7680.164 Mobile Safari/537.36 [FB_IAB/FB4A;FBAV/555.0.0.56.66;]','SUCCESS','Login successful','2026-04-07 07:09:48',NULL),(620,NULL,'jesaabelleromano@gmail.com','2406:2d40:3b45:f308:74e2:f869:a319:2786','Mozilla/5.0 (Windows NT 10.0; Win64; x64) AppleWebKit/537.36 (KHTML, like Gecko) Chrome/146.0.0.0 Safari/537.36','FAILED','Email not found','2026-04-07 07:16:49',NULL),(621,19,'jesaabelleromano@gmail.com','2406:2d40:3b45:f308:74e2:f869:a319:2786','Mozilla/5.0 (Windows NT 10.0; Win64; x64) AppleWebKit/537.36 (KHTML, like Gecko) Chrome/146.0.0.0 Safari/537.36','FAILED','Account not activated','2026-04-07 07:17:31',NULL),(622,19,'jesaabelleromano@gmail.com','2406:2d40:3b45:f308:74e2:f869:a319:2786','Mozilla/5.0 (Windows NT 10.0; Win64; x64) AppleWebKit/537.36 (KHTML, like Gecko) Chrome/146.0.0.0 Safari/537.36','FAILED','Wrong password','2026-04-07 07:17:55',NULL),(623,19,'jesaabelleromano@gmail.com','2406:2d40:3b45:f308:74e2:f869:a319:2786','Mozilla/5.0 (Windows NT 10.0; Win64; x64) AppleWebKit/537.36 (KHTML, like Gecko) Chrome/146.0.0.0 Safari/537.36','SUCCESS','Login successful','2026-04-07 07:18:02',NULL),(624,17,'mcastro@debesmscat.edu.ph','175.158.213.10','Mozilla/5.0 (Windows NT 10.0; Win64; x64) AppleWebKit/537.36 (KHTML, like Gecko) Chrome/146.0.0.0 Safari/537.36','SUCCESS','Login successful','2026-04-07 07:20:55',NULL),(625,23,'mhermoso@debesmscat.edu.ph','119.92.254.6','Mozilla/5.0 (Windows NT 10.0; Win64; x64) AppleWebKit/537.36 (KHTML, like Gecko) Chrome/146.0.0.0 Safari/537.36 Edg/146.0.0.0','SUCCESS','Login successful','2026-04-07 07:31:31',NULL),(626,NULL,'vibaskimberly8@gmail.com','150.228.189.207','Mozilla/5.0 (Linux; Android 13; V2254 Build/TP1A.220624.014; wv) AppleWebKit/537.36 (KHTML, like Gecko) Version/4.0 Chrome/146.0.7680.164 Mobile Safari/537.36 [FB_IAB/FB4A;FBAV/555.0.0.56.66;]','FAILED','Email not found','2026-04-07 07:40:13',NULL),(627,28,'vibaskimberly8@gmail.com','150.228.189.207','Mozilla/5.0 (Linux; Android 13; V2254 Build/TP1A.220624.014; wv) AppleWebKit/537.36 (KHTML, like Gecko) Version/4.0 Chrome/146.0.7680.164 Mobile Safari/537.36 [FB_IAB/FB4A;FBAV/555.0.0.56.66;]','FAILED','Account not activated','2026-04-07 07:41:44',NULL),(628,28,'vibaskimberly8@gmail.com','150.228.189.207','Mozilla/5.0 (Linux; Android 13; V2254 Build/TP1A.220624.014; wv) AppleWebKit/537.36 (KHTML, like Gecko) Version/4.0 Chrome/146.0.7680.164 Mobile Safari/537.36 [FB_IAB/FB4A;FBAV/555.0.0.56.66;]','FAILED','Account not activated','2026-04-07 07:41:51',NULL),(629,28,'vibaskimberly8@gmail.com','150.228.189.207','Mozilla/5.0 (Linux; Android 13; V2254) AppleWebKit/537.36 (KHTML, like Gecko) Version/4.0 Chrome/123.0.6312.118 Mobile Safari/537.36 VivoBrowser/15.1.0.3','SUCCESS','Login successful','2026-04-07 07:44:40',NULL),(630,23,'mhermoso@debesmscat.edu.ph','175.158.214.215','Mozilla/5.0 (Windows NT 10.0; Win64; x64) AppleWebKit/537.36 (KHTML, like Gecko) Chrome/146.0.0.0 Safari/537.36 Edg/146.0.0.0','SUCCESS','Session expired due to inactivity','2026-04-07 07:45:16',NULL),(631,23,'mhermoso@debesmscat.edu.ph','175.158.214.215','Mozilla/5.0 (Windows NT 10.0; Win64; x64) AppleWebKit/537.36 (KHTML, like Gecko) Chrome/146.0.0.0 Safari/537.36 Edg/146.0.0.0','SUCCESS','Login successful','2026-04-07 07:45:24',NULL),(632,23,'mhermoso@debesmscat.edu.ph','123.253.136.34','Mozilla/5.0 (Windows NT 10.0; Win64; x64) AppleWebKit/537.36 (KHTML, like Gecko) Chrome/146.0.0.0 Safari/537.36 Edg/146.0.0.0','SUCCESS','Session expired due to inactivity','2026-04-07 07:48:17',NULL),(633,NULL,'jhiepot120584@gmail.com','2406:2d40:3b45:f308:7cbf:690a:904:c031','Mozilla/5.0 (Windows NT 10.0; Win64; x64) AppleWebKit/537.36 (KHTML, like Gecko) Chrome/146.0.0.0 Safari/537.36 Edg/146.0.0.0','FAILED','Email not found','2026-04-07 07:57:34',NULL),(634,8,'jhiepot120584@gmail.com','2406:2d40:3b45:f308:7cbf:690a:904:c031','Mozilla/5.0 (Windows NT 10.0; Win64; x64) AppleWebKit/537.36 (KHTML, like Gecko) Chrome/146.0.0.0 Safari/537.36 Edg/146.0.0.0','SUCCESS','Login successful','2026-04-07 08:05:33',NULL),(635,31,'cklainchrapsing@gmail.com','2406:2d40:3b45:f308:f0d6:7918:a34f:fa31','Mozilla/5.0 (Linux; Android 12; V2204) AppleWebKit/537.36 (KHTML, like Gecko) Version/4.0 Chrome/123.0.6312.118 Mobile Safari/537.36 VivoBrowser/15.1.0.3','SUCCESS','Login successful','2026-04-07 08:06:54',NULL),(636,31,'cklainchrapsing@gmail.com','2406:2d40:3b45:f308:7d7e:8cce:d1f3:4c0c','Mozilla/5.0 (Windows NT 10.0; Win64; x64) AppleWebKit/537.36 (KHTML, like Gecko) Chrome/146.0.0.0 Safari/537.36','SUCCESS','Login successful','2026-04-07 08:16:37',NULL),(637,28,'vibaskimberly8@gmail.com','150.228.189.207','Mozilla/5.0 (Linux; Android 13; V2254) AppleWebKit/537.36 (KHTML, like Gecko) Version/4.0 Chrome/123.0.6312.118 Mobile Safari/537.36 VivoBrowser/15.1.0.3','SUCCESS','Session expired due to inactivity','2026-04-07 08:23:12',NULL),(638,8,'jhiepot120584@gmail.com','2406:2d40:3b45:f308:bc9c:a867:1ef8:ceec','Mozilla/5.0 (Windows NT 10.0; Win64; x64) AppleWebKit/537.36 (KHTML, like Gecko) Chrome/146.0.0.0 Safari/537.36 Edg/146.0.0.0','SUCCESS','Session expired due to inactivity','2026-04-07 08:23:42',NULL),(639,NULL,'jhiepot120584@gmail.com','2406:2d40:3b45:f308:bc9c:a867:1ef8:ceec','Mozilla/5.0 (Windows NT 10.0; Win64; x64) AppleWebKit/537.36 (KHTML, like Gecko) Chrome/146.0.0.0 Safari/537.36 Edg/146.0.0.0','FAILED','Email not found','2026-04-07 08:24:04',NULL),(640,NULL,'jhiepot120584@gmail.com','2406:2d40:3b45:f308:bc9c:a867:1ef8:ceec','Mozilla/5.0 (Windows NT 10.0; Win64; x64) AppleWebKit/537.36 (KHTML, like Gecko) Chrome/146.0.0.0 Safari/537.36 Edg/146.0.0.0','FAILED','Email not found','2026-04-07 08:24:21',NULL),(641,8,'jhiepot120584@gmail.com','2406:2d40:3b45:f308:bc9c:a867:1ef8:ceec','Mozilla/5.0 (Windows NT 10.0; Win64; x64) AppleWebKit/537.36 (KHTML, like Gecko) Chrome/146.0.0.0 Safari/537.36 Edg/146.0.0.0','SUCCESS','Login successful','2026-04-07 08:24:36',NULL),(642,28,'vibaskimberly8@gmail.com','150.228.189.207','Mozilla/5.0 (Linux; Android 13; V2254 Build/TP1A.220624.014; wv) AppleWebKit/537.36 (KHTML, like Gecko) Version/4.0 Chrome/146.0.7680.164 Mobile Safari/537.36 [FB_IAB/FB4A;FBAV/555.0.0.56.66;]','SUCCESS','Login successful','2026-04-07 08:34:41',NULL),(643,29,'jelyn.sabaulan@debesmscat.edu.ph','150.228.189.207','Mozilla/5.0 (Linux; Android 14; 24117RN76G Build/UP1A.231005.007; wv) AppleWebKit/537.36 (KHTML, like Gecko) Version/4.0 Chrome/146.0.7680.164 Mobile Safari/537.36 [FB_IAB/FB4A;FBAV/555.0.0.56.66;]','FAILED','Account not activated','2026-04-07 08:36:13',NULL),(644,29,'jelyn.sabaulan@debesmscat.edu.ph','150.228.189.207','Mozilla/5.0 (Linux; Android 10; K) AppleWebKit/537.36 (KHTML, like Gecko) Chrome/146.0.0.0 Mobile Safari/537.36','SUCCESS','Login successful','2026-04-07 08:37:12',NULL),(645,23,'mhermoso@debesmscat.edu.ph','123.253.136.33','Mozilla/5.0 (Windows NT 10.0; Win64; x64) AppleWebKit/537.36 (KHTML, like Gecko) Chrome/146.0.0.0 Safari/537.36 Edg/146.0.0.0','SUCCESS','Login successful','2026-04-07 09:52:43',NULL),(646,4,'rbello@gmail.com','175.158.213.151','Mozilla/5.0 (Windows NT 10.0; Win64; x64) AppleWebKit/537.36 (KHTML, like Gecko) Chrome/146.0.0.0 Safari/537.36 Edg/146.0.0.0','SUCCESS','Login successful','2026-04-07 12:20:21',NULL),(647,4,'rbello@gmail.com','175.158.213.151','Mozilla/5.0 (Windows NT 10.0; Win64; x64) AppleWebKit/537.36 (KHTML, like Gecko) Chrome/146.0.0.0 Safari/537.36 Edg/146.0.0.0','SUCCESS','Changed status from \'For Verification\' to \'Verified\' for faculty ID 16 (task ID 16)','2026-04-07 12:21:22',NULL),(648,4,'rbello@gmail.com','175.158.213.151','Mozilla/5.0 (Windows NT 10.0; Win64; x64) AppleWebKit/537.36 (KHTML, like Gecko) Chrome/146.0.0.0 Safari/537.36 Edg/146.0.0.0','SUCCESS','Changed status from \'For Verification\' to \'Verified\' for faculty ID 16 (task ID 15)','2026-04-07 12:21:31',NULL),(649,4,'rbello@gmail.com','175.158.213.151','Mozilla/5.0 (Windows NT 10.0; Win64; x64) AppleWebKit/537.36 (KHTML, like Gecko) Chrome/146.0.0.0 Safari/537.36 Edg/146.0.0.0','SUCCESS','Changed status from \'For Verification\' to \'Verified\' for faculty ID 23 (task ID 5)','2026-04-07 12:21:58',NULL),(650,4,'rbello@gmail.com','175.158.213.151','Mozilla/5.0 (Windows NT 10.0; Win64; x64) AppleWebKit/537.36 (KHTML, like Gecko) Chrome/146.0.0.0 Safari/537.36 Edg/146.0.0.0','SUCCESS','Changed status from \'For Verification\' to \'Verified\' for faculty ID 23 (task ID 4)','2026-04-07 12:22:01',NULL),(651,4,'rbello@gmail.com','175.158.213.151','Mozilla/5.0 (Windows NT 10.0; Win64; x64) AppleWebKit/537.36 (KHTML, like Gecko) Chrome/146.0.0.0 Safari/537.36 Edg/146.0.0.0','SUCCESS','User logged out','2026-04-07 12:23:19',NULL),(652,NULL,'rmramiso@gmail.com','175.158.213.151','Mozilla/5.0 (Windows NT 10.0; Win64; x64) AppleWebKit/537.36 (KHTML, like Gecko) Chrome/146.0.0.0 Safari/537.36 Edg/146.0.0.0','FAILED','Email not found','2026-04-07 12:23:35',NULL),(653,1,'rmramiso@debesmscat.edu.ph','175.158.213.151','Mozilla/5.0 (Windows NT 10.0; Win64; x64) AppleWebKit/537.36 (KHTML, like Gecko) Chrome/146.0.0.0 Safari/537.36 Edg/146.0.0.0','SUCCESS','Login successful','2026-04-07 12:23:52',NULL),(654,1,'rmramiso@debesmscat.edu.ph','175.158.213.151','Mozilla/5.0 (Windows NT 10.0; Win64; x64) AppleWebKit/537.36 (KHTML, like Gecko) Chrome/146.0.0.0 Safari/537.36 Edg/146.0.0.0','SUCCESS','Changed status from \'For Verification\' to \'Verified\' for faculty ID 15 (task ID 15)','2026-04-07 12:24:29',NULL),(655,NULL,'taaguilar@debesmscat.edu.ph','2406:2d40:3b9d:f008:949b:7b5d:256b:9c37','Mozilla/5.0 (Windows NT 10.0; Win64; x64) AppleWebKit/537.36 (KHTML, like Gecko) Chrome/146.0.0.0 Safari/537.36 Edg/146.0.0.0','FAILED','Email not found','2026-04-07 12:24:55',NULL),(656,NULL,'taaguilar@debesmscat.edu.ph','2406:2d40:3b9d:f008:949b:7b5d:256b:9c37','Mozilla/5.0 (Windows NT 10.0; Win64; x64) AppleWebKit/537.36 (KHTML, like Gecko) Chrome/146.0.0.0 Safari/537.36 Edg/146.0.0.0','FAILED','Email not found','2026-04-07 12:29:48',NULL),(657,NULL,'taaguilar@debesmscat.edu.ph','2406:2d40:3b9d:f008:949b:7b5d:256b:9c37','Mozilla/5.0 (Windows NT 10.0; Win64; x64) AppleWebKit/537.36 (KHTML, like Gecko) Chrome/146.0.0.0 Safari/537.36 Edg/146.0.0.0','FAILED','Email not found','2026-04-07 12:31:18',NULL),(658,NULL,'taaguilar@debesmscat.edu.ph','2406:2d40:3b9d:f008:949b:7b5d:256b:9c37','Mozilla/5.0 (Windows NT 10.0; Win64; x64) AppleWebKit/537.36 (KHTML, like Gecko) Chrome/146.0.0.0 Safari/537.36 Edg/146.0.0.0','FAILED','Email not found','2026-04-07 12:31:26',NULL),(659,NULL,'taaguilar@debesmscat.edu.ph','2406:2d40:3b9d:f008:949b:7b5d:256b:9c37','Mozilla/5.0 (Windows NT 10.0; Win64; x64) AppleWebKit/537.36 (KHTML, like Gecko) Chrome/146.0.0.0 Safari/537.36 Edg/146.0.0.0','FAILED','Email not found','2026-04-07 12:32:35',NULL),(660,NULL,'taaguilar@debesmscat.edu.pj','2406:2d40:3b9d:f008:949b:7b5d:256b:9c37','Mozilla/5.0 (Windows NT 10.0; Win64; x64) AppleWebKit/537.36 (KHTML, like Gecko) Chrome/146.0.0.0 Safari/537.36 Edg/146.0.0.0','FAILED','Email not found','2026-04-07 12:49:17',NULL),(661,NULL,'taaguilar@debesmscat.edu.ph','2406:2d40:3b9d:f008:949b:7b5d:256b:9c37','Mozilla/5.0 (Windows NT 10.0; Win64; x64) AppleWebKit/537.36 (KHTML, like Gecko) Chrome/146.0.0.0 Safari/537.36 Edg/146.0.0.0','FAILED','Email not found','2026-04-07 12:49:33',NULL),(662,14,'taaguilar@debesmscat.edu.ph','2406:2d40:3b9d:f008:949b:7b5d:256b:9c37','Mozilla/5.0 (Windows NT 10.0; Win64; x64) AppleWebKit/537.36 (KHTML, like Gecko) Chrome/146.0.0.0 Safari/537.36 Edg/146.0.0.0','SUCCESS','Login successful','2026-04-07 12:49:47',NULL),(663,14,'taaguilar@debesmscat.edu.ph','2406:2d40:3b9d:f008:949b:7b5d:256b:9c37','Mozilla/5.0 (Windows NT 10.0; Win64; x64) AppleWebKit/537.36 (KHTML, like Gecko) Chrome/146.0.0.0 Safari/537.36 Edg/146.0.0.0','SUCCESS','User logged out','2026-04-07 12:51:29',NULL),(664,NULL,'taaguilar@debesmscat.edu.ph','2406:2d40:3b9d:f008:949b:7b5d:256b:9c37','Mozilla/5.0 (Windows NT 10.0; Win64; x64) AppleWebKit/537.36 (KHTML, like Gecko) Chrome/146.0.0.0 Safari/537.36 Edg/146.0.0.0','FAILED','Email not found','2026-04-07 12:51:56',NULL),(665,NULL,'alfredpunay@gmail.com','123.253.136.33','Mozilla/5.0 (Windows NT 10.0; Win64; x64; rv:149.0) Gecko/20100101 Firefox/149.0','FAILED','Email not found','2026-04-07 13:22:20',NULL),(666,NULL,'alfredpunay@gmail.com','123.253.136.33','Mozilla/5.0 (Windows NT 10.0; Win64; x64; rv:149.0) Gecko/20100101 Firefox/149.0','FAILED','Email not found','2026-04-07 13:22:27',NULL),(667,NULL,'alfredpunay@gmail.com','119.92.254.6','Mozilla/5.0 (Windows NT 10.0; Win64; x64; rv:149.0) Gecko/20100101 Firefox/149.0','FAILED','Email not found','2026-04-07 13:29:04',NULL),(668,NULL,'alfredpunay@gmail.com','119.92.254.6','Mozilla/5.0 (Windows NT 10.0; Win64; x64; rv:149.0) Gecko/20100101 Firefox/149.0','FAILED','Email not found','2026-04-07 13:29:11',NULL),(669,1,'rmramiso@debesmscat.edu.ph','175.158.213.151','Mozilla/5.0 (Windows NT 10.0; Win64; x64) AppleWebKit/537.36 (KHTML, like Gecko) Chrome/146.0.0.0 Safari/537.36 Edg/146.0.0.0','SUCCESS','Session expired due to inactivity','2026-04-07 13:31:33',NULL),(670,21,'alfredpunay@gmail.com','123.253.136.33','Mozilla/5.0 (Windows NT 10.0; Win64; x64; rv:149.0) Gecko/20100101 Firefox/149.0','FAILED','Wrong password','2026-04-07 13:37:26',NULL),(671,21,'alfredpunay@gmail.com','123.253.136.33','Mozilla/5.0 (Windows NT 10.0; Win64; x64; rv:149.0) Gecko/20100101 Firefox/149.0','FAILED','Wrong password','2026-04-07 13:37:30',NULL),(672,21,'alfredpunay@gmail.com','123.253.136.33','Mozilla/5.0 (Windows NT 10.0; Win64; x64; rv:149.0) Gecko/20100101 Firefox/149.0','FAILED','Wrong password','2026-04-07 13:37:31',NULL),(673,21,'alfredpunay@gmail.com','123.253.136.33','Mozilla/5.0 (Windows NT 10.0; Win64; x64; rv:149.0) Gecko/20100101 Firefox/149.0','FAILED','Wrong password','2026-04-07 13:37:31',NULL),(674,21,'alfredpunay@gmail.com','123.253.136.33','Mozilla/5.0 (Windows NT 10.0; Win64; x64; rv:149.0) Gecko/20100101 Firefox/149.0','FAILED','Account locked due to too many failed attempts','2026-04-07 13:37:32',NULL),(675,21,'alfredpunay@gmail.com','123.253.136.33','Mozilla/5.0 (Windows NT 10.0; Win64; x64; rv:149.0) Gecko/20100101 Firefox/149.0','FAILED','Account blocked','2026-04-07 13:37:33',NULL),(676,21,'alfredpunay@gmail.com','123.253.136.33','Mozilla/5.0 (Windows NT 10.0; Win64; x64; rv:149.0) Gecko/20100101 Firefox/149.0','FAILED','Account blocked','2026-04-07 13:37:57',NULL),(677,21,'alfredpunay@gmail.com','123.253.136.33','Mozilla/5.0 (Windows NT 10.0; Win64; x64; rv:149.0) Gecko/20100101 Firefox/149.0','FAILED','Account blocked','2026-04-07 13:37:58',NULL),(678,21,'alfredpunay@gmail.com','123.253.136.33','Mozilla/5.0 (Windows NT 10.0; Win64; x64; rv:149.0) Gecko/20100101 Firefox/149.0','FAILED','Account blocked','2026-04-07 13:38:33',NULL),(679,21,'alfredpunay@gmail.com','175.158.213.151','Mozilla/5.0 (Windows NT 10.0; Win64; x64) AppleWebKit/537.36 (KHTML, like Gecko) Chrome/146.0.0.0 Safari/537.36 Edg/146.0.0.0','FAILED','Account blocked','2026-04-07 13:38:39',NULL),(680,21,'alfredpunay@gmail.com','123.253.136.33','Mozilla/5.0 (Windows NT 10.0; Win64; x64; rv:149.0) Gecko/20100101 Firefox/149.0','FAILED','Account blocked','2026-04-07 13:38:44',NULL),(681,21,'alfredpunay@gmail.com','123.253.136.34','Mozilla/5.0 (Windows NT 10.0; Win64; x64; rv:149.0) Gecko/20100101 Firefox/149.0','SUCCESS','Login successful','2026-04-07 13:41:14',NULL),(682,1,'admin@gmail.com','175.158.214.214','Mozilla/5.0 (Windows NT 10.0; Win64; x64) AppleWebKit/537.36 (KHTML, like Gecko) Chrome/146.0.0.0 Safari/537.36','SUCCESS','Login successful','2026-04-07 13:49:01',NULL),(683,5,'taaguilar@debesmscat.edu.ph','175.158.214.214','Mozilla/5.0 (Windows NT 10.0; Win64; x64) AppleWebKit/537.36 (KHTML, like Gecko) Chrome/146.0.0.0 Safari/537.36 Edg/146.0.0.0','SUCCESS','Login successful','2026-04-07 13:52:30',NULL),(684,31,'cklainchrapsing@gmail.com','150.228.189.207','Mozilla/5.0 (Windows NT 10.0; Win64; x64) AppleWebKit/537.36 (KHTML, like Gecko) Chrome/146.0.0.0 Safari/537.36','SUCCESS','Login successful','2026-04-08 00:31:18',NULL),(685,6,'jhiepot120584@gmail.com','2406:2d40:3b45:f308:1c53:6051:ce25:f480','Mozilla/5.0 (Windows NT 10.0; Win64; x64) AppleWebKit/537.36 (KHTML, like Gecko) Chrome/146.0.0.0 Safari/537.36 Edg/146.0.0.0','SUCCESS','Login successful','2026-04-08 00:32:47',NULL),(686,6,'jhiepot120584@gmail.com','2406:2d40:3b45:f308:1c53:6051:ce25:f480','Mozilla/5.0 (Windows NT 10.0; Win64; x64) AppleWebKit/537.36 (KHTML, like Gecko) Chrome/146.0.0.0 Safari/537.36 Edg/146.0.0.0','SUCCESS','User logged out','2026-04-08 00:34:14',NULL),(687,8,'jhiepot120584@gmail.com','2406:2d40:3b45:f308:1c53:6051:ce25:f480','Mozilla/5.0 (Windows NT 10.0; Win64; x64) AppleWebKit/537.36 (KHTML, like Gecko) Chrome/146.0.0.0 Safari/537.36 Edg/146.0.0.0','FAILED','Wrong password','2026-04-08 00:34:26',NULL),(688,8,'jhiepot120584@gmail.com','2406:2d40:3b45:f308:1c53:6051:ce25:f480','Mozilla/5.0 (Windows NT 10.0; Win64; x64) AppleWebKit/537.36 (KHTML, like Gecko) Chrome/146.0.0.0 Safari/537.36 Edg/146.0.0.0','SUCCESS','Login successful','2026-04-08 00:34:54',NULL),(689,8,'jhiepot120584@gmail.com','2406:2d40:3b45:f308:1c53:6051:ce25:f480','Mozilla/5.0 (Windows NT 10.0; Win64; x64) AppleWebKit/537.36 (KHTML, like Gecko) Chrome/146.0.0.0 Safari/537.36 Edg/146.0.0.0','SUCCESS','User logged out','2026-04-08 00:35:58',NULL),(690,6,'jhiepot120584@gmail.com','2406:2d40:3b45:f308:1c53:6051:ce25:f480','Mozilla/5.0 (Windows NT 10.0; Win64; x64) AppleWebKit/537.36 (KHTML, like Gecko) Chrome/146.0.0.0 Safari/537.36 Edg/146.0.0.0','SUCCESS','Login successful','2026-04-08 00:36:14',NULL),(691,6,'jhiepot120584@gmail.com','2406:2d40:3b45:f308:1c53:6051:ce25:f480','Mozilla/5.0 (Windows NT 10.0; Win64; x64) AppleWebKit/537.36 (KHTML, like Gecko) Chrome/146.0.0.0 Safari/537.36 Edg/146.0.0.0','SUCCESS','User logged out','2026-04-08 00:40:38',NULL),(692,6,'jhiepot120584@gmail.com','2406:2d40:3b45:f308:1c53:6051:ce25:f480','Mozilla/5.0 (Windows NT 10.0; Win64; x64) AppleWebKit/537.36 (KHTML, like Gecko) Chrome/146.0.0.0 Safari/537.36 Edg/146.0.0.0','SUCCESS','Login successful','2026-04-08 00:40:55',NULL),(693,6,'jhiepot120584@gmail.com','2406:2d40:3b45:f308:1c53:6051:ce25:f480','Mozilla/5.0 (Windows NT 10.0; Win64; x64) AppleWebKit/537.36 (KHTML, like Gecko) Chrome/146.0.0.0 Safari/537.36 Edg/146.0.0.0','SUCCESS','User logged out','2026-04-08 00:41:17',NULL),(694,23,'mhermoso@debesmscat.edu.ph','119.92.254.6','Mozilla/5.0 (Windows NT 10.0; Win64; x64) AppleWebKit/537.36 (KHTML, like Gecko) Chrome/146.0.0.0 Safari/537.36 Edg/146.0.0.0','SUCCESS','Login successful','2026-04-08 00:45:03',NULL),(695,31,'cklainchrapsing@gmail.com','150.228.189.207','Mozilla/5.0 (Windows NT 10.0; Win64; x64) AppleWebKit/537.36 (KHTML, like Gecko) Chrome/146.0.0.0 Safari/537.36','SUCCESS','Session expired due to inactivity','2026-04-08 00:56:53',NULL),(696,31,'cklainchrapsing@gmail.com','150.228.189.207','Mozilla/5.0 (Windows NT 10.0; Win64; x64) AppleWebKit/537.36 (KHTML, like Gecko) Chrome/146.0.0.0 Safari/537.36','SUCCESS','Login successful','2026-04-08 00:57:29',NULL),(697,31,'cklainchrapsing@gmail.com','150.228.189.207','Mozilla/5.0 (Windows NT 10.0; Win64; x64) AppleWebKit/537.36 (KHTML, like Gecko) Chrome/146.0.0.0 Safari/537.36','SUCCESS','Deleted file successfuly','2026-04-08 01:09:02',NULL),(698,23,'mhermoso@debesmscat.edu.ph','123.253.136.33','Mozilla/5.0 (Windows NT 10.0; Win64; x64) AppleWebKit/537.36 (KHTML, like Gecko) Chrome/146.0.0.0 Safari/537.36 Edg/146.0.0.0','SUCCESS','User logged out','2026-04-08 01:11:38',NULL),(699,NULL,'rmramiso@debesmscat.edu.ph','123.253.136.33','Mozilla/5.0 (Windows NT 10.0; Win64; x64) AppleWebKit/537.36 (KHTML, like Gecko) Chrome/146.0.0.0 Safari/537.36 Edg/146.0.0.0','FAILED','Email not found','2026-04-08 01:11:45',NULL),(700,1,'rmramiso@debesmscat.edu.ph','123.253.136.33','Mozilla/5.0 (Windows NT 10.0; Win64; x64) AppleWebKit/537.36 (KHTML, like Gecko) Chrome/146.0.0.0 Safari/537.36 Edg/146.0.0.0','SUCCESS','Login successful','2026-04-08 01:11:50',NULL),(701,NULL,'rachellenicolelotivio6@gmail.com','2406:2d40:3b45:f308:3f56:1d69:e5fc:d575','Mozilla/5.0 (Linux; Android 15; 23129RAA4G Build/AQ3A.240829.003; wv) AppleWebKit/537.36 (KHTML, like Gecko) Version/4.0 Chrome/146.0.7680.164 Mobile Safari/537.36 [FB_IAB/FB4A;FBAV/555.0.0.56.66;]','FAILED','Email not found','2026-04-08 01:12:58',NULL),(702,NULL,'rachellenicolelotivio6@gmail.com','2406:2d40:3b45:f308:3f56:1d69:e5fc:d575','Mozilla/5.0 (Linux; Android 15; 23129RAA4G Build/AQ3A.240829.003; wv) AppleWebKit/537.36 (KHTML, like Gecko) Version/4.0 Chrome/146.0.7680.164 Mobile Safari/537.36 [FB_IAB/FB4A;FBAV/555.0.0.56.66;]','FAILED','Email not found','2026-04-08 01:13:05',NULL),(703,NULL,'rachellenicolelotivio6@gmail.com','2406:2d40:3b45:f308:3f56:1d69:e5fc:d575','Mozilla/5.0 (Linux; Android 15; 23129RAA4G Build/AQ3A.240829.003; wv) AppleWebKit/537.36 (KHTML, like Gecko) Version/4.0 Chrome/146.0.7680.164 Mobile Safari/537.36 [FB_IAB/FB4A;FBAV/555.0.0.56.66;]','FAILED','Email not found','2026-04-08 01:13:11',NULL),(704,NULL,'rachellenicolelotivio6@gmail.com','2406:2d40:3b45:f308:3f56:1d69:e5fc:d575','Mozilla/5.0 (Linux; Android 15; 23129RAA4G Build/AQ3A.240829.003; wv) AppleWebKit/537.36 (KHTML, like Gecko) Version/4.0 Chrome/146.0.7680.164 Mobile Safari/537.36 [FB_IAB/FB4A;FBAV/555.0.0.56.66;]','FAILED','Email not found','2026-04-08 01:13:29',NULL),(705,NULL,'rachellenicolelotivio6@gmail.com','2406:2d40:3b45:f308:3f56:1d69:e5fc:d575','Mozilla/5.0 (Linux; Android 15; 23129RAA4G Build/AQ3A.240829.003; wv) AppleWebKit/537.36 (KHTML, like Gecko) Version/4.0 Chrome/146.0.7680.164 Mobile Safari/537.36 [FB_IAB/FB4A;FBAV/555.0.0.56.66;]','FAILED','Email not found','2026-04-08 01:13:56',NULL),(706,32,'rachellenicolelotivio6@gmail.com','2406:2d40:3b45:f308:3f56:1d69:e5fc:d575','Mozilla/5.0 (Linux; Android 15; 23129RAA4G Build/AQ3A.240829.003; wv) AppleWebKit/537.36 (KHTML, like Gecko) Version/4.0 Chrome/146.0.7680.164 Mobile Safari/537.36 [FB_IAB/FB4A;FBAV/555.0.0.56.66;]','FAILED','Account not activated','2026-04-08 01:15:36',NULL),(707,32,'rachellenicolelotivio6@gmail.com','2406:2d40:3b45:f308:3f56:1d69:e5fc:d575','Mozilla/5.0 (Linux; Android 15; 23129RAA4G Build/AQ3A.240829.003; wv) AppleWebKit/537.36 (KHTML, like Gecko) Version/4.0 Chrome/146.0.7680.164 Mobile Safari/537.36 [FB_IAB/FB4A;FBAV/555.0.0.56.66;]','SUCCESS','Login successful','2026-04-08 01:16:12',NULL),(708,1,'rmramiso@debesmscat.edu.ph','119.92.254.6','Mozilla/5.0 (Windows NT 10.0; Win64; x64) AppleWebKit/537.36 (KHTML, like Gecko) Chrome/146.0.0.0 Safari/537.36 Edg/146.0.0.0','SUCCESS','Session expired due to inactivity','2026-04-08 01:52:01',NULL),(709,NULL,'rmramiso@debesmscat.edu.ph','119.92.254.6','Mozilla/5.0 (Windows NT 10.0; Win64; x64) AppleWebKit/537.36 (KHTML, like Gecko) Chrome/146.0.0.0 Safari/537.36 Edg/146.0.0.0','FAILED','Email not found','2026-04-08 03:48:58',NULL),(710,1,'rmramiso@debesmscat.edu.ph','119.92.254.6','Mozilla/5.0 (Windows NT 10.0; Win64; x64) AppleWebKit/537.36 (KHTML, like Gecko) Chrome/146.0.0.0 Safari/537.36 Edg/146.0.0.0','SUCCESS','Login successful','2026-04-08 03:49:04',NULL),(711,1,'rmramiso@debesmscat.edu.ph','123.253.136.34','Mozilla/5.0 (Windows NT 10.0; Win64; x64) AppleWebKit/537.36 (KHTML, like Gecko) Chrome/146.0.0.0 Safari/537.36 Edg/146.0.0.0','SUCCESS','Session expired due to inactivity','2026-04-08 05:03:45',NULL),(712,25,'yenlalaguna06@gmail.com','150.228.189.207','Mozilla/5.0 (Windows NT 10.0; Win64; x64) AppleWebKit/537.36 (KHTML, like Gecko) Chrome/146.0.0.0 Safari/537.36','SUCCESS','Login successful','2026-04-08 05:16:45',NULL),(713,31,'cklainchrapsing@gmail.com','65.181.9.171','Mozilla/5.0 (Windows NT 10.0; Win64; x64) AppleWebKit/537.36 (KHTML, like Gecko) Chrome/146.0.0.0 Safari/537.36','SUCCESS','Login successful','2026-04-08 05:30:47',NULL),(714,5,'taaguilar@debesmscat.edu.ph','175.158.213.16','Mozilla/5.0 (Windows NT 10.0; Win64; x64) AppleWebKit/537.36 (KHTML, like Gecko) Chrome/146.0.0.0 Safari/537.36 Edg/146.0.0.0','SUCCESS','Login successful','2026-04-08 06:27:25',NULL),(715,6,'ndstombocon@debesmscat.edu.ph','150.228.189.207','Mozilla/5.0 (Windows NT 10.0; Win64; x64) AppleWebKit/537.36 (KHTML, like Gecko) Chrome/146.0.0.0 Safari/537.36','SUCCESS','Login successful','2026-04-08 06:27:33',NULL),(716,12,'rstoling@debesmscat.edu.ph','150.228.189.207','Mozilla/5.0 (Windows NT 10.0; Win64; x64) AppleWebKit/537.36 (KHTML, like Gecko) Chrome/146.0.0.0 Safari/537.36 Edg/146.0.0.0','FAILED','Account not activated','2026-04-08 06:28:03',NULL),(717,NULL,'rstoling@debesmscat.edu.ph','150.228.189.207','Mozilla/5.0 (Windows NT 10.0; Win64; x64) AppleWebKit/537.36 (KHTML, like Gecko) Chrome/146.0.0.0 Safari/537.36 Edg/146.0.0.0','FAILED','Email not found','2026-04-08 06:28:55',NULL),(718,12,'rstoling@debesmscat.edu.ph','150.228.189.207','Mozilla/5.0 (Windows NT 10.0; Win64; x64) AppleWebKit/537.36 (KHTML, like Gecko) Chrome/146.0.0.0 Safari/537.36 Edg/146.0.0.0','FAILED','Account not activated','2026-04-08 06:29:37',NULL),(719,12,'rstoling@debesmscat.edu.ph','150.228.189.207','Mozilla/5.0 (Windows NT 10.0; Win64; x64) AppleWebKit/537.36 (KHTML, like Gecko) Chrome/146.0.0.0 Safari/537.36 Edg/146.0.0.0','SUCCESS','Login successful','2026-04-08 06:30:22',NULL),(720,5,'taaguilar@debesmscat.edu.ph','175.158.213.16','Mozilla/5.0 (Windows NT 10.0; Win64; x64) AppleWebKit/537.36 (KHTML, like Gecko) Chrome/146.0.0.0 Safari/537.36 Edg/146.0.0.0','SUCCESS','User logged out','2026-04-08 06:34:05',NULL),(721,14,'taaguilar@debesmscat.edu.ph','175.158.213.16','Mozilla/5.0 (Windows NT 10.0; Win64; x64) AppleWebKit/537.36 (KHTML, like Gecko) Chrome/146.0.0.0 Safari/537.36 Edg/146.0.0.0','SUCCESS','Login successful','2026-04-08 06:34:31',NULL),(722,12,'rstoling@debesmscat.edu.ph','150.228.189.207','Mozilla/5.0 (Windows NT 10.0; Win64; x64) AppleWebKit/537.36 (KHTML, like Gecko) Chrome/146.0.0.0 Safari/537.36 Edg/146.0.0.0','SUCCESS','Login successful','2026-04-08 06:34:40',NULL),(723,NULL,'sharmaenaTM95@gmail.com','150.228.189.207','Mozilla/5.0 (Windows NT 10.0; Win64; x64) AppleWebKit/537.36 (KHTML, like Gecko) Chrome/146.0.0.0 Safari/537.36 Edg/146.0.0.0','FAILED','Email not found','2026-04-08 07:06:51',NULL),(724,7,'sharmaenaTM95@gmail.com','150.228.189.207','Mozilla/5.0 (Windows NT 10.0; Win64; x64) AppleWebKit/537.36 (KHTML, like Gecko) Chrome/146.0.0.0 Safari/537.36 Edg/146.0.0.0','FAILED','Account not activated','2026-04-08 07:09:35',NULL),(725,7,'sharmaenaTM95@gmail.com','150.228.189.207','Mozilla/5.0 (Windows NT 10.0; Win64; x64) AppleWebKit/537.36 (KHTML, like Gecko) Chrome/146.0.0.0 Safari/537.36 Edg/146.0.0.0','FAILED','Account not activated','2026-04-08 07:10:54',NULL),(726,7,'sharmaenaTM95@gmail.com','150.228.189.207','Mozilla/5.0 (Windows NT 10.0; Win64; x64) AppleWebKit/537.36 (KHTML, like Gecko) Chrome/146.0.0.0 Safari/537.36 Edg/146.0.0.0','SUCCESS','Login successful','2026-04-08 07:17:27',NULL),(727,14,'taaguilar@debesmscat.edu.ph','175.158.213.16','Mozilla/5.0 (Windows NT 10.0; Win64; x64) AppleWebKit/537.36 (KHTML, like Gecko) Chrome/146.0.0.0 Safari/537.36 Edg/146.0.0.0','SUCCESS','Session expired due to inactivity','2026-04-08 07:22:21',NULL),(728,14,'taaguilar@debesmscat.edu.ph','175.158.213.16','Mozilla/5.0 (Windows NT 10.0; Win64; x64) AppleWebKit/537.36 (KHTML, like Gecko) Chrome/146.0.0.0 Safari/537.36 Edg/146.0.0.0','SUCCESS','Login successful','2026-04-08 07:22:45',NULL),(729,6,'ndstombocon@debesmscat.edu.ph','150.228.189.207','Mozilla/5.0 (Windows NT 10.0; Win64; x64) AppleWebKit/537.36 (KHTML, like Gecko) Chrome/146.0.0.0 Safari/537.36','SUCCESS','Session expired due to inactivity','2026-04-08 07:34:43',NULL),(730,6,'ndstombocon@debesmscat.edu.ph','150.228.189.207','Mozilla/5.0 (Windows NT 10.0; Win64; x64) AppleWebKit/537.36 (KHTML, like Gecko) Chrome/146.0.0.0 Safari/537.36','SUCCESS','Login successful','2026-04-08 07:43:26',NULL),(731,7,'sharmaenaTM95@gmail.com','150.228.189.207','Mozilla/5.0 (Windows NT 10.0; Win64; x64) AppleWebKit/537.36 (KHTML, like Gecko) Chrome/146.0.0.0 Safari/537.36 Edg/146.0.0.0','SUCCESS','Session expired due to inactivity','2026-04-08 08:00:47',NULL),(732,14,'taaguilar@debesmscat.edu.ph','175.158.213.16','Mozilla/5.0 (Windows NT 10.0; Win64; x64) AppleWebKit/537.36 (KHTML, like Gecko) Chrome/146.0.0.0 Safari/537.36 Edg/146.0.0.0','SUCCESS','Session expired due to inactivity','2026-04-08 09:36:16',NULL),(733,6,'ndstombocon@debesmscat.edu.ph','150.228.189.207','Mozilla/5.0 (Windows NT 10.0; Win64; x64) AppleWebKit/537.36 (KHTML, like Gecko) Chrome/146.0.0.0 Safari/537.36','SUCCESS','Session expired due to inactivity','2026-04-08 09:38:34',NULL),(734,1,'rmramiso@debesmscat.edu.ph','175.158.213.156','Mozilla/5.0 (Windows NT 10.0; Win64; x64) AppleWebKit/537.36 (KHTML, like Gecko) Chrome/146.0.0.0 Safari/537.36 Edg/146.0.0.0','SUCCESS','Login successful','2026-04-09 03:30:53',NULL),(735,1,'rmramiso@debesmscat.edu.ph','175.158.213.156','Mozilla/5.0 (Windows NT 10.0; Win64; x64) AppleWebKit/537.36 (KHTML, like Gecko) Chrome/146.0.0.0 Safari/537.36 Edg/146.0.0.0','SUCCESS','User logged out','2026-04-09 03:36:45',NULL),(736,4,'rbello@gmail.com','175.158.213.156','Mozilla/5.0 (Windows NT 10.0; Win64; x64) AppleWebKit/537.36 (KHTML, like Gecko) Chrome/146.0.0.0 Safari/537.36 Edg/146.0.0.0','SUCCESS','Login successful','2026-04-09 03:36:51',NULL),(737,4,'rbello@gmail.com','175.158.213.156','Mozilla/5.0 (Windows NT 10.0; Win64; x64) AppleWebKit/537.36 (KHTML, like Gecko) Chrome/146.0.0.0 Safari/537.36 Edg/146.0.0.0','SUCCESS','User logged out','2026-04-09 03:36:57',NULL),(738,15,'rbello@gmail.com','175.158.213.156','Mozilla/5.0 (Windows NT 10.0; Win64; x64) AppleWebKit/537.36 (KHTML, like Gecko) Chrome/146.0.0.0 Safari/537.36 Edg/146.0.0.0','SUCCESS','Login successful','2026-04-09 03:36:59',NULL),(739,15,'rbello@gmail.com','175.158.213.156','Mozilla/5.0 (Windows NT 10.0; Win64; x64) AppleWebKit/537.36 (KHTML, like Gecko) Chrome/146.0.0.0 Safari/537.36 Edg/146.0.0.0','SUCCESS','User logged out','2026-04-09 03:37:16',NULL),(740,23,'mhermoso@debesmscat.edu.ph','175.158.213.156','Mozilla/5.0 (Windows NT 10.0; Win64; x64) AppleWebKit/537.36 (KHTML, like Gecko) Chrome/146.0.0.0 Safari/537.36 Edg/146.0.0.0','SUCCESS','Login successful','2026-04-09 03:37:27',NULL),(741,23,'mhermoso@debesmscat.edu.ph','175.158.213.156','Mozilla/5.0 (Windows NT 10.0; Win64; x64) AppleWebKit/537.36 (KHTML, like Gecko) Chrome/146.0.0.0 Safari/537.36 Edg/146.0.0.0','SUCCESS','User logged out','2026-04-09 03:49:00',NULL),(742,NULL,'taaguilar@debesmscast.edu.ph','175.158.213.156','Mozilla/5.0 (Windows NT 10.0; Win64; x64) AppleWebKit/537.36 (KHTML, like Gecko) Chrome/146.0.0.0 Safari/537.36 Edg/146.0.0.0','FAILED','Email not found','2026-04-09 03:49:19',NULL),(743,15,'rbello@gmail.com','175.158.213.156','Mozilla/5.0 (Windows NT 10.0; Win64; x64) AppleWebKit/537.36 (KHTML, like Gecko) Chrome/146.0.0.0 Safari/537.36 Edg/146.0.0.0','SUCCESS','Login successful','2026-04-09 03:50:20',NULL),(744,15,'rbello@gmail.com','175.158.213.156','Mozilla/5.0 (Windows NT 10.0; Win64; x64) AppleWebKit/537.36 (KHTML, like Gecko) Chrome/146.0.0.0 Safari/537.36 Edg/146.0.0.0','SUCCESS','Session expired due to inactivity','2026-04-09 07:18:57',NULL),(745,15,'rbello@gmail.com','175.158.213.156','Mozilla/5.0 (Windows NT 10.0; Win64; x64) AppleWebKit/537.36 (KHTML, like Gecko) Chrome/146.0.0.0 Safari/537.36 Edg/146.0.0.0','SUCCESS','Login successful','2026-04-09 07:21:59',NULL),(746,15,'rbello@gmail.com','175.158.213.156','Mozilla/5.0 (Windows NT 10.0; Win64; x64) AppleWebKit/537.36 (KHTML, like Gecko) Chrome/146.0.0.0 Safari/537.36 Edg/146.0.0.0','SUCCESS','Session expired due to inactivity','2026-04-09 08:21:53',NULL),(747,15,'rbello@gmail.com','175.158.213.156','Mozilla/5.0 (Windows NT 10.0; Win64; x64) AppleWebKit/537.36 (KHTML, like Gecko) Chrome/146.0.0.0 Safari/537.36 Edg/146.0.0.0','SUCCESS','Login successful','2026-04-09 08:51:41',NULL),(748,15,'rbello@gmail.com','175.158.213.156','Mozilla/5.0 (Windows NT 10.0; Win64; x64) AppleWebKit/537.36 (KHTML, like Gecko) Chrome/146.0.0.0 Safari/537.36 Edg/146.0.0.0','SUCCESS','User logged out','2026-04-09 08:54:31',NULL),(749,NULL,'rmramiso@debesmscat.edu.ph','175.158.213.156','Mozilla/5.0 (Windows NT 10.0; Win64; x64) AppleWebKit/537.36 (KHTML, like Gecko) Chrome/146.0.0.0 Safari/537.36 Edg/146.0.0.0','FAILED','Email not found','2026-04-09 08:54:40',NULL),(750,1,'rmramiso@debesmscat.edu.ph','175.158.213.156','Mozilla/5.0 (Windows NT 10.0; Win64; x64) AppleWebKit/537.36 (KHTML, like Gecko) Chrome/146.0.0.0 Safari/537.36 Edg/146.0.0.0','SUCCESS','Login successful','2026-04-09 08:54:42',NULL),(751,1,'rmramiso@debesmscat.edu.ph','175.158.213.156','Mozilla/5.0 (Windows NT 10.0; Win64; x64) AppleWebKit/537.36 (KHTML, like Gecko) Chrome/146.0.0.0 Safari/537.36 Edg/146.0.0.0','SUCCESS','Changed status from \'For Verification\' to \'Verified\' for faculty ID 14 (task ID 2)','2026-04-09 08:57:34',NULL),(752,1,'rmramiso@debesmscat.edu.ph','175.158.213.156','Mozilla/5.0 (Windows NT 10.0; Win64; x64) AppleWebKit/537.36 (KHTML, like Gecko) Chrome/146.0.0.0 Safari/537.36 Edg/146.0.0.0','SUCCESS','Changed status from \'For Verification\' to \'Verified\' for faculty ID 14 (task ID 1)','2026-04-09 08:57:36',NULL),(753,1,'rmramiso@debesmscat.edu.ph','175.158.213.156','Mozilla/5.0 (Windows NT 10.0; Win64; x64) AppleWebKit/537.36 (KHTML, like Gecko) Chrome/146.0.0.0 Safari/537.36 Edg/146.0.0.0','SUCCESS','Changed status from \'For Verification\' to \'Verified\' for faculty ID 14 (task ID 16)','2026-04-09 08:57:39',NULL),(754,1,'rmramiso@debesmscat.edu.ph','175.158.213.156','Mozilla/5.0 (Windows NT 10.0; Win64; x64) AppleWebKit/537.36 (KHTML, like Gecko) Chrome/146.0.0.0 Safari/537.36 Edg/146.0.0.0','SUCCESS','Changed status from \'For Verification\' to \'Verified\' for faculty ID 14 (task ID 15)','2026-04-09 08:57:43',NULL),(755,1,'rmramiso@debesmscat.edu.ph','175.158.213.156','Mozilla/5.0 (Windows NT 10.0; Win64; x64) AppleWebKit/537.36 (KHTML, like Gecko) Chrome/146.0.0.0 Safari/537.36 Edg/146.0.0.0','SUCCESS','User logged out','2026-04-09 09:00:16',NULL),(756,23,'mhermoso@debesmscat.edu.ph','175.158.213.156','Mozilla/5.0 (Windows NT 10.0; Win64; x64) AppleWebKit/537.36 (KHTML, like Gecko) Chrome/146.0.0.0 Safari/537.36 Edg/146.0.0.0','FAILED','Wrong password','2026-04-09 09:00:23',NULL),(757,23,'mhermoso@debesmscat.edu.ph','175.158.213.156','Mozilla/5.0 (Windows NT 10.0; Win64; x64) AppleWebKit/537.36 (KHTML, like Gecko) Chrome/146.0.0.0 Safari/537.36 Edg/146.0.0.0','SUCCESS','Login successful','2026-04-09 09:00:28',NULL),(758,23,'mhermoso@debesmscat.edu.ph','175.158.213.156','Mozilla/5.0 (Windows NT 10.0; Win64; x64) AppleWebKit/537.36 (KHTML, like Gecko) Chrome/146.0.0.0 Safari/537.36 Edg/146.0.0.0','SUCCESS','User logged out','2026-04-09 09:01:18',NULL),(759,15,'rbello@gmail.com','175.158.213.156','Mozilla/5.0 (Windows NT 10.0; Win64; x64) AppleWebKit/537.36 (KHTML, like Gecko) Chrome/146.0.0.0 Safari/537.36 Edg/146.0.0.0','SUCCESS','Login successful','2026-04-09 09:01:24',NULL),(760,15,'rbello@gmail.com','175.158.213.156','Mozilla/5.0 (Windows NT 10.0; Win64; x64) AppleWebKit/537.36 (KHTML, like Gecko) Chrome/146.0.0.0 Safari/537.36 Edg/146.0.0.0','SUCCESS','User logged out','2026-04-09 09:01:27',NULL),(761,4,'rbello@gmail.com','175.158.213.156','Mozilla/5.0 (Windows NT 10.0; Win64; x64) AppleWebKit/537.36 (KHTML, like Gecko) Chrome/146.0.0.0 Safari/537.36 Edg/146.0.0.0','SUCCESS','Login successful','2026-04-09 09:01:29',NULL),(762,4,'rbello@gmail.com','175.158.213.156','Mozilla/5.0 (Windows NT 10.0; Win64; x64) AppleWebKit/537.36 (KHTML, like Gecko) Chrome/146.0.0.0 Safari/537.36 Edg/146.0.0.0','SUCCESS','Changed status from \'For Verification\' to \'Verified\' for faculty ID 23 (task ID 6)','2026-04-09 09:01:58',NULL),(763,4,'rbello@gmail.com','175.158.213.156','Mozilla/5.0 (Windows NT 10.0; Win64; x64) AppleWebKit/537.36 (KHTML, like Gecko) Chrome/146.0.0.0 Safari/537.36 Edg/146.0.0.0','SUCCESS','User logged out','2026-04-09 09:02:04',NULL),(764,23,'mhermoso@debesmscat.edu.ph','175.158.213.156','Mozilla/5.0 (Windows NT 10.0; Win64; x64) AppleWebKit/537.36 (KHTML, like Gecko) Chrome/146.0.0.0 Safari/537.36 Edg/146.0.0.0','SUCCESS','Login successful','2026-04-09 09:02:08',NULL),(765,23,'mhermoso@debesmscat.edu.ph','175.158.213.156','Mozilla/5.0 (Windows NT 10.0; Win64; x64) AppleWebKit/537.36 (KHTML, like Gecko) Chrome/146.0.0.0 Safari/537.36 Edg/146.0.0.0','SUCCESS','User logged out','2026-04-09 09:04:32',NULL),(766,NULL,'rmramiso@debesmscat.edu.ph','175.158.213.156','Mozilla/5.0 (Windows NT 10.0; Win64; x64) AppleWebKit/537.36 (KHTML, like Gecko) Chrome/146.0.0.0 Safari/537.36 Edg/146.0.0.0','FAILED','Email not found','2026-04-09 09:04:36',NULL),(767,1,'rmramiso@debesmscat.edu.ph','175.158.213.156','Mozilla/5.0 (Windows NT 10.0; Win64; x64) AppleWebKit/537.36 (KHTML, like Gecko) Chrome/146.0.0.0 Safari/537.36 Edg/146.0.0.0','SUCCESS','Login successful','2026-04-09 09:04:39',NULL),(768,1,'rmramiso@debesmscat.edu.ph','175.158.213.156','Mozilla/5.0 (Windows NT 10.0; Win64; x64) AppleWebKit/537.36 (KHTML, like Gecko) Chrome/146.0.0.0 Safari/537.36 Edg/146.0.0.0','SUCCESS','User logged out','2026-04-09 09:12:38',NULL),(769,16,'dentelroc@gmail.com','2406:2d40:945e:8208:2164:5890:c956:6c18','Mozilla/5.0 (Windows NT 10.0; Win64; x64) AppleWebKit/537.36 (KHTML, like Gecko) Chrome/146.0.0.0 Safari/537.36 Edg/146.0.0.0','SUCCESS','Login successful','2026-04-09 16:25:53',NULL),(770,1,'admin@gmail.com','2406:2d40:945e:8208:2164:5890:c956:6c18','Mozilla/5.0 (Windows NT 10.0; Win64; x64) AppleWebKit/537.36 (KHTML, like Gecko) Chrome/146.0.0.0 Safari/537.36','SUCCESS','Login successful','2026-04-09 16:26:14',NULL),(771,16,'dentelroc@gmail.com','2406:2d40:945e:8208:2164:5890:c956:6c18','Mozilla/5.0 (Windows NT 10.0; Win64; x64) AppleWebKit/537.36 (KHTML, like Gecko) Chrome/146.0.0.0 Safari/537.36 Edg/146.0.0.0','SUCCESS','User logged out','2026-04-09 16:29:28',NULL),(772,1,'admin@gmail.com','175.158.213.139','Mozilla/5.0 (Windows NT 10.0; Win64; x64) AppleWebKit/537.36 (KHTML, like Gecko) Chrome/146.0.0.0 Safari/537.36 Edg/146.0.0.0','SUCCESS','Login successful','2026-04-10 22:55:41',NULL),(773,1,'admin@gmail.com','175.158.213.139','Mozilla/5.0 (Windows NT 10.0; Win64; x64) AppleWebKit/537.36 (KHTML, like Gecko) Chrome/146.0.0.0 Safari/537.36 Edg/146.0.0.0','SUCCESS','User logged out','2026-04-10 23:10:21',NULL),(774,5,'taaguilar@debesmscat.edu.ph','175.158.213.139','Mozilla/5.0 (Windows NT 10.0; Win64; x64) AppleWebKit/537.36 (KHTML, like Gecko) Chrome/146.0.0.0 Safari/537.36 Edg/146.0.0.0','SUCCESS','Login successful','2026-04-10 23:10:34',NULL),(775,5,'taaguilar@debesmscat.edu.ph','175.158.213.139','Mozilla/5.0 (Windows NT 10.0; Win64; x64) AppleWebKit/537.36 (KHTML, like Gecko) Chrome/146.0.0.0 Safari/537.36 Edg/146.0.0.0','SUCCESS','User logged out','2026-04-10 23:11:02',NULL),(776,1,'admin@gmail.com','175.158.213.139','Mozilla/5.0 (Windows NT 10.0; Win64; x64) AppleWebKit/537.36 (KHTML, like Gecko) Chrome/146.0.0.0 Safari/537.36 Edg/146.0.0.0','SUCCESS','Login successful','2026-04-10 23:11:08',NULL),(777,1,'admin@gmail.com','175.158.213.139','Mozilla/5.0 (Windows NT 10.0; Win64; x64) AppleWebKit/537.36 (KHTML, like Gecko) Chrome/146.0.0.0 Safari/537.36 Edg/146.0.0.0','SUCCESS','User logged out','2026-04-10 23:13:13',NULL),(778,16,'dentelroc@gmail.com','175.158.213.139','Mozilla/5.0 (Windows NT 10.0; Win64; x64) AppleWebKit/537.36 (KHTML, like Gecko) Chrome/146.0.0.0 Safari/537.36 Edg/146.0.0.0','SUCCESS','Login successful','2026-04-10 23:13:27',NULL),(779,16,'dentelroc@gmail.com','175.158.213.139','Mozilla/5.0 (Windows NT 10.0; Win64; x64) AppleWebKit/537.36 (KHTML, like Gecko) Chrome/146.0.0.0 Safari/537.36 Edg/146.0.0.0','SUCCESS','User logged out','2026-04-10 23:15:34',NULL),(780,1,'admin@gmail.com','175.158.213.139','Mozilla/5.0 (Windows NT 10.0; Win64; x64) AppleWebKit/537.36 (KHTML, like Gecko) Chrome/146.0.0.0 Safari/537.36 Edg/146.0.0.0','SUCCESS','Login successful','2026-04-10 23:15:43',NULL),(781,NULL,'alescorel2@gmail.com','2001:4453:7ab:8900:3c39:c138:ab8f:10ef','Mozilla/5.0 (Windows NT 10.0; Win64; x64) AppleWebKit/537.36 (KHTML, like Gecko) Chrome/146.0.0.0 Safari/537.36','FAILED','Email not found','2026-04-10 23:53:44',NULL),(782,NULL,'alescorel2@gmail.com','2001:4453:7ab:8900:3c39:c138:ab8f:10ef','Mozilla/5.0 (Windows NT 10.0; Win64; x64) AppleWebKit/537.36 (KHTML, like Gecko) Chrome/146.0.0.0 Safari/537.36','FAILED','Email not found','2026-04-10 23:54:38',NULL),(783,1,'admin@gmail.com','175.158.213.139','Mozilla/5.0 (Windows NT 10.0; Win64; x64) AppleWebKit/537.36 (KHTML, like Gecko) Chrome/146.0.0.0 Safari/537.36 Edg/146.0.0.0','SUCCESS','Session expired due to inactivity','2026-04-10 23:54:52',NULL),(784,1,'admin@gmail.com','175.158.213.139','Mozilla/5.0 (Windows NT 10.0; Win64; x64) AppleWebKit/537.36 (KHTML, like Gecko) Chrome/146.0.0.0 Safari/537.36 Edg/146.0.0.0','SUCCESS','Login successful','2026-04-10 23:55:55',NULL),(785,NULL,'alescorel2@gmail.com','2001:4453:7ab:8900:3c39:c138:ab8f:10ef','Mozilla/5.0 (Windows NT 10.0; Win64; x64) AppleWebKit/537.36 (KHTML, like Gecko) Chrome/146.0.0.0 Safari/537.36','FAILED','Email not found','2026-04-10 23:57:06',NULL),(786,NULL,'alescorel2@gmail.com','2001:4453:7ab:8900:311e:e901:2808:318c','Mozilla/5.0 (Windows NT 10.0; Win64; x64) AppleWebKit/537.36 (KHTML, like Gecko) Chrome/146.0.0.0 Safari/537.36','FAILED','Email not found','2026-04-11 00:00:54',NULL),(787,1,'admin@gmail.com','175.158.214.140','Mozilla/5.0 (Windows NT 10.0; Win64; x64) AppleWebKit/537.36 (KHTML, like Gecko) Chrome/146.0.0.0 Safari/537.36 Edg/146.0.0.0','SUCCESS','Session expired due to inactivity','2026-04-11 01:20:32',NULL),(788,1,'admin@gmail.com','175.158.214.140','Mozilla/5.0 (Windows NT 10.0; Win64; x64) AppleWebKit/537.36 (KHTML, like Gecko) Chrome/146.0.0.0 Safari/537.36 Edg/146.0.0.0','SUCCESS','Login successful','2026-04-11 01:20:38',NULL),(789,NULL,'laurioleo95@gmail.com','175.158.213.129','Mozilla/5.0 (Linux; Android 15; 25078PC3EG Build/AP3A.240905.015.A2; wv) AppleWebKit/537.36 (KHTML, like Gecko) Version/4.0 Chrome/146.0.7680.164 Mobile Safari/537.36 [FB_IAB/FB4A;FBAV/555.0.0.56.66;]','FAILED','Email not found','2026-04-11 01:27:57',NULL),(790,NULL,'laurioleo95@gmail.com','175.158.213.129','Mozilla/5.0 (Linux; Android 15; 25078PC3EG Build/AP3A.240905.015.A2; wv) AppleWebKit/537.36 (KHTML, like Gecko) Version/4.0 Chrome/146.0.7680.164 Mobile Safari/537.36 [FB_IAB/FB4A;FBAV/555.0.0.56.66;]','FAILED','Email not found','2026-04-11 01:28:20',NULL),(791,NULL,'laurioleo95@gmail.com','175.158.213.129','Mozilla/5.0 (Linux; Android 15; 25078PC3EG Build/AP3A.240905.015.A2; wv) AppleWebKit/537.36 (KHTML, like Gecko) Version/4.0 Chrome/146.0.7680.164 Mobile Safari/537.36 [FB_IAB/FB4A;FBAV/555.0.0.56.66;]','FAILED','Email not found','2026-04-11 01:28:23',NULL),(792,NULL,'laurioleo95@gmail.com','175.158.213.129','Mozilla/5.0 (Linux; Android 15; 25078PC3EG Build/AP3A.240905.015.A2; wv) AppleWebKit/537.36 (KHTML, like Gecko) Version/4.0 Chrome/146.0.7680.164 Mobile Safari/537.36 [FB_IAB/FB4A;FBAV/555.0.0.56.66;]','FAILED','Email not found','2026-04-11 01:31:23',NULL),(793,NULL,'laurioleo95@gmail.com','175.158.213.129','Mozilla/5.0 (Linux; Android 15; 25078PC3EG Build/AP3A.240905.015.A2; wv) AppleWebKit/537.36 (KHTML, like Gecko) Version/4.0 Chrome/146.0.7680.164 Mobile Safari/537.36 [FB_IAB/FB4A;FBAV/555.0.0.56.66;]','FAILED','Email not found','2026-04-11 01:31:37',NULL),(794,NULL,'laurioleo95@gmail.com','175.158.213.129','Mozilla/5.0 (Linux; Android 15; 25078PC3EG Build/AP3A.240905.015.A2; wv) AppleWebKit/537.36 (KHTML, like Gecko) Version/4.0 Chrome/146.0.7680.164 Mobile Safari/537.36 [FB_IAB/FB4A;FBAV/555.0.0.56.66;]','FAILED','Email not found','2026-04-11 01:31:42',NULL),(795,NULL,'laurioleo95@gmail.com','175.158.213.129','Mozilla/5.0 (Linux; Android 15; 25078PC3EG Build/AP3A.240905.015.A2; wv) AppleWebKit/537.36 (KHTML, like Gecko) Version/4.0 Chrome/146.0.7680.164 Mobile Safari/537.36 [FB_IAB/FB4A;FBAV/555.0.0.56.66;]','FAILED','Email not found','2026-04-11 01:32:00',NULL),(796,NULL,'laurioleo95@gmail.com','175.158.213.129','Mozilla/5.0 (Linux; Android 15; 25078PC3EG Build/AP3A.240905.015.A2; wv) AppleWebKit/537.36 (KHTML, like Gecko) Version/4.0 Chrome/146.0.7680.164 Mobile Safari/537.36 [FB_IAB/FB4A;FBAV/555.0.0.56.66;]','FAILED','Email not found','2026-04-11 01:32:10',NULL),(797,NULL,'laurioleo95@gmail.com','175.158.213.129','Mozilla/5.0 (Linux; Android 15; 25078PC3EG Build/AP3A.240905.015.A2; wv) AppleWebKit/537.36 (KHTML, like Gecko) Version/4.0 Chrome/146.0.7680.164 Mobile Safari/537.36 [FB_IAB/FB4A;FBAV/555.0.0.56.66;]','FAILED','Email not found','2026-04-11 01:32:30',NULL),(798,NULL,'laurioleo95@gmail.com','175.158.213.129','Mozilla/5.0 (Linux; Android 15; 25078PC3EG Build/AP3A.240905.015.A2; wv) AppleWebKit/537.36 (KHTML, like Gecko) Version/4.0 Chrome/146.0.7680.164 Mobile Safari/537.36 [FB_IAB/FB4A;FBAV/555.0.0.56.66;]','FAILED','Email not found','2026-04-11 01:32:40',NULL),(799,NULL,'laurioleo95@gmail.com','175.158.213.129','Mozilla/5.0 (Linux; Android 15; 25078PC3EG Build/AP3A.240905.015.A2; wv) AppleWebKit/537.36 (KHTML, like Gecko) Version/4.0 Chrome/146.0.7680.164 Mobile Safari/537.36 [FB_IAB/FB4A;FBAV/555.0.0.56.66;]','FAILED','Email not found','2026-04-11 01:33:34',NULL),(800,NULL,'laurioleo95@gmail.com','175.158.213.129','Mozilla/5.0 (Linux; Android 15; 25078PC3EG Build/AP3A.240905.015.A2; wv) AppleWebKit/537.36 (KHTML, like Gecko) Version/4.0 Chrome/146.0.7680.164 Mobile Safari/537.36 [FB_IAB/FB4A;FBAV/555.0.0.56.66;]','FAILED','Email not found','2026-04-11 01:33:44',NULL),(801,NULL,'laurioleo95@gmail.com','175.158.213.129','Mozilla/5.0 (Linux; Android 15; 25078PC3EG Build/AP3A.240905.015.A2; wv) AppleWebKit/537.36 (KHTML, like Gecko) Version/4.0 Chrome/146.0.7680.164 Mobile Safari/537.36 [FB_IAB/FB4A;FBAV/555.0.0.56.66;]','FAILED','Email not found','2026-04-11 01:34:11',NULL),(802,27,'rosaleth.macadat@debesmscat.edu.ph','175.158.214.131','Mozilla/5.0 (Linux; Android 10; K) AppleWebKit/537.36 (KHTML, like Gecko) Chrome/122.0.0.0 Mobile Safari/537.36','SUCCESS','Login successful','2026-04-11 02:09:28',NULL),(803,1,'admin@gmail.com','175.158.213.135','Mozilla/5.0 (Windows NT 10.0; Win64; x64) AppleWebKit/537.36 (KHTML, like Gecko) Chrome/146.0.0.0 Safari/537.36 Edg/146.0.0.0','SUCCESS','Session expired due to inactivity','2026-04-11 14:31:54',NULL),(804,1,'rmramiso@debesmscat.edu.ph','119.92.254.6','Mozilla/5.0 (Windows NT 10.0; Win64; x64) AppleWebKit/537.36 (KHTML, like Gecko) Chrome/146.0.0.0 Safari/537.36 Edg/146.0.0.0','SUCCESS','Login successful','2026-04-13 02:21:10',NULL),(805,1,'rmramiso@debesmscat.edu.ph','123.253.136.234','Mozilla/5.0 (Windows NT 10.0; Win64; x64) AppleWebKit/537.36 (KHTML, like Gecko) Chrome/146.0.0.0 Safari/537.36 Edg/146.0.0.0','SUCCESS','Session expired due to inactivity','2026-04-13 03:53:29',NULL),(806,23,'mhermoso@debesmscat.edu.ph','123.253.136.234','Mozilla/5.0 (Windows NT 10.0; Win64; x64) AppleWebKit/537.36 (KHTML, like Gecko) Chrome/146.0.0.0 Safari/537.36 Edg/146.0.0.0','SUCCESS','Login successful','2026-04-13 03:53:39',NULL),(807,23,'mhermoso@debesmscat.edu.ph','123.253.136.234','Mozilla/5.0 (Windows NT 10.0; Win64; x64) AppleWebKit/537.36 (KHTML, like Gecko) Chrome/146.0.0.0 Safari/537.36 Edg/146.0.0.0','SUCCESS','Session expired due to inactivity','2026-04-13 05:04:36',NULL),(808,1,'admin@gmail.com','119.92.254.6','Mozilla/5.0 (Windows NT 10.0; Win64; x64) AppleWebKit/537.36 (KHTML, like Gecko) Chrome/146.0.0.0 Safari/537.36 Edg/146.0.0.0','SUCCESS','Login successful','2026-04-13 06:02:37',NULL),(809,1,'admin@gmail.com','123.253.136.234','Mozilla/5.0 (Windows NT 10.0; Win64; x64) AppleWebKit/537.36 (KHTML, like Gecko) Chrome/146.0.0.0 Safari/537.36 Edg/146.0.0.0','SUCCESS','Session expired due to inactivity','2026-04-13 06:41:06',NULL),(810,1,'admin@gmail.com','119.92.254.6','Mozilla/5.0 (Windows NT 10.0; Win64; x64) AppleWebKit/537.36 (KHTML, like Gecko) Chrome/146.0.0.0 Safari/537.36 Edg/146.0.0.0','FAILED','Wrong password','2026-04-13 08:07:48',NULL),(811,1,'admin@gmail.com','119.92.254.6','Mozilla/5.0 (Windows NT 10.0; Win64; x64) AppleWebKit/537.36 (KHTML, like Gecko) Chrome/146.0.0.0 Safari/537.36 Edg/146.0.0.0','SUCCESS','Login successful','2026-04-13 08:07:53',NULL),(812,1,'admin@gmail.com','119.92.254.6','Mozilla/5.0 (Windows NT 10.0; Win64; x64) AppleWebKit/537.36 (KHTML, like Gecko) Chrome/146.0.0.0 Safari/537.36 Edg/146.0.0.0','SUCCESS','Changed status from \'For Verification\' to \'Verified\' for faculty ID 23 (task ID 1)','2026-04-13 08:10:33',NULL),(813,1,'admin@gmail.com','119.92.254.6','Mozilla/5.0 (Windows NT 10.0; Win64; x64) AppleWebKit/537.36 (KHTML, like Gecko) Chrome/146.0.0.0 Safari/537.36 Edg/146.0.0.0','SUCCESS','Changed status from \'For Verification\' to \'Verified\' for faculty ID 23 (task ID 23)','2026-04-13 08:10:36',NULL),(814,1,'admin@gmail.com','119.92.254.6','Mozilla/5.0 (Windows NT 10.0; Win64; x64) AppleWebKit/537.36 (KHTML, like Gecko) Chrome/146.0.0.0 Safari/537.36 Edg/146.0.0.0','SUCCESS','Changed status from \'For Verification\' to \'Verified\' for faculty ID 23 (task ID 2)','2026-04-13 08:10:38',NULL),(815,1,'admin@gmail.com','119.92.254.6','Mozilla/5.0 (Windows NT 10.0; Win64; x64) AppleWebKit/537.36 (KHTML, like Gecko) Chrome/146.0.0.0 Safari/537.36 Edg/146.0.0.0','SUCCESS','Changed status from \'For Verification\' to \'Verified\' for faculty ID 23 (task ID 22)','2026-04-13 08:10:41',NULL),(816,1,'admin@gmail.com','119.92.254.6','Mozilla/5.0 (Windows NT 10.0; Win64; x64) AppleWebKit/537.36 (KHTML, like Gecko) Chrome/146.0.0.0 Safari/537.36 Edg/146.0.0.0','SUCCESS','Changed status from \'For Verification\' to \'Verified\' for faculty ID 23 (task ID 24)','2026-04-13 08:10:44',NULL),(817,1,'admin@gmail.com','119.92.254.6','Mozilla/5.0 (Windows NT 10.0; Win64; x64) AppleWebKit/537.36 (KHTML, like Gecko) Chrome/146.0.0.0 Safari/537.36 Edg/146.0.0.0','SUCCESS','User logged out','2026-04-13 08:11:38',NULL),(818,8,'daisyjean.castillo11@gmail.com','119.92.254.6','Mozilla/5.0 (Windows NT 10.0; Win64; x64) AppleWebKit/537.36 (KHTML, like Gecko) Chrome/146.0.0.0 Safari/537.36 Edg/146.0.0.0','SUCCESS','Login successful','2026-04-13 08:11:47',NULL),(819,8,'daisyjean.castillo11@gmail.com','119.92.254.6','Mozilla/5.0 (Windows NT 10.0; Win64; x64) AppleWebKit/537.36 (KHTML, like Gecko) Chrome/146.0.0.0 Safari/537.36 Edg/146.0.0.0','SUCCESS','Changed status from \'For Verification\' to \'Verified\' for faculty ID 19 (task ID 5)','2026-04-13 08:12:27',NULL),(820,8,'daisyjean.castillo11@gmail.com','119.92.254.6','Mozilla/5.0 (Windows NT 10.0; Win64; x64) AppleWebKit/537.36 (KHTML, like Gecko) Chrome/146.0.0.0 Safari/537.36 Edg/146.0.0.0','SUCCESS','Changed status from \'For Verification\' to \'Verified\' for faculty ID 19 (task ID 3)','2026-04-13 08:12:34',NULL),(821,8,'daisyjean.castillo11@gmail.com','119.92.254.6','Mozilla/5.0 (Windows NT 10.0; Win64; x64) AppleWebKit/537.36 (KHTML, like Gecko) Chrome/146.0.0.0 Safari/537.36 Edg/146.0.0.0','SUCCESS','Changed status from \'For Verification\' to \'Verified\' for faculty ID 19 (task ID 2)','2026-04-13 08:12:40',NULL),(822,8,'daisyjean.castillo11@gmail.com','119.92.254.6','Mozilla/5.0 (Windows NT 10.0; Win64; x64) AppleWebKit/537.36 (KHTML, like Gecko) Chrome/146.0.0.0 Safari/537.36 Edg/146.0.0.0','SUCCESS','Changed status from \'For Verification\' to \'Verified\' for faculty ID 19 (task ID 4)','2026-04-13 08:12:46',NULL),(823,8,'daisyjean.castillo11@gmail.com','119.92.254.6','Mozilla/5.0 (Windows NT 10.0; Win64; x64) AppleWebKit/537.36 (KHTML, like Gecko) Chrome/146.0.0.0 Safari/537.36 Edg/146.0.0.0','SUCCESS','User logged out','2026-04-13 08:13:28',NULL),(824,1,'rmramiso@debesmscat.edu.ph','119.92.254.6','Mozilla/5.0 (Windows NT 10.0; Win64; x64) AppleWebKit/537.36 (KHTML, like Gecko) Chrome/146.0.0.0 Safari/537.36 Edg/146.0.0.0','SUCCESS','Login successful','2026-04-13 08:13:34',NULL),(825,1,'rmramiso@debesmscat.edu.ph','119.92.254.6','Mozilla/5.0 (Windows NT 10.0; Win64; x64) AppleWebKit/537.36 (KHTML, like Gecko) Chrome/146.0.0.0 Safari/537.36 Edg/146.0.0.0','SUCCESS','Changed status from \'For Verification\' to \'Verified\' for faculty ID 15 (task ID 16)','2026-04-13 08:14:06',NULL),(826,1,'rmramiso@debesmscat.edu.ph','119.92.254.6','Mozilla/5.0 (Windows NT 10.0; Win64; x64) AppleWebKit/537.36 (KHTML, like Gecko) Chrome/146.0.0.0 Safari/537.36 Edg/146.0.0.0','SUCCESS','User logged out','2026-04-13 08:14:41',NULL),(827,23,'mhermoso@debesmscat.edu.ph','119.92.254.6','Mozilla/5.0 (Windows NT 10.0; Win64; x64) AppleWebKit/537.36 (KHTML, like Gecko) Chrome/146.0.0.0 Safari/537.36 Edg/146.0.0.0','SUCCESS','Login successful','2026-04-13 08:14:46',NULL),(828,23,'mhermoso@debesmscat.edu.ph','119.92.254.6','Mozilla/5.0 (Windows NT 10.0; Win64; x64) AppleWebKit/537.36 (KHTML, like Gecko) Chrome/146.0.0.0 Safari/537.36 Edg/146.0.0.0','SUCCESS','User logged out','2026-04-13 08:17:08',NULL),(829,4,'rbello@gmail.com','119.92.254.6','Mozilla/5.0 (Windows NT 10.0; Win64; x64) AppleWebKit/537.36 (KHTML, like Gecko) Chrome/146.0.0.0 Safari/537.36 Edg/146.0.0.0','FAILED','Wrong password','2026-04-13 08:17:20',NULL),(830,4,'rbello@gmail.com','119.92.254.6','Mozilla/5.0 (Windows NT 10.0; Win64; x64) AppleWebKit/537.36 (KHTML, like Gecko) Chrome/146.0.0.0 Safari/537.36 Edg/146.0.0.0','SUCCESS','Login successful','2026-04-13 08:17:25',NULL),(831,4,'rbello@gmail.com','119.92.254.6','Mozilla/5.0 (Windows NT 10.0; Win64; x64) AppleWebKit/537.36 (KHTML, like Gecko) Chrome/146.0.0.0 Safari/537.36 Edg/146.0.0.0','SUCCESS','Changed status from \'For Verification\' to \'Verified\' for faculty ID 25 (task ID 23)','2026-04-13 08:18:20',NULL),(832,4,'rbello@gmail.com','119.92.254.6','Mozilla/5.0 (Windows NT 10.0; Win64; x64) AppleWebKit/537.36 (KHTML, like Gecko) Chrome/146.0.0.0 Safari/537.36 Edg/146.0.0.0','SUCCESS','Changed status from \'For Verification\' to \'Verified\' for faculty ID 25 (task ID 7)','2026-04-13 08:18:23',NULL),(833,4,'rbello@gmail.com','119.92.254.6','Mozilla/5.0 (Windows NT 10.0; Win64; x64) AppleWebKit/537.36 (KHTML, like Gecko) Chrome/146.0.0.0 Safari/537.36 Edg/146.0.0.0','SUCCESS','Changed status from \'For Verification\' to \'Verified\' for faculty ID 25 (task ID 6)','2026-04-13 08:18:25',NULL),(834,4,'rbello@gmail.com','119.92.254.6','Mozilla/5.0 (Windows NT 10.0; Win64; x64) AppleWebKit/537.36 (KHTML, like Gecko) Chrome/146.0.0.0 Safari/537.36 Edg/146.0.0.0','SUCCESS','Changed status from \'For Verification\' to \'Verified\' for faculty ID 25 (task ID 5)','2026-04-13 08:18:28',NULL),(835,4,'rbello@gmail.com','119.92.254.6','Mozilla/5.0 (Windows NT 10.0; Win64; x64) AppleWebKit/537.36 (KHTML, like Gecko) Chrome/146.0.0.0 Safari/537.36 Edg/146.0.0.0','SUCCESS','Changed status from \'For Verification\' to \'Verified\' for faculty ID 25 (task ID 4)','2026-04-13 08:18:30',NULL),(836,4,'rbello@gmail.com','119.92.254.6','Mozilla/5.0 (Windows NT 10.0; Win64; x64) AppleWebKit/537.36 (KHTML, like Gecko) Chrome/146.0.0.0 Safari/537.36 Edg/146.0.0.0','SUCCESS','Changed status from \'For Verification\' to \'Verified\' for faculty ID 25 (task ID 3)','2026-04-13 08:18:33',NULL),(837,4,'rbello@gmail.com','119.92.254.6','Mozilla/5.0 (Windows NT 10.0; Win64; x64) AppleWebKit/537.36 (KHTML, like Gecko) Chrome/146.0.0.0 Safari/537.36 Edg/146.0.0.0','SUCCESS','Changed status from \'For Verification\' to \'Verified\' for faculty ID 23 (task ID 7)','2026-04-13 08:18:52',NULL),(838,4,'rbello@gmail.com','119.92.254.6','Mozilla/5.0 (Windows NT 10.0; Win64; x64) AppleWebKit/537.36 (KHTML, like Gecko) Chrome/146.0.0.0 Safari/537.36 Edg/146.0.0.0','SUCCESS','Changed status from \'For Verification\' to \'Verified\' for faculty ID 23 (task ID 3)','2026-04-13 08:19:13',NULL),(839,4,'rbello@gmail.com','119.92.254.6','Mozilla/5.0 (Windows NT 10.0; Win64; x64) AppleWebKit/537.36 (KHTML, like Gecko) Chrome/146.0.0.0 Safari/537.36 Edg/146.0.0.0','SUCCESS','User logged out','2026-04-13 08:19:42',NULL),(840,15,'rbello@gmail.com','119.92.254.6','Mozilla/5.0 (Windows NT 10.0; Win64; x64) AppleWebKit/537.36 (KHTML, like Gecko) Chrome/146.0.0.0 Safari/537.36 Edg/146.0.0.0','SUCCESS','Login successful','2026-04-13 08:20:01',NULL),(841,15,'rbello@gmail.com','119.92.254.6','Mozilla/5.0 (Windows NT 10.0; Win64; x64) AppleWebKit/537.36 (KHTML, like Gecko) Chrome/146.0.0.0 Safari/537.36 Edg/146.0.0.0','SUCCESS','User logged out','2026-04-13 08:21:53',NULL),(842,1,'rmramiso@debesmscat.edu.ph','119.92.254.6','Mozilla/5.0 (Windows NT 10.0; Win64; x64) AppleWebKit/537.36 (KHTML, like Gecko) Chrome/146.0.0.0 Safari/537.36 Edg/146.0.0.0','SUCCESS','Login successful','2026-04-13 08:22:01',NULL),(843,1,'rmramiso@debesmscat.edu.ph','119.92.254.6','Mozilla/5.0 (Windows NT 10.0; Win64; x64) AppleWebKit/537.36 (KHTML, like Gecko) Chrome/146.0.0.0 Safari/537.36 Edg/146.0.0.0','SUCCESS','Changed status from \'For Verification\' to \'Verified\' for faculty ID 15 (task ID 17)','2026-04-13 08:22:38',NULL),(844,1,'rmramiso@debesmscat.edu.ph','119.92.254.6','Mozilla/5.0 (Windows NT 10.0; Win64; x64) AppleWebKit/537.36 (KHTML, like Gecko) Chrome/146.0.0.0 Safari/537.36 Edg/146.0.0.0','SUCCESS','Changed status from \'For Verification\' to \'Verified\' for faculty ID 15 (task ID 2)','2026-04-13 08:22:40',NULL),(845,1,'rmramiso@debesmscat.edu.ph','119.92.254.6','Mozilla/5.0 (Windows NT 10.0; Win64; x64) AppleWebKit/537.36 (KHTML, like Gecko) Chrome/146.0.0.0 Safari/537.36 Edg/146.0.0.0','SUCCESS','Changed status from \'For Verification\' to \'Verified\' for faculty ID 15 (task ID 3)','2026-04-13 08:22:43',NULL),(846,1,'rmramiso@debesmscat.edu.ph','119.92.254.6','Mozilla/5.0 (Windows NT 10.0; Win64; x64) AppleWebKit/537.36 (KHTML, like Gecko) Chrome/146.0.0.0 Safari/537.36 Edg/146.0.0.0','SUCCESS','Changed status from \'For Verification\' to \'Verified\' for faculty ID 15 (task ID 6)','2026-04-13 08:22:46',NULL),(847,1,'rmramiso@debesmscat.edu.ph','119.92.254.6','Mozilla/5.0 (Windows NT 10.0; Win64; x64) AppleWebKit/537.36 (KHTML, like Gecko) Chrome/146.0.0.0 Safari/537.36 Edg/146.0.0.0','SUCCESS','User logged out','2026-04-13 08:23:02',NULL),(848,15,'rbello@gmail.com','119.92.254.6','Mozilla/5.0 (Windows NT 10.0; Win64; x64) AppleWebKit/537.36 (KHTML, like Gecko) Chrome/146.0.0.0 Safari/537.36 Edg/146.0.0.0','SUCCESS','Login successful','2026-04-13 08:23:14',NULL),(849,15,'rbello@gmail.com','119.92.254.6','Mozilla/5.0 (Windows NT 10.0; Win64; x64) AppleWebKit/537.36 (KHTML, like Gecko) Chrome/146.0.0.0 Safari/537.36 Edg/146.0.0.0','SUCCESS','User logged out','2026-04-13 08:23:39',NULL),(850,23,'mhermoso@debesmscat.edu.ph','119.92.254.6','Mozilla/5.0 (Windows NT 10.0; Win64; x64) AppleWebKit/537.36 (KHTML, like Gecko) Chrome/146.0.0.0 Safari/537.36 Edg/146.0.0.0','SUCCESS','Login successful','2026-04-13 08:23:45',NULL),(851,23,'mhermoso@debesmscat.edu.ph','119.92.254.6','Mozilla/5.0 (Windows NT 10.0; Win64; x64) AppleWebKit/537.36 (KHTML, like Gecko) Chrome/146.0.0.0 Safari/537.36 Edg/146.0.0.0','SUCCESS','User logged out','2026-04-13 08:25:03',NULL),(852,1,'admin@gmail.com','119.92.254.6','Mozilla/5.0 (Windows NT 10.0; Win64; x64) AppleWebKit/537.36 (KHTML, like Gecko) Chrome/146.0.0.0 Safari/537.36 Edg/146.0.0.0','SUCCESS','Login successful','2026-04-13 08:25:08',NULL),(853,1,'admin@gmail.com','119.92.254.6','Mozilla/5.0 (Windows NT 10.0; Win64; x64) AppleWebKit/537.36 (KHTML, like Gecko) Chrome/146.0.0.0 Safari/537.36 Edg/146.0.0.0','SUCCESS','User logged out','2026-04-13 08:26:15',NULL),(854,9,'rmramiso@debesmscat.edu.ph','119.92.254.6','Mozilla/5.0 (Windows NT 10.0; Win64; x64) AppleWebKit/537.36 (KHTML, like Gecko) Chrome/146.0.0.0 Safari/537.36 Edg/146.0.0.0','FAILED','Account not activated','2026-04-13 08:26:24',NULL),(855,1,'rmramiso@debesmscat.edu.ph','119.92.254.6','Mozilla/5.0 (Windows NT 10.0; Win64; x64) AppleWebKit/537.36 (KHTML, like Gecko) Chrome/146.0.0.0 Safari/537.36 Edg/146.0.0.0','FAILED','Wrong password','2026-04-13 08:26:29',NULL),(856,1,'rmramiso@debesmscat.edu.ph','119.92.254.6','Mozilla/5.0 (Windows NT 10.0; Win64; x64) AppleWebKit/537.36 (KHTML, like Gecko) Chrome/146.0.0.0 Safari/537.36 Edg/146.0.0.0','SUCCESS','Login successful','2026-04-13 08:27:06',NULL),(857,1,'rmramiso@debesmscat.edu.ph','119.92.254.6','Mozilla/5.0 (Windows NT 10.0; Win64; x64) AppleWebKit/537.36 (KHTML, like Gecko) Chrome/146.0.0.0 Safari/537.36 Edg/146.0.0.0','SUCCESS','User logged out','2026-04-13 08:28:39',NULL),(858,1,'admin@gmail.com','119.92.254.6','Mozilla/5.0 (Windows NT 10.0; Win64; x64) AppleWebKit/537.36 (KHTML, like Gecko) Chrome/146.0.0.0 Safari/537.36 Edg/146.0.0.0','SUCCESS','Login successful','2026-04-13 08:28:54',NULL),(859,1,'admin@gmail.com','119.92.254.6','Mozilla/5.0 (Windows NT 10.0; Win64; x64) AppleWebKit/537.36 (KHTML, like Gecko) Chrome/146.0.0.0 Safari/537.36 Edg/146.0.0.0','SUCCESS','User logged out','2026-04-13 08:29:26',NULL),(860,6,'jhiepot120584@gmail.com','119.92.254.6','Mozilla/5.0 (Windows NT 10.0; Win64; x64) AppleWebKit/537.36 (KHTML, like Gecko) Chrome/146.0.0.0 Safari/537.36 Edg/146.0.0.0','FAILED','Wrong password','2026-04-13 08:29:33',NULL),(861,8,'jhiepot120584@gmail.com','119.92.254.6','Mozilla/5.0 (Windows NT 10.0; Win64; x64) AppleWebKit/537.36 (KHTML, like Gecko) Chrome/146.0.0.0 Safari/537.36 Edg/146.0.0.0','SUCCESS','Login successful','2026-04-13 08:29:41',NULL),(862,8,'jhiepot120584@gmail.com','119.92.254.6','Mozilla/5.0 (Windows NT 10.0; Win64; x64) AppleWebKit/537.36 (KHTML, like Gecko) Chrome/146.0.0.0 Safari/537.36 Edg/146.0.0.0','SUCCESS','User logged out','2026-04-13 08:30:19',NULL),(863,6,'jhiepot120584@gmail.com','119.92.254.6','Mozilla/5.0 (Windows NT 10.0; Win64; x64) AppleWebKit/537.36 (KHTML, like Gecko) Chrome/146.0.0.0 Safari/537.36 Edg/146.0.0.0','FAILED','Wrong password','2026-04-13 08:30:24',NULL),(864,NULL,'rramiso@debesmscat.edu.ph','119.92.254.6','Mozilla/5.0 (Windows NT 10.0; Win64; x64) AppleWebKit/537.36 (KHTML, like Gecko) Chrome/146.0.0.0 Safari/537.36 Edg/146.0.0.0','FAILED','Email not found','2026-04-13 08:30:40',NULL),(865,NULL,'rramiso@debesmscat.edu.ph','119.92.254.6','Mozilla/5.0 (Windows NT 10.0; Win64; x64) AppleWebKit/537.36 (KHTML, like Gecko) Chrome/146.0.0.0 Safari/537.36 Edg/146.0.0.0','FAILED','Email not found','2026-04-13 08:30:47',NULL),(866,NULL,'rramiso@debesmscat.edu.ph','119.92.254.6','Mozilla/5.0 (Windows NT 10.0; Win64; x64) AppleWebKit/537.36 (KHTML, like Gecko) Chrome/146.0.0.0 Safari/537.36 Edg/146.0.0.0','FAILED','Email not found','2026-04-13 08:30:52',NULL),(867,NULL,'rramiso@debesmscat.edu.ph','119.92.254.6','Mozilla/5.0 (Windows NT 10.0; Win64; x64) AppleWebKit/537.36 (KHTML, like Gecko) Chrome/146.0.0.0 Safari/537.36 Edg/146.0.0.0','FAILED','Email not found','2026-04-13 08:30:57',NULL),(868,NULL,'rramiso@debesmscat.edu.ph','119.92.254.6','Mozilla/5.0 (Windows NT 10.0; Win64; x64) AppleWebKit/537.36 (KHTML, like Gecko) Chrome/146.0.0.0 Safari/537.36 Edg/146.0.0.0','FAILED','Email not found','2026-04-13 08:31:02',NULL),(869,NULL,'rramiso@debesmscat.edu.ph','119.92.254.6','Mozilla/5.0 (Windows NT 10.0; Win64; x64) AppleWebKit/537.36 (KHTML, like Gecko) Chrome/146.0.0.0 Safari/537.36 Edg/146.0.0.0','FAILED','Email not found','2026-04-13 08:31:04',NULL),(870,1,'rmramiso@debesmscat.edu.ph','119.92.254.6','Mozilla/5.0 (Windows NT 10.0; Win64; x64) AppleWebKit/537.36 (KHTML, like Gecko) Chrome/146.0.0.0 Safari/537.36 Edg/146.0.0.0','SUCCESS','Login successful','2026-04-13 08:31:40',NULL),(871,1,'rmramiso@debesmscat.edu.ph','119.92.254.6','Mozilla/5.0 (Windows NT 10.0; Win64; x64) AppleWebKit/537.36 (KHTML, like Gecko) Chrome/146.0.0.0 Safari/537.36 Edg/146.0.0.0','SUCCESS','Changed status from \'For Verification\' to \'Verified\' for faculty ID 8 (task ID 4)','2026-04-13 08:31:58',NULL),(872,1,'rmramiso@debesmscat.edu.ph','119.92.254.6','Mozilla/5.0 (Windows NT 10.0; Win64; x64) AppleWebKit/537.36 (KHTML, like Gecko) Chrome/146.0.0.0 Safari/537.36 Edg/146.0.0.0','SUCCESS','Changed status from \'For Verification\' to \'Verified\' for faculty ID 8 (task ID 15)','2026-04-13 08:32:00',NULL),(873,9,'rmramiso@debesmscat.edu.ph','119.92.254.6','Mozilla/5.0 (Windows NT 10.0; Win64; x64) AppleWebKit/537.36 (KHTML, like Gecko) Chrome/146.0.0.0 Safari/537.36 Edg/146.0.0.0','FAILED','Account not activated','2026-04-14 05:48:46',NULL),(874,1,'rmramiso@debesmscat.edu.ph','119.92.254.6','Mozilla/5.0 (Windows NT 10.0; Win64; x64) AppleWebKit/537.36 (KHTML, like Gecko) Chrome/146.0.0.0 Safari/537.36 Edg/146.0.0.0','SUCCESS','Login successful','2026-04-14 05:48:50',NULL),(875,1,'rmramiso@debesmscat.edu.ph','123.253.136.234','Mozilla/5.0 (Windows NT 10.0; Win64; x64) AppleWebKit/537.36 (KHTML, like Gecko) Chrome/146.0.0.0 Safari/537.36 Edg/146.0.0.0','SUCCESS','Session expired due to inactivity','2026-04-14 06:23:07',NULL),(876,6,'jhiepot120584@gmail.com','123.253.136.234','Mozilla/5.0 (Windows NT 10.0; Win64; x64) AppleWebKit/537.36 (KHTML, like Gecko) Chrome/146.0.0.0 Safari/537.36 Edg/146.0.0.0','FAILED','Wrong password','2026-04-14 06:23:19',NULL),(877,8,'jhiepot120584@gmail.com','123.253.136.234','Mozilla/5.0 (Windows NT 10.0; Win64; x64) AppleWebKit/537.36 (KHTML, like Gecko) Chrome/146.0.0.0 Safari/537.36 Edg/146.0.0.0','SUCCESS','Login successful','2026-04-14 06:23:26',NULL),(878,8,'jhiepot120584@gmail.com','123.253.136.234','Mozilla/5.0 (Windows NT 10.0; Win64; x64) AppleWebKit/537.36 (KHTML, like Gecko) Chrome/146.0.0.0 Safari/537.36 Edg/146.0.0.0','SUCCESS','User logged out','2026-04-14 06:25:07',NULL),(879,1,'rmramiso@debesmscat.edu.ph','123.253.136.234','Mozilla/5.0 (Windows NT 10.0; Win64; x64) AppleWebKit/537.36 (KHTML, like Gecko) Chrome/146.0.0.0 Safari/537.36 Edg/146.0.0.0','SUCCESS','Login successful','2026-04-14 06:25:12',NULL),(880,1,'rmramiso@debesmscat.edu.ph','123.253.136.234','Mozilla/5.0 (Windows NT 10.0; Win64; x64) AppleWebKit/537.36 (KHTML, like Gecko) Chrome/146.0.0.0 Safari/537.36 Edg/146.0.0.0','SUCCESS','Changed status from \'For Verification\' to \'Verified\' for faculty ID 8 (task ID 24)','2026-04-14 06:25:39',NULL),(881,1,'rmramiso@debesmscat.edu.ph','123.253.136.234','Mozilla/5.0 (Windows NT 10.0; Win64; x64) AppleWebKit/537.36 (KHTML, like Gecko) Chrome/146.0.0.0 Safari/537.36 Edg/146.0.0.0','SUCCESS','Changed status from \'For Verification\' to \'Verified\' for faculty ID 8 (task ID 7)','2026-04-14 06:25:42',NULL),(882,1,'rmramiso@debesmscat.edu.ph','123.253.136.234','Mozilla/5.0 (Windows NT 10.0; Win64; x64) AppleWebKit/537.36 (KHTML, like Gecko) Chrome/146.0.0.0 Safari/537.36 Edg/146.0.0.0','SUCCESS','Changed status from \'For Verification\' to \'Verified\' for faculty ID 8 (task ID 22)','2026-04-14 06:25:45',NULL),(883,1,'rmramiso@debesmscat.edu.ph','123.253.136.234','Mozilla/5.0 (Windows NT 10.0; Win64; x64) AppleWebKit/537.36 (KHTML, like Gecko) Chrome/146.0.0.0 Safari/537.36 Edg/146.0.0.0','SUCCESS','User logged out','2026-04-14 06:26:00',NULL),(884,6,'jhiepot120584@gmail.com','123.253.136.234','Mozilla/5.0 (Windows NT 10.0; Win64; x64) AppleWebKit/537.36 (KHTML, like Gecko) Chrome/146.0.0.0 Safari/537.36 Edg/146.0.0.0','FAILED','Wrong password','2026-04-14 06:26:07',NULL),(885,8,'jhiepot120584@gmail.com','123.253.136.234','Mozilla/5.0 (Windows NT 10.0; Win64; x64) AppleWebKit/537.36 (KHTML, like Gecko) Chrome/146.0.0.0 Safari/537.36 Edg/146.0.0.0','SUCCESS','Login successful','2026-04-14 06:26:19',NULL),(886,8,'jhiepot120584@gmail.com','123.253.136.234','Mozilla/5.0 (Windows NT 10.0; Win64; x64) AppleWebKit/537.36 (KHTML, like Gecko) Chrome/146.0.0.0 Safari/537.36 Edg/146.0.0.0','SUCCESS','User logged out','2026-04-14 06:29:03',NULL),(887,9,'rmramiso@debesmscat.edu.ph','123.253.136.234','Mozilla/5.0 (Windows NT 10.0; Win64; x64) AppleWebKit/537.36 (KHTML, like Gecko) Chrome/146.0.0.0 Safari/537.36 Edg/146.0.0.0','FAILED','Account not activated','2026-04-14 06:29:11',NULL),(888,1,'rmramiso@debesmscat.edu.ph','123.253.136.234','Mozilla/5.0 (Windows NT 10.0; Win64; x64) AppleWebKit/537.36 (KHTML, like Gecko) Chrome/146.0.0.0 Safari/537.36 Edg/146.0.0.0','SUCCESS','Login successful','2026-04-14 06:30:00',NULL),(889,1,'rmramiso@debesmscat.edu.ph','119.92.254.6','Mozilla/5.0 (Windows NT 10.0; Win64; x64) AppleWebKit/537.36 (KHTML, like Gecko) Chrome/146.0.0.0 Safari/537.36 Edg/146.0.0.0','SUCCESS','User logged out','2026-04-14 06:34:58',NULL),(890,1,'admin@gmail.com','119.92.254.6','Mozilla/5.0 (Windows NT 10.0; Win64; x64) AppleWebKit/537.36 (KHTML, like Gecko) Chrome/146.0.0.0 Safari/537.36 Edg/146.0.0.0','SUCCESS','Login successful','2026-04-14 06:35:05',NULL),(891,1,'admin@gmail.com','119.92.254.6','Mozilla/5.0 (Windows NT 10.0; Win64; x64) AppleWebKit/537.36 (KHTML, like Gecko) Chrome/146.0.0.0 Safari/537.36 Edg/146.0.0.0','SUCCESS','Changed status from \'For Verification\' to \'Verified\' for faculty ID 31 (task ID 2)','2026-04-14 06:36:06',NULL),(892,1,'admin@gmail.com','119.92.254.6','Mozilla/5.0 (Windows NT 10.0; Win64; x64) AppleWebKit/537.36 (KHTML, like Gecko) Chrome/146.0.0.0 Safari/537.36 Edg/146.0.0.0','SUCCESS','Session expired due to inactivity','2026-04-14 07:58:51',NULL),(893,1,'admin@gmail.com','119.92.254.6','Mozilla/5.0 (Windows NT 10.0; Win64; x64) AppleWebKit/537.36 (KHTML, like Gecko) Chrome/146.0.0.0 Safari/537.36 Edg/146.0.0.0','SUCCESS','Login successful','2026-04-14 07:59:20',NULL),(894,18,'florencejoy.capinig@debesmscat.edu.ph','123.253.136.234','Mozilla/5.0 (Windows NT 10.0; Win64; x64) AppleWebKit/537.36 (KHTML, like Gecko) Chrome/146.0.0.0 Safari/537.36 Edg/146.0.0.0','SUCCESS','Login successful','2026-04-14 08:04:31',NULL),(895,18,'florencejoy.capinig@debesmscat.edu.ph','123.253.136.234','Mozilla/5.0 (Windows NT 10.0; Win64; x64) AppleWebKit/537.36 (KHTML, like Gecko) Chrome/146.0.0.0 Safari/537.36 Edg/146.0.0.0','SUCCESS','User logged out','2026-04-14 08:08:19',NULL),(896,2,'daisyjean.castillo11@gmail.com','123.253.136.234','Mozilla/5.0 (Windows NT 10.0; Win64; x64) AppleWebKit/537.36 (KHTML, like Gecko) Chrome/146.0.0.0 Safari/537.36 Edg/146.0.0.0','SUCCESS','Login successful','2026-04-14 08:08:47',NULL),(897,2,'daisyjean.castillo11@gmail.com','123.253.136.234','Mozilla/5.0 (Windows NT 10.0; Win64; x64) AppleWebKit/537.36 (KHTML, like Gecko) Chrome/146.0.0.0 Safari/537.36 Edg/146.0.0.0','SUCCESS','User logged out','2026-04-14 08:08:51',NULL),(898,8,'daisyjean.castillo11@gmail.com','123.253.136.234','Mozilla/5.0 (Windows NT 10.0; Win64; x64) AppleWebKit/537.36 (KHTML, like Gecko) Chrome/146.0.0.0 Safari/537.36 Edg/146.0.0.0','SUCCESS','Login successful','2026-04-14 08:08:57',NULL),(899,8,'daisyjean.castillo11@gmail.com','123.253.136.234','Mozilla/5.0 (Windows NT 10.0; Win64; x64) AppleWebKit/537.36 (KHTML, like Gecko) Chrome/146.0.0.0 Safari/537.36 Edg/146.0.0.0','SUCCESS','User logged out','2026-04-14 08:09:12',NULL),(900,2,'daisyjean.castillo11@gmail.com','123.253.136.234','Mozilla/5.0 (Windows NT 10.0; Win64; x64) AppleWebKit/537.36 (KHTML, like Gecko) Chrome/146.0.0.0 Safari/537.36 Edg/146.0.0.0','SUCCESS','Login successful','2026-04-14 08:09:19',NULL),(901,2,'daisyjean.castillo11@gmail.com','123.253.136.234','Mozilla/5.0 (Windows NT 10.0; Win64; x64) AppleWebKit/537.36 (KHTML, like Gecko) Chrome/146.0.0.0 Safari/537.36 Edg/146.0.0.0','SUCCESS','User logged out','2026-04-14 08:11:00',NULL),(902,17,'mcastro@debesmscat.edu.ph','119.92.254.6','Mozilla/5.0 (Windows NT 10.0; Win64; x64) AppleWebKit/537.36 (KHTML, like Gecko) Chrome/146.0.0.0 Safari/537.36 Edg/146.0.0.0','SUCCESS','Login successful','2026-04-14 08:12:20',NULL),(903,17,'mcastro@debesmscat.edu.ph','119.92.254.6','Mozilla/5.0 (Windows NT 10.0; Win64; x64) AppleWebKit/537.36 (KHTML, like Gecko) Chrome/146.0.0.0 Safari/537.36 Edg/146.0.0.0','SUCCESS','User logged out','2026-04-14 08:14:08',NULL),(904,5,'taaguilar@debesmscat.edu.ph','119.92.254.6','Mozilla/5.0 (Windows NT 10.0; Win64; x64) AppleWebKit/537.36 (KHTML, like Gecko) Chrome/146.0.0.0 Safari/537.36 Edg/146.0.0.0','SUCCESS','Login successful','2026-04-14 08:14:14',NULL),(905,5,'taaguilar@debesmscat.edu.ph','119.92.254.6','Mozilla/5.0 (Windows NT 10.0; Win64; x64) AppleWebKit/537.36 (KHTML, like Gecko) Chrome/146.0.0.0 Safari/537.36 Edg/146.0.0.0','SUCCESS','User logged out','2026-04-14 08:14:28',NULL),(906,7,'sharmaenaTM95@gmail.com','119.92.254.6','Mozilla/5.0 (Windows NT 10.0; Win64; x64) AppleWebKit/537.36 (KHTML, like Gecko) Chrome/146.0.0.0 Safari/537.36 Edg/146.0.0.0','FAILED','Wrong password','2026-04-14 08:15:04',NULL),(907,7,'sharmaenaTM95@gmail.com','119.92.254.6','Mozilla/5.0 (Windows NT 10.0; Win64; x64) AppleWebKit/537.36 (KHTML, like Gecko) Chrome/146.0.0.0 Safari/537.36 Edg/146.0.0.0','SUCCESS','Login successful','2026-04-14 08:15:06',NULL),(908,7,'sharmaenaTM95@gmail.com','119.92.254.6','Mozilla/5.0 (Windows NT 10.0; Win64; x64) AppleWebKit/537.36 (KHTML, like Gecko) Chrome/146.0.0.0 Safari/537.36 Edg/146.0.0.0','SUCCESS','Changed status from \'For Verification\' to \'Verified\' for faculty ID 17 (task ID 12)','2026-04-14 08:15:37',NULL),(909,7,'sharmaenaTM95@gmail.com','119.92.254.6','Mozilla/5.0 (Windows NT 10.0; Win64; x64) AppleWebKit/537.36 (KHTML, like Gecko) Chrome/146.0.0.0 Safari/537.36 Edg/146.0.0.0','SUCCESS','Changed status from \'For Verification\' to \'Verified\' for faculty ID 17 (task ID 15)','2026-04-14 08:15:40',NULL),(910,7,'sharmaenaTM95@gmail.com','119.92.254.6','Mozilla/5.0 (Windows NT 10.0; Win64; x64) AppleWebKit/537.36 (KHTML, like Gecko) Chrome/146.0.0.0 Safari/537.36 Edg/146.0.0.0','SUCCESS','Changed status from \'For Verification\' to \'Verified\' for faculty ID 17 (task ID 4)','2026-04-14 08:15:42',NULL),(911,7,'sharmaenaTM95@gmail.com','119.92.254.6','Mozilla/5.0 (Windows NT 10.0; Win64; x64) AppleWebKit/537.36 (KHTML, like Gecko) Chrome/146.0.0.0 Safari/537.36 Edg/146.0.0.0','SUCCESS','Changed status from \'For Verification\' to \'Verified\' for faculty ID 17 (task ID 2)','2026-04-14 08:15:46',NULL),(912,7,'sharmaenaTM95@gmail.com','119.92.254.6','Mozilla/5.0 (Windows NT 10.0; Win64; x64) AppleWebKit/537.36 (KHTML, like Gecko) Chrome/146.0.0.0 Safari/537.36 Edg/146.0.0.0','SUCCESS','User logged out','2026-04-14 08:16:14',NULL),(913,6,'jhiepot120584@gmail.com','119.92.254.6','Mozilla/5.0 (Windows NT 10.0; Win64; x64) AppleWebKit/537.36 (KHTML, like Gecko) Chrome/146.0.0.0 Safari/537.36 Edg/146.0.0.0','FAILED','Account locked due to too many failed attempts','2026-04-14 08:16:23',NULL),(914,4,'rbello@gmail.com','119.92.254.6','Mozilla/5.0 (Windows NT 10.0; Win64; x64) AppleWebKit/537.36 (KHTML, like Gecko) Chrome/146.0.0.0 Safari/537.36 Edg/146.0.0.0','SUCCESS','Login successful','2026-04-14 08:16:37',NULL),(915,4,'rbello@gmail.com','119.92.254.6','Mozilla/5.0 (Windows NT 10.0; Win64; x64) AppleWebKit/537.36 (KHTML, like Gecko) Chrome/146.0.0.0 Safari/537.36 Edg/146.0.0.0','SUCCESS','User logged out','2026-04-14 08:17:24',NULL),(916,15,'rbello@gmail.com','119.92.254.6','Mozilla/5.0 (Windows NT 10.0; Win64; x64) AppleWebKit/537.36 (KHTML, like Gecko) Chrome/146.0.0.0 Safari/537.36 Edg/146.0.0.0','SUCCESS','Login successful','2026-04-14 08:17:28',NULL),(917,15,'rbello@gmail.com','119.92.254.6','Mozilla/5.0 (Windows NT 10.0; Win64; x64) AppleWebKit/537.36 (KHTML, like Gecko) Chrome/146.0.0.0 Safari/537.36 Edg/146.0.0.0','SUCCESS','User logged out','2026-04-14 08:17:38',NULL),(918,28,'vibaskimberly8@gmail.com','119.92.254.6','Mozilla/5.0 (Windows NT 10.0; Win64; x64) AppleWebKit/537.36 (KHTML, like Gecko) Chrome/146.0.0.0 Safari/537.36 Edg/146.0.0.0','SUCCESS','Login successful','2026-04-14 08:18:50',NULL),(919,28,'vibaskimberly8@gmail.com','123.253.136.234','Mozilla/5.0 (Windows NT 10.0; Win64; x64) AppleWebKit/537.36 (KHTML, like Gecko) Chrome/146.0.0.0 Safari/537.36 Edg/146.0.0.0','SUCCESS','User logged out','2026-04-14 08:21:13',NULL),(920,12,'rstoling@debesmscat.edu.ph','123.253.136.234','Mozilla/5.0 (Windows NT 10.0; Win64; x64) AppleWebKit/537.36 (KHTML, like Gecko) Chrome/146.0.0.0 Safari/537.36 Edg/146.0.0.0','SUCCESS','Login successful','2026-04-14 08:21:20',NULL),(921,12,'rstoling@debesmscat.edu.ph','123.253.136.234','Mozilla/5.0 (Windows NT 10.0; Win64; x64) AppleWebKit/537.36 (KHTML, like Gecko) Chrome/146.0.0.0 Safari/537.36 Edg/146.0.0.0','SUCCESS','Deleted file successfuly','2026-04-14 08:22:02',NULL),(922,12,'rstoling@debesmscat.edu.ph','123.253.136.234','Mozilla/5.0 (Windows NT 10.0; Win64; x64) AppleWebKit/537.36 (KHTML, like Gecko) Chrome/146.0.0.0 Safari/537.36 Edg/146.0.0.0','SUCCESS','User logged out','2026-04-14 08:23:32',NULL),(923,5,'taaguilar@debesmscat.edu.ph','123.253.136.234','Mozilla/5.0 (Windows NT 10.0; Win64; x64) AppleWebKit/537.36 (KHTML, like Gecko) Chrome/146.0.0.0 Safari/537.36 Edg/146.0.0.0','SUCCESS','Login successful','2026-04-14 08:23:53',NULL),(924,5,'taaguilar@debesmscat.edu.ph','123.253.136.234','Mozilla/5.0 (Windows NT 10.0; Win64; x64) AppleWebKit/537.36 (KHTML, like Gecko) Chrome/146.0.0.0 Safari/537.36 Edg/146.0.0.0','SUCCESS','Changed status from \'For Verification\' to \'Verified\' for faculty ID 12 (task ID 24)','2026-04-14 08:25:37',NULL),(925,5,'taaguilar@debesmscat.edu.ph','123.253.136.234','Mozilla/5.0 (Windows NT 10.0; Win64; x64) AppleWebKit/537.36 (KHTML, like Gecko) Chrome/146.0.0.0 Safari/537.36 Edg/146.0.0.0','SUCCESS','Changed status from \'For Verification\' to \'Verified\' for faculty ID 12 (task ID 12)','2026-04-14 08:26:01',NULL),(926,5,'taaguilar@debesmscat.edu.ph','123.253.136.234','Mozilla/5.0 (Windows NT 10.0; Win64; x64) AppleWebKit/537.36 (KHTML, like Gecko) Chrome/146.0.0.0 Safari/537.36 Edg/146.0.0.0','SUCCESS','Changed status from \'For Verification\' to \'Verified\' for faculty ID 12 (task ID 11)','2026-04-14 08:26:21',NULL),(927,5,'taaguilar@debesmscat.edu.ph','123.253.136.234','Mozilla/5.0 (Windows NT 10.0; Win64; x64) AppleWebKit/537.36 (KHTML, like Gecko) Chrome/146.0.0.0 Safari/537.36 Edg/146.0.0.0','SUCCESS','Changed status from \'For Verification\' to \'Verified\' for faculty ID 12 (task ID 2)','2026-04-14 08:26:25',NULL),(928,5,'taaguilar@debesmscat.edu.ph','123.253.136.234','Mozilla/5.0 (Windows NT 10.0; Win64; x64) AppleWebKit/537.36 (KHTML, like Gecko) Chrome/146.0.0.0 Safari/537.36 Edg/146.0.0.0','SUCCESS','Changed status from \'For Verification\' to \'Verified\' for faculty ID 12 (task ID 16)','2026-04-14 08:26:28',NULL),(929,5,'taaguilar@debesmscat.edu.ph','123.253.136.234','Mozilla/5.0 (Windows NT 10.0; Win64; x64) AppleWebKit/537.36 (KHTML, like Gecko) Chrome/146.0.0.0 Safari/537.36 Edg/146.0.0.0','SUCCESS','Changed status from \'For Verification\' to \'Verified\' for faculty ID 12 (task ID 6)','2026-04-14 08:26:31',NULL),(930,5,'taaguilar@debesmscat.edu.ph','123.253.136.234','Mozilla/5.0 (Windows NT 10.0; Win64; x64) AppleWebKit/537.36 (KHTML, like Gecko) Chrome/146.0.0.0 Safari/537.36 Edg/146.0.0.0','SUCCESS','Changed status from \'For Verification\' to \'Verified\' for faculty ID 12 (task ID 15)','2026-04-14 08:26:34',NULL),(931,5,'taaguilar@debesmscat.edu.ph','123.253.136.234','Mozilla/5.0 (Windows NT 10.0; Win64; x64) AppleWebKit/537.36 (KHTML, like Gecko) Chrome/146.0.0.0 Safari/537.36 Edg/146.0.0.0','SUCCESS','User logged out','2026-04-14 08:27:04',NULL),(932,12,'rstoling@debesmscat.edu.ph','123.253.136.234','Mozilla/5.0 (Windows NT 10.0; Win64; x64) AppleWebKit/537.36 (KHTML, like Gecko) Chrome/146.0.0.0 Safari/537.36 Edg/146.0.0.0','SUCCESS','Login successful','2026-04-14 08:27:16',NULL),(933,12,'rstoling@debesmscat.edu.ph','123.253.136.234','Mozilla/5.0 (Windows NT 10.0; Win64; x64) AppleWebKit/537.36 (KHTML, like Gecko) Chrome/146.0.0.0 Safari/537.36 Edg/146.0.0.0','SUCCESS','User logged out','2026-04-14 08:28:49',NULL),(934,28,'vibaskimberly8@gmail.com','123.253.136.234','Mozilla/5.0 (Windows NT 10.0; Win64; x64) AppleWebKit/537.36 (KHTML, like Gecko) Chrome/146.0.0.0 Safari/537.36 Edg/146.0.0.0','SUCCESS','Login successful','2026-04-14 08:29:02',NULL),(935,28,'vibaskimberly8@gmail.com','123.253.136.234','Mozilla/5.0 (Windows NT 10.0; Win64; x64) AppleWebKit/537.36 (KHTML, like Gecko) Chrome/146.0.0.0 Safari/537.36 Edg/146.0.0.0','SUCCESS','User logged out','2026-04-14 08:29:11',NULL),(936,7,'sharmaenaTM95@gmail.com','123.253.136.234','Mozilla/5.0 (Windows NT 10.0; Win64; x64) AppleWebKit/537.36 (KHTML, like Gecko) Chrome/146.0.0.0 Safari/537.36 Edg/146.0.0.0','SUCCESS','Login successful','2026-04-14 08:29:43',NULL),(937,7,'sharmaenaTM95@gmail.com','123.253.136.234','Mozilla/5.0 (Windows NT 10.0; Win64; x64) AppleWebKit/537.36 (KHTML, like Gecko) Chrome/146.0.0.0 Safari/537.36 Edg/146.0.0.0','SUCCESS','User logged out','2026-04-14 08:30:49',NULL),(938,5,'taaguilar@debesmscat.edu.ph','123.253.136.234','Mozilla/5.0 (Windows NT 10.0; Win64; x64) AppleWebKit/537.36 (KHTML, like Gecko) Chrome/146.0.0.0 Safari/537.36 Edg/146.0.0.0','SUCCESS','Login successful','2026-04-14 08:31:43',NULL),(939,5,'taaguilar@debesmscat.edu.ph','123.253.136.234','Mozilla/5.0 (Windows NT 10.0; Win64; x64) AppleWebKit/537.36 (KHTML, like Gecko) Chrome/146.0.0.0 Safari/537.36 Edg/146.0.0.0','SUCCESS','Changed status from \'For Verification\' to \'Verified\' for faculty ID 28 (task ID 22)','2026-04-14 08:32:40',NULL),(940,5,'taaguilar@debesmscat.edu.ph','123.253.136.234','Mozilla/5.0 (Windows NT 10.0; Win64; x64) AppleWebKit/537.36 (KHTML, like Gecko) Chrome/146.0.0.0 Safari/537.36 Edg/146.0.0.0','SUCCESS','Changed status from \'For Verification\' to \'Verified\' for faculty ID 28 (task ID 5)','2026-04-14 08:32:43',NULL),(941,5,'taaguilar@debesmscat.edu.ph','123.253.136.234','Mozilla/5.0 (Windows NT 10.0; Win64; x64) AppleWebKit/537.36 (KHTML, like Gecko) Chrome/146.0.0.0 Safari/537.36 Edg/146.0.0.0','SUCCESS','Changed status from \'For Verification\' to \'Verified\' for faculty ID 28 (task ID 4)','2026-04-14 08:32:46',NULL),(942,5,'taaguilar@debesmscat.edu.ph','123.253.136.234','Mozilla/5.0 (Windows NT 10.0; Win64; x64) AppleWebKit/537.36 (KHTML, like Gecko) Chrome/146.0.0.0 Safari/537.36 Edg/146.0.0.0','SUCCESS','Changed status from \'For Verification\' to \'Verified\' for faculty ID 28 (task ID 3)','2026-04-14 08:32:48',NULL),(943,5,'taaguilar@debesmscat.edu.ph','123.253.136.234','Mozilla/5.0 (Windows NT 10.0; Win64; x64) AppleWebKit/537.36 (KHTML, like Gecko) Chrome/146.0.0.0 Safari/537.36 Edg/146.0.0.0','SUCCESS','Changed status from \'For Verification\' to \'Verified\' for faculty ID 28 (task ID 2)','2026-04-14 08:32:52',NULL),(944,5,'taaguilar@debesmscat.edu.ph','123.253.136.234','Mozilla/5.0 (Windows NT 10.0; Win64; x64) AppleWebKit/537.36 (KHTML, like Gecko) Chrome/146.0.0.0 Safari/537.36 Edg/146.0.0.0','SUCCESS','User logged out','2026-04-14 08:33:06',NULL),(945,28,'vibaskimberly8@gmail.com','123.253.136.234','Mozilla/5.0 (Windows NT 10.0; Win64; x64) AppleWebKit/537.36 (KHTML, like Gecko) Chrome/146.0.0.0 Safari/537.36 Edg/146.0.0.0','SUCCESS','Login successful','2026-04-14 08:33:17',NULL),(946,1,'admin@gmail.com','119.92.254.6','Mozilla/5.0 (Windows NT 10.0; Win64; x64) AppleWebKit/537.36 (KHTML, like Gecko) Chrome/146.0.0.0 Safari/537.36 Edg/146.0.0.0','SUCCESS','Session expired due to inactivity','2026-04-14 08:59:14',NULL),(947,28,'vibaskimberly8@gmail.com','123.253.136.234','Mozilla/5.0 (Windows NT 10.0; Win64; x64) AppleWebKit/537.36 (KHTML, like Gecko) Chrome/146.0.0.0 Safari/537.36 Edg/146.0.0.0','SUCCESS','Session expired due to inactivity','2026-04-14 09:43:45',NULL),(948,1,'admin@gmail.com','123.253.136.234','Mozilla/5.0 (Windows NT 10.0; Win64; x64) AppleWebKit/537.36 (KHTML, like Gecko) Chrome/146.0.0.0 Safari/537.36 Edg/146.0.0.0','SUCCESS','Login successful','2026-04-14 22:56:42',NULL),(949,5,'taaguilar@debesmscat.edu.ph','119.92.254.6','Mozilla/5.0 (Windows NT 10.0; Win64; x64) AppleWebKit/537.36 (KHTML, like Gecko) Chrome/146.0.0.0 Safari/537.36 Edg/146.0.0.0','SUCCESS','Login successful','2026-04-14 22:57:20',NULL),(950,5,'taaguilar@debesmscat.edu.ph','119.92.254.6','Mozilla/5.0 (Windows NT 10.0; Win64; x64) AppleWebKit/537.36 (KHTML, like Gecko) Chrome/146.0.0.0 Safari/537.36 Edg/146.0.0.0','SUCCESS','User logged out','2026-04-14 22:57:51',NULL),(951,24,'raise.torm@gmail.com','119.92.254.6','Mozilla/5.0 (Windows NT 10.0; Win64; x64) AppleWebKit/537.36 (KHTML, like Gecko) Chrome/146.0.0.0 Safari/537.36 Edg/146.0.0.0','SUCCESS','Login successful','2026-04-14 22:58:46',NULL),(952,24,'raise.torm@gmail.com','119.92.254.6','Mozilla/5.0 (Windows NT 10.0; Win64; x64) AppleWebKit/537.36 (KHTML, like Gecko) Chrome/146.0.0.0 Safari/537.36 Edg/146.0.0.0','SUCCESS','User logged out','2026-04-14 23:00:50',NULL),(953,4,'rbello@gmail.com','119.92.254.6','Mozilla/5.0 (Windows NT 10.0; Win64; x64) AppleWebKit/537.36 (KHTML, like Gecko) Chrome/146.0.0.0 Safari/537.36 Edg/146.0.0.0','SUCCESS','Login successful','2026-04-14 23:00:57',NULL),(954,4,'rbello@gmail.com','119.92.254.6','Mozilla/5.0 (Windows NT 10.0; Win64; x64) AppleWebKit/537.36 (KHTML, like Gecko) Chrome/146.0.0.0 Safari/537.36 Edg/146.0.0.0','SUCCESS','Changed status from \'For Verification\' to \'Verified\' for faculty ID 24 (task ID 6)','2026-04-14 23:01:28',NULL),(955,4,'rbello@gmail.com','119.92.254.6','Mozilla/5.0 (Windows NT 10.0; Win64; x64) AppleWebKit/537.36 (KHTML, like Gecko) Chrome/146.0.0.0 Safari/537.36 Edg/146.0.0.0','SUCCESS','Changed status from \'For Verification\' to \'Verified\' for faculty ID 24 (task ID 24)','2026-04-14 23:01:30',NULL),(956,4,'rbello@gmail.com','119.92.254.6','Mozilla/5.0 (Windows NT 10.0; Win64; x64) AppleWebKit/537.36 (KHTML, like Gecko) Chrome/146.0.0.0 Safari/537.36 Edg/146.0.0.0','SUCCESS','Changed status from \'For Verification\' to \'Verified\' for faculty ID 24 (task ID 22)','2026-04-14 23:01:32',NULL),(957,4,'rbello@gmail.com','119.92.254.6','Mozilla/5.0 (Windows NT 10.0; Win64; x64) AppleWebKit/537.36 (KHTML, like Gecko) Chrome/146.0.0.0 Safari/537.36 Edg/146.0.0.0','SUCCESS','Changed status from \'For Verification\' to \'Verified\' for faculty ID 24 (task ID 4)','2026-04-14 23:01:35',NULL),(958,4,'rbello@gmail.com','119.92.254.6','Mozilla/5.0 (Windows NT 10.0; Win64; x64) AppleWebKit/537.36 (KHTML, like Gecko) Chrome/146.0.0.0 Safari/537.36 Edg/146.0.0.0','SUCCESS','Changed status from \'For Verification\' to \'Verified\' for faculty ID 24 (task ID 2)','2026-04-14 23:01:39',NULL),(959,4,'rbello@gmail.com','123.253.136.234','Mozilla/5.0 (Windows NT 10.0; Win64; x64) AppleWebKit/537.36 (KHTML, like Gecko) Chrome/146.0.0.0 Safari/537.36 Edg/146.0.0.0','SUCCESS','User logged out','2026-04-14 23:04:18',NULL),(960,1,'admin@gmail.com','123.253.136.33','Mozilla/5.0 (Windows NT 10.0; Win64; x64) AppleWebKit/537.36 (KHTML, like Gecko) Chrome/146.0.0.0 Safari/537.36 Edg/146.0.0.0','SUCCESS','Changed status from \'For Verification\' to \'Verified\' for faculty ID 18 (task ID 3)','2026-04-14 23:05:52',NULL),(961,1,'admin@gmail.com','123.253.136.33','Mozilla/5.0 (Windows NT 10.0; Win64; x64) AppleWebKit/537.36 (KHTML, like Gecko) Chrome/146.0.0.0 Safari/537.36 Edg/146.0.0.0','SUCCESS','Changed status from \'For Verification\' to \'Verified\' for faculty ID 18 (task ID 18)','2026-04-14 23:05:55',NULL),(962,1,'admin@gmail.com','123.253.136.33','Mozilla/5.0 (Windows NT 10.0; Win64; x64) AppleWebKit/537.36 (KHTML, like Gecko) Chrome/146.0.0.0 Safari/537.36 Edg/146.0.0.0','SUCCESS','Changed status from \'For Verification\' to \'Verified\' for faculty ID 18 (task ID 5)','2026-04-14 23:05:57',NULL),(963,1,'admin@gmail.com','123.253.136.33','Mozilla/5.0 (Windows NT 10.0; Win64; x64) AppleWebKit/537.36 (KHTML, like Gecko) Chrome/146.0.0.0 Safari/537.36 Edg/146.0.0.0','SUCCESS','Changed status from \'For Verification\' to \'Verified\' for faculty ID 18 (task ID 17)','2026-04-14 23:06:00',NULL),(964,1,'admin@gmail.com','123.253.136.33','Mozilla/5.0 (Windows NT 10.0; Win64; x64) AppleWebKit/537.36 (KHTML, like Gecko) Chrome/146.0.0.0 Safari/537.36 Edg/146.0.0.0','SUCCESS','Changed status from \'For Verification\' to \'Verified\' for faculty ID 18 (task ID 15)','2026-04-14 23:06:03',NULL),(965,1,'admin@gmail.com','123.253.136.33','Mozilla/5.0 (Windows NT 10.0; Win64; x64) AppleWebKit/537.36 (KHTML, like Gecko) Chrome/146.0.0.0 Safari/537.36 Edg/146.0.0.0','SUCCESS','Changed status from \'For Verification\' to \'Verified\' for faculty ID 2 (task ID 24)','2026-04-14 23:06:56',NULL),(966,1,'admin@gmail.com','123.253.136.33','Mozilla/5.0 (Windows NT 10.0; Win64; x64) AppleWebKit/537.36 (KHTML, like Gecko) Chrome/146.0.0.0 Safari/537.36 Edg/146.0.0.0','SUCCESS','Changed status from \'For Verification\' to \'Verified\' for faculty ID 2 (task ID 4)','2026-04-14 23:06:58',NULL),(967,1,'admin@gmail.com','123.253.136.33','Mozilla/5.0 (Windows NT 10.0; Win64; x64) AppleWebKit/537.36 (KHTML, like Gecko) Chrome/146.0.0.0 Safari/537.36 Edg/146.0.0.0','SUCCESS','Changed status from \'For Verification\' to \'Verified\' for faculty ID 2 (task ID 15)','2026-04-14 23:07:01',NULL),(968,1,'rmramiso@debesmscat.edu.ph','119.92.254.6','Mozilla/5.0 (Windows NT 10.0; Win64; x64) AppleWebKit/537.36 (KHTML, like Gecko) Chrome/146.0.0.0 Safari/537.36 Edg/146.0.0.0','SUCCESS','Login successful','2026-04-14 23:08:53',NULL),(969,1,'rmramiso@debesmscat.edu.ph','123.253.136.234','Mozilla/5.0 (Windows NT 10.0; Win64; x64) AppleWebKit/537.36 (KHTML, like Gecko) Chrome/146.0.0.0 Safari/537.36 Edg/146.0.0.0','SUCCESS','User logged out','2026-04-14 23:11:45',NULL),(970,13,'awvelarde@gmail.com','119.92.254.6','Mozilla/5.0 (Windows NT 10.0; Win64; x64) AppleWebKit/537.36 (KHTML, like Gecko) Chrome/146.0.0.0 Safari/537.36 Edg/146.0.0.0','FAILED','Account not activated','2026-04-14 23:13:21',NULL),(971,21,'alfredpunay@gmail.com','123.253.136.234','Mozilla/5.0 (Windows NT 10.0; Win64; x64) AppleWebKit/537.36 (KHTML, like Gecko) Chrome/146.0.0.0 Safari/537.36 Edg/146.0.0.0','SUCCESS','Login successful','2026-04-14 23:16:48',NULL),(972,21,'alfredpunay@gmail.com','123.253.136.234','Mozilla/5.0 (Windows NT 10.0; Win64; x64) AppleWebKit/537.36 (KHTML, like Gecko) Chrome/146.0.0.0 Safari/537.36 Edg/146.0.0.0','SUCCESS','User logged out','2026-04-14 23:18:46',NULL),(973,4,'rbello@gmail.com','123.253.136.234','Mozilla/5.0 (Windows NT 10.0; Win64; x64) AppleWebKit/537.36 (KHTML, like Gecko) Chrome/146.0.0.0 Safari/537.36 Edg/146.0.0.0','SUCCESS','Login successful','2026-04-14 23:19:00',NULL),(974,4,'rbello@gmail.com','123.253.136.234','Mozilla/5.0 (Windows NT 10.0; Win64; x64) AppleWebKit/537.36 (KHTML, like Gecko) Chrome/146.0.0.0 Safari/537.36 Edg/146.0.0.0','SUCCESS','User logged out','2026-04-14 23:19:06',NULL),(975,18,'florencejoy.capinig@debesmscat.edu.ph','123.253.136.234','Mozilla/5.0 (Windows NT 10.0; Win64; x64) AppleWebKit/537.36 (KHTML, like Gecko) Chrome/146.0.0.0 Safari/537.36 Edg/146.0.0.0','FAILED','Wrong password','2026-04-14 23:19:39',NULL),(976,18,'florencejoy.capinig@debesmscat.edu.ph','123.253.136.234','Mozilla/5.0 (Windows NT 10.0; Win64; x64) AppleWebKit/537.36 (KHTML, like Gecko) Chrome/146.0.0.0 Safari/537.36 Edg/146.0.0.0','SUCCESS','Login successful','2026-04-14 23:19:44',NULL),(977,18,'florencejoy.capinig@debesmscat.edu.ph','123.253.136.234','Mozilla/5.0 (Windows NT 10.0; Win64; x64) AppleWebKit/537.36 (KHTML, like Gecko) Chrome/146.0.0.0 Safari/537.36 Edg/146.0.0.0','SUCCESS','User logged out','2026-04-14 23:21:09',NULL),(978,24,'raise.torm@gmail.com','123.253.136.234','Mozilla/5.0 (Windows NT 10.0; Win64; x64) AppleWebKit/537.36 (KHTML, like Gecko) Chrome/146.0.0.0 Safari/537.36 Edg/146.0.0.0','SUCCESS','Login successful','2026-04-14 23:21:20',NULL),(979,24,'raise.torm@gmail.com','123.253.136.34','Mozilla/5.0 (Windows NT 10.0; Win64; x64) AppleWebKit/537.36 (KHTML, like Gecko) Chrome/146.0.0.0 Safari/537.36 Edg/146.0.0.0','SUCCESS','User logged out','2026-04-14 23:22:45',NULL),(980,27,'rosaleth.macadat@debesmscat.edu.ph','123.253.136.34','Mozilla/5.0 (Windows NT 10.0; Win64; x64) AppleWebKit/537.36 (KHTML, like Gecko) Chrome/146.0.0.0 Safari/537.36 Edg/146.0.0.0','SUCCESS','Login successful','2026-04-14 23:22:52',NULL),(981,27,'rosaleth.macadat@debesmscat.edu.ph','123.253.136.34','Mozilla/5.0 (Windows NT 10.0; Win64; x64) AppleWebKit/537.36 (KHTML, like Gecko) Chrome/146.0.0.0 Safari/537.36 Edg/146.0.0.0','SUCCESS','User logged out','2026-04-14 23:25:11',NULL),(982,5,'taaguilar@debesmscat.edu.ph','123.253.136.34','Mozilla/5.0 (Windows NT 10.0; Win64; x64) AppleWebKit/537.36 (KHTML, like Gecko) Chrome/146.0.0.0 Safari/537.36 Edg/146.0.0.0','SUCCESS','Login successful','2026-04-14 23:25:25',NULL),(983,5,'taaguilar@debesmscat.edu.ph','123.253.136.34','Mozilla/5.0 (Windows NT 10.0; Win64; x64) AppleWebKit/537.36 (KHTML, like Gecko) Chrome/146.0.0.0 Safari/537.36 Edg/146.0.0.0','SUCCESS','Changed status from \'For Verification\' to \'Verified\' for faculty ID 27 (task ID 2)','2026-04-14 23:25:49',NULL),(984,5,'taaguilar@debesmscat.edu.ph','123.253.136.34','Mozilla/5.0 (Windows NT 10.0; Win64; x64) AppleWebKit/537.36 (KHTML, like Gecko) Chrome/146.0.0.0 Safari/537.36 Edg/146.0.0.0','SUCCESS','Changed status from \'For Verification\' to \'Verified\' for faculty ID 27 (task ID 24)','2026-04-14 23:25:51',NULL),(985,5,'taaguilar@debesmscat.edu.ph','123.253.136.34','Mozilla/5.0 (Windows NT 10.0; Win64; x64) AppleWebKit/537.36 (KHTML, like Gecko) Chrome/146.0.0.0 Safari/537.36 Edg/146.0.0.0','SUCCESS','Changed status from \'For Verification\' to \'Verified\' for faculty ID 27 (task ID 5)','2026-04-14 23:25:54',NULL),(986,5,'taaguilar@debesmscat.edu.ph','123.253.136.34','Mozilla/5.0 (Windows NT 10.0; Win64; x64) AppleWebKit/537.36 (KHTML, like Gecko) Chrome/146.0.0.0 Safari/537.36 Edg/146.0.0.0','SUCCESS','Changed status from \'For Verification\' to \'Verified\' for faculty ID 27 (task ID 4)','2026-04-14 23:25:56',NULL),(987,5,'taaguilar@debesmscat.edu.ph','123.253.136.34','Mozilla/5.0 (Windows NT 10.0; Win64; x64) AppleWebKit/537.36 (KHTML, like Gecko) Chrome/146.0.0.0 Safari/537.36 Edg/146.0.0.0','SUCCESS','User logged out','2026-04-14 23:26:45',NULL),(988,29,'jelyn.sabaulan@debesmscat.edu.ph','123.253.136.34','Mozilla/5.0 (Windows NT 10.0; Win64; x64) AppleWebKit/537.36 (KHTML, like Gecko) Chrome/146.0.0.0 Safari/537.36 Edg/146.0.0.0','SUCCESS','Login successful','2026-04-14 23:27:44',NULL),(989,29,'jelyn.sabaulan@debesmscat.edu.ph','123.253.136.33','Mozilla/5.0 (Windows NT 10.0; Win64; x64) AppleWebKit/537.36 (KHTML, like Gecko) Chrome/146.0.0.0 Safari/537.36 Edg/146.0.0.0','SUCCESS','User logged out','2026-04-14 23:30:52',NULL),(990,5,'taaguilar@debesmscat.edu.ph','123.253.136.33','Mozilla/5.0 (Windows NT 10.0; Win64; x64) AppleWebKit/537.36 (KHTML, like Gecko) Chrome/146.0.0.0 Safari/537.36 Edg/146.0.0.0','SUCCESS','Login successful','2026-04-14 23:31:06',NULL),(991,5,'taaguilar@debesmscat.edu.ph','123.253.136.33','Mozilla/5.0 (Windows NT 10.0; Win64; x64) AppleWebKit/537.36 (KHTML, like Gecko) Chrome/146.0.0.0 Safari/537.36 Edg/146.0.0.0','SUCCESS','User logged out','2026-04-14 23:31:16',NULL),(992,7,'sharmaenaTM95@gmail.com','123.253.136.33','Mozilla/5.0 (Windows NT 10.0; Win64; x64) AppleWebKit/537.36 (KHTML, like Gecko) Chrome/146.0.0.0 Safari/537.36 Edg/146.0.0.0','SUCCESS','Login successful','2026-04-14 23:31:38',NULL),(993,7,'sharmaenaTM95@gmail.com','123.253.136.33','Mozilla/5.0 (Windows NT 10.0; Win64; x64) AppleWebKit/537.36 (KHTML, like Gecko) Chrome/146.0.0.0 Safari/537.36 Edg/146.0.0.0','SUCCESS','Changed status from \'For Verification\' to \'Verified\' for faculty ID 29 (task ID 4)','2026-04-14 23:31:57',NULL),(994,7,'sharmaenaTM95@gmail.com','123.253.136.33','Mozilla/5.0 (Windows NT 10.0; Win64; x64) AppleWebKit/537.36 (KHTML, like Gecko) Chrome/146.0.0.0 Safari/537.36 Edg/146.0.0.0','SUCCESS','Changed status from \'For Verification\' to \'Verified\' for faculty ID 29 (task ID 5)','2026-04-14 23:32:00',NULL),(995,7,'sharmaenaTM95@gmail.com','123.253.136.33','Mozilla/5.0 (Windows NT 10.0; Win64; x64) AppleWebKit/537.36 (KHTML, like Gecko) Chrome/146.0.0.0 Safari/537.36 Edg/146.0.0.0','SUCCESS','Changed status from \'For Verification\' to \'Verified\' for faculty ID 29 (task ID 6)','2026-04-14 23:32:03',NULL),(996,7,'sharmaenaTM95@gmail.com','123.253.136.33','Mozilla/5.0 (Windows NT 10.0; Win64; x64) AppleWebKit/537.36 (KHTML, like Gecko) Chrome/146.0.0.0 Safari/537.36 Edg/146.0.0.0','SUCCESS','Changed status from \'For Verification\' to \'Verified\' for faculty ID 29 (task ID 23)','2026-04-14 23:32:05',NULL),(997,7,'sharmaenaTM95@gmail.com','123.253.136.33','Mozilla/5.0 (Windows NT 10.0; Win64; x64) AppleWebKit/537.36 (KHTML, like Gecko) Chrome/146.0.0.0 Safari/537.36 Edg/146.0.0.0','SUCCESS','User logged out','2026-04-14 23:32:24',NULL),(998,29,'jelyn.sabaulan@debesmscat.edu.ph','123.253.136.33','Mozilla/5.0 (Windows NT 10.0; Win64; x64) AppleWebKit/537.36 (KHTML, like Gecko) Chrome/146.0.0.0 Safari/537.36 Edg/146.0.0.0','SUCCESS','Login successful','2026-04-14 23:32:38',NULL),(999,29,'jelyn.sabaulan@debesmscat.edu.ph','123.253.136.234','Mozilla/5.0 (Windows NT 10.0; Win64; x64) AppleWebKit/537.36 (KHTML, like Gecko) Chrome/146.0.0.0 Safari/537.36 Edg/146.0.0.0','SUCCESS','User logged out','2026-04-14 23:34:06',NULL),(1000,8,'daisyjean.castillo11@gmail.com','123.253.136.234','Mozilla/5.0 (Windows NT 10.0; Win64; x64) AppleWebKit/537.36 (KHTML, like Gecko) Chrome/146.0.0.0 Safari/537.36 Edg/146.0.0.0','SUCCESS','Login successful','2026-04-14 23:34:17',NULL),(1001,8,'daisyjean.castillo11@gmail.com','123.253.136.234','Mozilla/5.0 (Windows NT 10.0; Win64; x64) AppleWebKit/537.36 (KHTML, like Gecko) Chrome/146.0.0.0 Safari/537.36 Edg/146.0.0.0','SUCCESS','Changed status from \'For Verification\' to \'Verified\' for faculty ID 21 (task ID 6)','2026-04-14 23:34:42',NULL),(1002,8,'daisyjean.castillo11@gmail.com','123.253.136.234','Mozilla/5.0 (Windows NT 10.0; Win64; x64) AppleWebKit/537.36 (KHTML, like Gecko) Chrome/146.0.0.0 Safari/537.36 Edg/146.0.0.0','SUCCESS','Changed status from \'For Verification\' to \'Verified\' for faculty ID 21 (task ID 24)','2026-04-14 23:34:45',NULL),(1003,8,'daisyjean.castillo11@gmail.com','123.253.136.234','Mozilla/5.0 (Windows NT 10.0; Win64; x64) AppleWebKit/537.36 (KHTML, like Gecko) Chrome/146.0.0.0 Safari/537.36 Edg/146.0.0.0','SUCCESS','Changed status from \'For Verification\' to \'Verified\' for faculty ID 21 (task ID 22)','2026-04-14 23:34:47',NULL),(1004,8,'daisyjean.castillo11@gmail.com','123.253.136.234','Mozilla/5.0 (Windows NT 10.0; Win64; x64) AppleWebKit/537.36 (KHTML, like Gecko) Chrome/146.0.0.0 Safari/537.36 Edg/146.0.0.0','SUCCESS','Changed status from \'For Verification\' to \'Verified\' for faculty ID 21 (task ID 2)','2026-04-14 23:34:49',NULL),(1005,8,'daisyjean.castillo11@gmail.com','123.253.136.234','Mozilla/5.0 (Windows NT 10.0; Win64; x64) AppleWebKit/537.36 (KHTML, like Gecko) Chrome/146.0.0.0 Safari/537.36 Edg/146.0.0.0','SUCCESS','User logged out','2026-04-14 23:34:56',NULL),(1006,21,'alfredpunay@gmail.com','123.253.136.234','Mozilla/5.0 (Windows NT 10.0; Win64; x64) AppleWebKit/537.36 (KHTML, like Gecko) Chrome/146.0.0.0 Safari/537.36 Edg/146.0.0.0','SUCCESS','Login successful','2026-04-14 23:35:13',NULL),(1007,21,'alfredpunay@gmail.com','123.253.136.34','Mozilla/5.0 (Windows NT 10.0; Win64; x64) AppleWebKit/537.36 (KHTML, like Gecko) Chrome/146.0.0.0 Safari/537.36 Edg/146.0.0.0','SUCCESS','User logged out','2026-04-14 23:37:41',NULL),(1008,30,'laurioleo95@gmail.com','123.253.136.34','Mozilla/5.0 (Windows NT 10.0; Win64; x64) AppleWebKit/537.36 (KHTML, like Gecko) Chrome/146.0.0.0 Safari/537.36 Edg/146.0.0.0','SUCCESS','Login successful','2026-04-14 23:38:33',NULL),(1009,30,'laurioleo95@gmail.com','123.253.136.34','Mozilla/5.0 (Windows NT 10.0; Win64; x64) AppleWebKit/537.36 (KHTML, like Gecko) Chrome/146.0.0.0 Safari/537.36 Edg/146.0.0.0','SUCCESS','Deleted file successfuly','2026-04-14 23:40:50',NULL),(1010,30,'laurioleo95@gmail.com','123.253.136.234','Mozilla/5.0 (Windows NT 10.0; Win64; x64) AppleWebKit/537.36 (KHTML, like Gecko) Chrome/146.0.0.0 Safari/537.36 Edg/146.0.0.0','SUCCESS','User logged out','2026-04-14 23:44:04',NULL),(1011,7,'sharmaenaTM95@gmail.com','123.253.136.234','Mozilla/5.0 (Windows NT 10.0; Win64; x64) AppleWebKit/537.36 (KHTML, like Gecko) Chrome/146.0.0.0 Safari/537.36 Edg/146.0.0.0','SUCCESS','Login successful','2026-04-14 23:44:22',NULL),(1012,7,'sharmaenaTM95@gmail.com','123.253.136.234','Mozilla/5.0 (Windows NT 10.0; Win64; x64) AppleWebKit/537.36 (KHTML, like Gecko) Chrome/146.0.0.0 Safari/537.36 Edg/146.0.0.0','SUCCESS','Changed status from \'For Verification\' to \'Verified\' for faculty ID 30 (task ID 23)','2026-04-14 23:45:05',NULL),(1013,7,'sharmaenaTM95@gmail.com','123.253.136.234','Mozilla/5.0 (Windows NT 10.0; Win64; x64) AppleWebKit/537.36 (KHTML, like Gecko) Chrome/146.0.0.0 Safari/537.36 Edg/146.0.0.0','SUCCESS','Changed status from \'For Verification\' to \'Verified\' for faculty ID 30 (task ID 3)','2026-04-14 23:45:07',NULL),(1014,7,'sharmaenaTM95@gmail.com','123.253.136.234','Mozilla/5.0 (Windows NT 10.0; Win64; x64) AppleWebKit/537.36 (KHTML, like Gecko) Chrome/146.0.0.0 Safari/537.36 Edg/146.0.0.0','SUCCESS','Changed status from \'For Verification\' to \'Verified\' for faculty ID 30 (task ID 24)','2026-04-14 23:45:09',NULL),(1015,7,'sharmaenaTM95@gmail.com','123.253.136.234','Mozilla/5.0 (Windows NT 10.0; Win64; x64) AppleWebKit/537.36 (KHTML, like Gecko) Chrome/146.0.0.0 Safari/537.36 Edg/146.0.0.0','SUCCESS','Changed status from \'For Verification\' to \'Verified\' for faculty ID 30 (task ID 22)','2026-04-14 23:45:12',NULL),(1016,7,'sharmaenaTM95@gmail.com','123.253.136.234','Mozilla/5.0 (Windows NT 10.0; Win64; x64) AppleWebKit/537.36 (KHTML, like Gecko) Chrome/146.0.0.0 Safari/537.36 Edg/146.0.0.0','SUCCESS','Changed status from \'For Verification\' to \'Verified\' for faculty ID 30 (task ID 7)','2026-04-14 23:45:14',NULL),(1017,7,'sharmaenaTM95@gmail.com','123.253.136.234','Mozilla/5.0 (Windows NT 10.0; Win64; x64) AppleWebKit/537.36 (KHTML, like Gecko) Chrome/146.0.0.0 Safari/537.36 Edg/146.0.0.0','SUCCESS','Changed status from \'For Verification\' to \'Verified\' for faculty ID 30 (task ID 4)','2026-04-14 23:45:17',NULL),(1018,7,'sharmaenaTM95@gmail.com','123.253.136.234','Mozilla/5.0 (Windows NT 10.0; Win64; x64) AppleWebKit/537.36 (KHTML, like Gecko) Chrome/146.0.0.0 Safari/537.36 Edg/146.0.0.0','SUCCESS','Changed status from \'For Verification\' to \'Verified\' for faculty ID 30 (task ID 6)','2026-04-14 23:45:19',NULL),(1019,7,'sharmaenaTM95@gmail.com','123.253.136.234','Mozilla/5.0 (Windows NT 10.0; Win64; x64) AppleWebKit/537.36 (KHTML, like Gecko) Chrome/146.0.0.0 Safari/537.36 Edg/146.0.0.0','SUCCESS','Changed status from \'For Verification\' to \'Verified\' for faculty ID 30 (task ID 2)','2026-04-14 23:45:22',NULL),(1020,7,'sharmaenaTM95@gmail.com','123.253.136.234','Mozilla/5.0 (Windows NT 10.0; Win64; x64) AppleWebKit/537.36 (KHTML, like Gecko) Chrome/146.0.0.0 Safari/537.36 Edg/146.0.0.0','SUCCESS','Changed status from \'For Verification\' to \'Verified\' for faculty ID 30 (task ID 1)','2026-04-14 23:45:24',NULL),(1021,7,'sharmaenaTM95@gmail.com','123.253.136.234','Mozilla/5.0 (Windows NT 10.0; Win64; x64) AppleWebKit/537.36 (KHTML, like Gecko) Chrome/146.0.0.0 Safari/537.36 Edg/146.0.0.0','SUCCESS','Changed status from \'For Verification\' to \'Verified\' for faculty ID 30 (task ID 5)','2026-04-14 23:45:26',NULL),(1022,7,'sharmaenaTM95@gmail.com','123.253.136.234','Mozilla/5.0 (Windows NT 10.0; Win64; x64) AppleWebKit/537.36 (KHTML, like Gecko) Chrome/146.0.0.0 Safari/537.36 Edg/146.0.0.0','SUCCESS','User logged out','2026-04-14 23:45:44',NULL),(1023,30,'laurioleo95@gmail.com','123.253.136.234','Mozilla/5.0 (Windows NT 10.0; Win64; x64) AppleWebKit/537.36 (KHTML, like Gecko) Chrome/146.0.0.0 Safari/537.36 Edg/146.0.0.0','SUCCESS','Login successful','2026-04-14 23:45:57',NULL),(1024,30,'laurioleo95@gmail.com','123.253.136.234','Mozilla/5.0 (Windows NT 10.0; Win64; x64) AppleWebKit/537.36 (KHTML, like Gecko) Chrome/146.0.0.0 Safari/537.36 Edg/146.0.0.0','SUCCESS','User logged out','2026-04-14 23:46:09',NULL),(1025,23,'mhermoso@debesmscat.edu.ph','123.253.136.234','Mozilla/5.0 (Windows NT 10.0; Win64; x64) AppleWebKit/537.36 (KHTML, like Gecko) Chrome/146.0.0.0 Safari/537.36 Edg/146.0.0.0','SUCCESS','Login successful','2026-04-14 23:46:13',NULL),(1026,23,'mhermoso@debesmscat.edu.ph','123.253.136.234','Mozilla/5.0 (Windows NT 10.0; Win64; x64) AppleWebKit/537.36 (KHTML, like Gecko) Chrome/146.0.0.0 Safari/537.36 Edg/146.0.0.0','SUCCESS','User logged out','2026-04-14 23:46:23',NULL),(1027,15,'rbello@gmail.com','123.253.136.234','Mozilla/5.0 (Windows NT 10.0; Win64; x64) AppleWebKit/537.36 (KHTML, like Gecko) Chrome/146.0.0.0 Safari/537.36 Edg/146.0.0.0','SUCCESS','Login successful','2026-04-14 23:46:28',NULL),(1028,15,'rbello@gmail.com','123.253.136.234','Mozilla/5.0 (Windows NT 10.0; Win64; x64) AppleWebKit/537.36 (KHTML, like Gecko) Chrome/146.0.0.0 Safari/537.36 Edg/146.0.0.0','SUCCESS','User logged out','2026-04-14 23:49:38',NULL),(1029,1,'rmramiso@debesmscat.edu.ph','123.253.136.234','Mozilla/5.0 (Windows NT 10.0; Win64; x64) AppleWebKit/537.36 (KHTML, like Gecko) Chrome/146.0.0.0 Safari/537.36 Edg/146.0.0.0','SUCCESS','Login successful','2026-04-14 23:49:45',NULL),(1030,1,'rmramiso@debesmscat.edu.ph','123.253.136.234','Mozilla/5.0 (Windows NT 10.0; Win64; x64) AppleWebKit/537.36 (KHTML, like Gecko) Chrome/146.0.0.0 Safari/537.36 Edg/146.0.0.0','SUCCESS','Changed status from \'For Verification\' to \'Verified\' for faculty ID 15 (task ID 24)','2026-04-14 23:50:51',NULL),(1031,1,'rmramiso@debesmscat.edu.ph','123.253.136.234','Mozilla/5.0 (Windows NT 10.0; Win64; x64) AppleWebKit/537.36 (KHTML, like Gecko) Chrome/146.0.0.0 Safari/537.36 Edg/146.0.0.0','SUCCESS','Changed status from \'For Verification\' to \'Verified\' for faculty ID 15 (task ID 28)','2026-04-14 23:50:57',NULL),(1032,1,'rmramiso@debesmscat.edu.ph','123.253.136.234','Mozilla/5.0 (Windows NT 10.0; Win64; x64) AppleWebKit/537.36 (KHTML, like Gecko) Chrome/146.0.0.0 Safari/537.36 Edg/146.0.0.0','SUCCESS','Changed status from \'For Verification\' to \'Verified\' for faculty ID 15 (task ID 26)','2026-04-14 23:51:02',NULL),(1033,1,'rmramiso@debesmscat.edu.ph','123.253.136.234','Mozilla/5.0 (Windows NT 10.0; Win64; x64) AppleWebKit/537.36 (KHTML, like Gecko) Chrome/146.0.0.0 Safari/537.36 Edg/146.0.0.0','SUCCESS','Changed status from \'For Verification\' to \'Verified\' for faculty ID 15 (task ID 14)','2026-04-14 23:51:10',NULL),(1034,1,'rmramiso@debesmscat.edu.ph','123.253.136.234','Mozilla/5.0 (Windows NT 10.0; Win64; x64) AppleWebKit/537.36 (KHTML, like Gecko) Chrome/146.0.0.0 Safari/537.36 Edg/146.0.0.0','SUCCESS','Changed status from \'For Verification\' to \'Verified\' for faculty ID 15 (task ID 12)','2026-04-14 23:51:26',NULL),(1035,1,'rmramiso@debesmscat.edu.ph','123.253.136.234','Mozilla/5.0 (Windows NT 10.0; Win64; x64) AppleWebKit/537.36 (KHTML, like Gecko) Chrome/146.0.0.0 Safari/537.36 Edg/146.0.0.0','SUCCESS','Changed status from \'For Verification\' to \'Verified\' for faculty ID 15 (task ID 7)','2026-04-14 23:51:34',NULL),(1036,1,'rmramiso@debesmscat.edu.ph','123.253.136.234','Mozilla/5.0 (Windows NT 10.0; Win64; x64) AppleWebKit/537.36 (KHTML, like Gecko) Chrome/146.0.0.0 Safari/537.36 Edg/146.0.0.0','SUCCESS','Changed status from \'For Verification\' to \'Verified\' for faculty ID 15 (task ID 11)','2026-04-14 23:51:47',NULL),(1037,1,'rmramiso@debesmscat.edu.ph','123.253.136.234','Mozilla/5.0 (Windows NT 10.0; Win64; x64) AppleWebKit/537.36 (KHTML, like Gecko) Chrome/146.0.0.0 Safari/537.36 Edg/146.0.0.0','SUCCESS','Changed status from \'For Verification\' to \'Verified\' for faculty ID 15 (task ID 5)','2026-04-14 23:51:56',NULL),(1038,1,'rmramiso@debesmscat.edu.ph','123.253.136.234','Mozilla/5.0 (Windows NT 10.0; Win64; x64) AppleWebKit/537.36 (KHTML, like Gecko) Chrome/146.0.0.0 Safari/537.36 Edg/146.0.0.0','SUCCESS','Changed status from \'For Verification\' to \'Verified\' for faculty ID 15 (task ID 4)','2026-04-14 23:52:04',NULL),(1039,1,'admin@gmail.com','119.92.254.6','Mozilla/5.0 (Windows NT 10.0; Win64; x64) AppleWebKit/537.36 (KHTML, like Gecko) Chrome/146.0.0.0 Safari/537.36 Edg/146.0.0.0','SUCCESS','Session expired due to inactivity','2026-04-14 23:55:12',NULL),(1040,1,'admin@gmail.com','119.92.254.6','Mozilla/5.0 (Windows NT 10.0; Win64; x64) AppleWebKit/537.36 (KHTML, like Gecko) Chrome/146.0.0.0 Safari/537.36 Edg/146.0.0.0','SUCCESS','Login successful','2026-04-14 23:55:24',NULL),(1041,1,'rmramiso@debesmscat.edu.ph','119.92.254.6','Mozilla/5.0 (Windows NT 10.0; Win64; x64) AppleWebKit/537.36 (KHTML, like Gecko) Chrome/146.0.0.0 Safari/537.36 Edg/146.0.0.0','SUCCESS','User logged out','2026-04-14 23:56:40',NULL),(1042,32,'rachellenicolelotivio6@gmail.com','119.92.254.6','Mozilla/5.0 (Windows NT 10.0; Win64; x64) AppleWebKit/537.36 (KHTML, like Gecko) Chrome/146.0.0.0 Safari/537.36 Edg/146.0.0.0','SUCCESS','Login successful','2026-04-14 23:57:16',NULL),(1043,32,'rachellenicolelotivio6@gmail.com','119.92.254.6','Mozilla/5.0 (Windows NT 10.0; Win64; x64) AppleWebKit/537.36 (KHTML, like Gecko) Chrome/146.0.0.0 Safari/537.36 Edg/146.0.0.0','SUCCESS','User logged out','2026-04-15 00:00:00',NULL),(1044,2,'daisyjean.castillo11@gmail.com','119.92.254.6','Mozilla/5.0 (Windows NT 10.0; Win64; x64) AppleWebKit/537.36 (KHTML, like Gecko) Chrome/146.0.0.0 Safari/537.36 Edg/146.0.0.0','SUCCESS','Login successful','2026-04-15 00:00:26',NULL),(1045,2,'daisyjean.castillo11@gmail.com','119.92.254.6','Mozilla/5.0 (Windows NT 10.0; Win64; x64) AppleWebKit/537.36 (KHTML, like Gecko) Chrome/146.0.0.0 Safari/537.36 Edg/146.0.0.0','SUCCESS','User logged out','2026-04-15 00:02:32',NULL),(1046,8,'daisyjean.castillo11@gmail.com','119.92.254.6','Mozilla/5.0 (Windows NT 10.0; Win64; x64) AppleWebKit/537.36 (KHTML, like Gecko) Chrome/146.0.0.0 Safari/537.36 Edg/146.0.0.0','SUCCESS','Login successful','2026-04-15 00:02:37',NULL),(1047,8,'daisyjean.castillo11@gmail.com','119.92.254.6','Mozilla/5.0 (Windows NT 10.0; Win64; x64) AppleWebKit/537.36 (KHTML, like Gecko) Chrome/146.0.0.0 Safari/537.36 Edg/146.0.0.0','SUCCESS','User logged out','2026-04-15 00:03:05',NULL),(1048,1,'admin@gmail.com','123.253.136.34','Mozilla/5.0 (Windows NT 10.0; Win64; x64) AppleWebKit/537.36 (KHTML, like Gecko) Chrome/146.0.0.0 Safari/537.36 Edg/146.0.0.0','SUCCESS','Changed status from \'For Verification\' to \'Verified\' for faculty ID 32 (task ID 23)','2026-04-15 00:03:44',NULL),(1049,1,'admin@gmail.com','123.253.136.34','Mozilla/5.0 (Windows NT 10.0; Win64; x64) AppleWebKit/537.36 (KHTML, like Gecko) Chrome/146.0.0.0 Safari/537.36 Edg/146.0.0.0','SUCCESS','Changed status from \'For Verification\' to \'Verified\' for faculty ID 32 (task ID 7)','2026-04-15 00:03:51',NULL),(1050,1,'admin@gmail.com','123.253.136.34','Mozilla/5.0 (Windows NT 10.0; Win64; x64) AppleWebKit/537.36 (KHTML, like Gecko) Chrome/146.0.0.0 Safari/537.36 Edg/146.0.0.0','SUCCESS','Changed status from \'For Verification\' to \'Verified\' for faculty ID 32 (task ID 2)','2026-04-15 00:03:56',NULL),(1051,1,'admin@gmail.com','123.253.136.34','Mozilla/5.0 (Windows NT 10.0; Win64; x64) AppleWebKit/537.36 (KHTML, like Gecko) Chrome/146.0.0.0 Safari/537.36 Edg/146.0.0.0','SUCCESS','Changed status from \'For Verification\' to \'Verified\' for faculty ID 32 (task ID 24)','2026-04-15 00:04:01',NULL),(1052,1,'admin@gmail.com','123.253.136.34','Mozilla/5.0 (Windows NT 10.0; Win64; x64) AppleWebKit/537.36 (KHTML, like Gecko) Chrome/146.0.0.0 Safari/537.36 Edg/146.0.0.0','SUCCESS','Changed status from \'For Verification\' to \'Verified\' for faculty ID 32 (task ID 6)','2026-04-15 00:04:07',NULL),(1053,1,'admin@gmail.com','123.253.136.34','Mozilla/5.0 (Windows NT 10.0; Win64; x64) AppleWebKit/537.36 (KHTML, like Gecko) Chrome/146.0.0.0 Safari/537.36 Edg/146.0.0.0','SUCCESS','Changed status from \'For Verification\' to \'Verified\' for faculty ID 32 (task ID 22)','2026-04-15 00:04:15',NULL),(1054,1,'admin@gmail.com','123.253.136.34','Mozilla/5.0 (Windows NT 10.0; Win64; x64) AppleWebKit/537.36 (KHTML, like Gecko) Chrome/146.0.0.0 Safari/537.36 Edg/146.0.0.0','SUCCESS','Changed status from \'For Verification\' to \'Verified\' for faculty ID 32 (task ID 1)','2026-04-15 00:04:29',NULL),(1055,1,'admin@gmail.com','123.253.136.34','Mozilla/5.0 (Windows NT 10.0; Win64; x64) AppleWebKit/537.36 (KHTML, like Gecko) Chrome/146.0.0.0 Safari/537.36 Edg/146.0.0.0','SUCCESS','Changed status from \'For Verification\' to \'Verified\' for faculty ID 32 (task ID 5)','2026-04-15 00:04:40',NULL),(1056,1,'admin@gmail.com','123.253.136.34','Mozilla/5.0 (Windows NT 10.0; Win64; x64) AppleWebKit/537.36 (KHTML, like Gecko) Chrome/146.0.0.0 Safari/537.36 Edg/146.0.0.0','SUCCESS','Changed status from \'For Verification\' to \'Verified\' for faculty ID 32 (task ID 4)','2026-04-15 00:04:46',NULL),(1057,1,'admin@gmail.com','123.253.136.34','Mozilla/5.0 (Windows NT 10.0; Win64; x64) AppleWebKit/537.36 (KHTML, like Gecko) Chrome/146.0.0.0 Safari/537.36 Edg/146.0.0.0','SUCCESS','Changed status from \'For Verification\' to \'Verified\' for faculty ID 32 (task ID 3)','2026-04-15 00:04:55',NULL),(1058,32,'rachellenicolelotivio6@gmail.com','123.253.136.33','Mozilla/5.0 (Windows NT 10.0; Win64; x64) AppleWebKit/537.36 (KHTML, like Gecko) Chrome/146.0.0.0 Safari/537.36 Edg/146.0.0.0','SUCCESS','Login successful','2026-04-15 00:05:18',NULL),(1059,32,'rachellenicolelotivio6@gmail.com','123.253.136.33','Mozilla/5.0 (Windows NT 10.0; Win64; x64) AppleWebKit/537.36 (KHTML, like Gecko) Chrome/146.0.0.0 Safari/537.36 Edg/146.0.0.0','SUCCESS','User logged out','2026-04-15 00:05:29',NULL),(1060,9,'rmramiso@debesmscat.edu.ph','123.253.136.33','Mozilla/5.0 (Windows NT 10.0; Win64; x64) AppleWebKit/537.36 (KHTML, like Gecko) Chrome/146.0.0.0 Safari/537.36 Edg/146.0.0.0','FAILED','Account not activated','2026-04-15 00:07:04',NULL),(1061,1,'rmramiso@debesmscat.edu.ph','123.253.136.33','Mozilla/5.0 (Windows NT 10.0; Win64; x64) AppleWebKit/537.36 (KHTML, like Gecko) Chrome/146.0.0.0 Safari/537.36 Edg/146.0.0.0','SUCCESS','Login successful','2026-04-15 00:07:16',NULL),(1062,1,'rmramiso@debesmscat.edu.ph','119.92.254.6','Mozilla/5.0 (Windows NT 10.0; Win64; x64) AppleWebKit/537.36 (KHTML, like Gecko) Chrome/146.0.0.0 Safari/537.36 Edg/146.0.0.0','SUCCESS','Changed status from \'For Verification\' to \'Verified\' for faculty ID 2 (task ID 3)','2026-04-15 00:11:01',NULL),(1063,1,'rmramiso@debesmscat.edu.ph','119.92.254.6','Mozilla/5.0 (Windows NT 10.0; Win64; x64) AppleWebKit/537.36 (KHTML, like Gecko) Chrome/146.0.0.0 Safari/537.36 Edg/146.0.0.0','SUCCESS','Changed status from \'For Verification\' to \'Verified\' for faculty ID 2 (task ID 2)','2026-04-15 00:11:06',NULL),(1064,1,'rmramiso@debesmscat.edu.ph','119.92.254.6','Mozilla/5.0 (Windows NT 10.0; Win64; x64) AppleWebKit/537.36 (KHTML, like Gecko) Chrome/146.0.0.0 Safari/537.36 Edg/146.0.0.0','SUCCESS','Changed status from \'For Verification\' to \'Verified\' for faculty ID 2 (task ID 16)','2026-04-15 00:11:18',NULL),(1065,1,'rmramiso@debesmscat.edu.ph','119.92.254.6','Mozilla/5.0 (Windows NT 10.0; Win64; x64) AppleWebKit/537.36 (KHTML, like Gecko) Chrome/146.0.0.0 Safari/537.36 Edg/146.0.0.0','SUCCESS','Changed status from \'For Verification\' to \'Verified\' for faculty ID 2 (task ID 17)','2026-04-15 00:11:25',NULL),(1066,1,'rmramiso@debesmscat.edu.ph','119.92.254.6','Mozilla/5.0 (Windows NT 10.0; Win64; x64) AppleWebKit/537.36 (KHTML, like Gecko) Chrome/146.0.0.0 Safari/537.36 Edg/146.0.0.0','SUCCESS','Changed status from \'For Verification\' to \'Verified\' for faculty ID 2 (task ID 7)','2026-04-15 00:11:33',NULL),(1067,1,'rmramiso@debesmscat.edu.ph','119.92.254.6','Mozilla/5.0 (Windows NT 10.0; Win64; x64) AppleWebKit/537.36 (KHTML, like Gecko) Chrome/146.0.0.0 Safari/537.36 Edg/146.0.0.0','SUCCESS','Changed status from \'For Verification\' to \'Verified\' for faculty ID 2 (task ID 26)','2026-04-15 00:11:47',NULL),(1068,1,'rmramiso@debesmscat.edu.ph','119.92.254.6','Mozilla/5.0 (Windows NT 10.0; Win64; x64) AppleWebKit/537.36 (KHTML, like Gecko) Chrome/146.0.0.0 Safari/537.36 Edg/146.0.0.0','SUCCESS','User logged out','2026-04-15 00:13:26',NULL),(1069,1,'admin@gmail.com','123.253.136.34','Mozilla/5.0 (Windows NT 10.0; Win64; x64) AppleWebKit/537.36 (KHTML, like Gecko) Chrome/146.0.0.0 Safari/537.36 Edg/146.0.0.0','SUCCESS','Session expired due to inactivity','2026-04-15 00:37:55',NULL),(1070,1,'admin@gmail.com','175.158.214.214','Mozilla/5.0 (Windows NT 10.0; Win64; x64) AppleWebKit/537.36 (KHTML, like Gecko) Chrome/147.0.0.0 Safari/537.36','SUCCESS','Login successful','2026-04-15 03:37:15',NULL),(1071,1,'rmramiso@debesmscat.edu.ph','175.158.214.214','Mozilla/5.0 (Windows NT 10.0; Win64; x64) AppleWebKit/537.36 (KHTML, like Gecko) Chrome/147.0.0.0 Safari/537.36 Edg/147.0.0.0','FAILED','Wrong password','2026-04-15 03:43:21',NULL),(1072,1,'rmramiso@debesmscat.edu.ph','175.158.214.214','Mozilla/5.0 (Windows NT 10.0; Win64; x64) AppleWebKit/537.36 (KHTML, like Gecko) Chrome/147.0.0.0 Safari/537.36 Edg/147.0.0.0','SUCCESS','Login successful','2026-04-15 03:45:17',NULL),(1073,1,'rmramiso@debesmscat.edu.ph','123.253.136.34','Mozilla/5.0 (Windows NT 10.0; Win64; x64) AppleWebKit/537.36 (KHTML, like Gecko) Chrome/146.0.0.0 Safari/537.36 Edg/146.0.0.0','FAILED','Wrong password','2026-04-15 04:59:10',NULL),(1074,1,'rmramiso@debesmscat.edu.ph','123.253.136.34','Mozilla/5.0 (Windows NT 10.0; Win64; x64) AppleWebKit/537.36 (KHTML, like Gecko) Chrome/146.0.0.0 Safari/537.36 Edg/146.0.0.0','FAILED','Wrong password','2026-04-15 04:59:17',NULL),(1075,6,'jhiepot120584@gmail.com','123.253.136.34','Mozilla/5.0 (Windows NT 10.0; Win64; x64) AppleWebKit/537.36 (KHTML, like Gecko) Chrome/146.0.0.0 Safari/537.36 Edg/146.0.0.0','SUCCESS','Login successful','2026-04-15 04:59:34',NULL),(1076,6,'jhiepot120584@gmail.com','123.253.136.33','Mozilla/5.0 (Windows NT 10.0; Win64; x64) AppleWebKit/537.36 (KHTML, like Gecko) Chrome/146.0.0.0 Safari/537.36 Edg/146.0.0.0','SUCCESS','User logged out','2026-04-15 05:04:02',NULL),(1077,28,'vibaskimberly8@gmail.com','123.253.136.33','Mozilla/5.0 (Windows NT 10.0; Win64; x64) AppleWebKit/537.36 (KHTML, like Gecko) Chrome/146.0.0.0 Safari/537.36 Edg/146.0.0.0','SUCCESS','Login successful','2026-04-15 05:05:34',NULL),(1078,28,'vibaskimberly8@gmail.com','123.253.136.33','Mozilla/5.0 (Windows NT 10.0; Win64; x64) AppleWebKit/537.36 (KHTML, like Gecko) Chrome/146.0.0.0 Safari/537.36 Edg/146.0.0.0','SUCCESS','User logged out','2026-04-15 05:06:30',NULL),(1079,1,'admin@gmail.com','123.253.136.33','Mozilla/5.0 (Windows NT 10.0; Win64; x64) AppleWebKit/537.36 (KHTML, like Gecko) Chrome/146.0.0.0 Safari/537.36 Edg/146.0.0.0','SUCCESS','Login successful','2026-04-15 05:06:38',NULL),(1080,1,'admin@gmail.com','123.253.136.33','Mozilla/5.0 (Windows NT 10.0; Win64; x64) AppleWebKit/537.36 (KHTML, like Gecko) Chrome/146.0.0.0 Safari/537.36 Edg/146.0.0.0','SUCCESS','Changed status from \'For Verification\' to \'Verified\' for faculty ID 21 (task ID 4)','2026-04-15 05:09:06',NULL),(1081,1,'admin@gmail.com','123.253.136.33','Mozilla/5.0 (Windows NT 10.0; Win64; x64) AppleWebKit/537.36 (KHTML, like Gecko) Chrome/146.0.0.0 Safari/537.36 Edg/146.0.0.0','SUCCESS','Changed status from \'For Verification\' to \'Verified\' for faculty ID 21 (task ID 23)','2026-04-15 05:09:09',NULL),(1082,1,'admin@gmail.com','119.92.254.6','Mozilla/5.0 (Windows NT 10.0; Win64; x64) AppleWebKit/537.36 (KHTML, like Gecko) Chrome/146.0.0.0 Safari/537.36 Edg/146.0.0.0','SUCCESS','Session expired due to inactivity','2026-04-15 06:10:44',NULL),(1083,1,'admin@gmail.com','119.92.254.6','Mozilla/5.0 (Windows NT 10.0; Win64; x64) AppleWebKit/537.36 (KHTML, like Gecko) Chrome/146.0.0.0 Safari/537.36 Edg/146.0.0.0','SUCCESS','Login successful','2026-04-15 06:10:51',NULL),(1084,1,'admin@gmail.com','123.253.136.34','Mozilla/5.0 (Windows NT 10.0; Win64; x64) AppleWebKit/537.36 (KHTML, like Gecko) Chrome/146.0.0.0 Safari/537.36 Edg/146.0.0.0','SUCCESS','Session expired due to inactivity','2026-04-15 06:26:34',NULL),(1085,1,'rmramiso@debesmscat.edu.ph','175.158.214.213','Mozilla/5.0 (Windows NT 10.0; Win64; x64) AppleWebKit/537.36 (KHTML, like Gecko) Chrome/147.0.0.0 Safari/537.36 Edg/147.0.0.0','SUCCESS','Session expired due to inactivity','2026-04-15 06:44:28',NULL),(1086,15,'rbello@gmail.com','175.158.214.213','Mozilla/5.0 (Windows NT 10.0; Win64; x64) AppleWebKit/537.36 (KHTML, like Gecko) Chrome/147.0.0.0 Safari/537.36 Edg/147.0.0.0','FAILED','Wrong password','2026-04-15 06:44:40',NULL),(1087,4,'rbello@gmail.com','175.158.214.213','Mozilla/5.0 (Windows NT 10.0; Win64; x64) AppleWebKit/537.36 (KHTML, like Gecko) Chrome/147.0.0.0 Safari/537.36 Edg/147.0.0.0','SUCCESS','Login successful','2026-04-15 06:44:49',NULL),(1088,NULL,'admin@gmail.com','123.253.136.234','Mozilla/5.0 (Windows NT 10.0; Win64; x64) AppleWebKit/537.36 (KHTML, like Gecko) Chrome/146.0.0.0 Safari/537.36 Edg/146.0.0.0','FAILED','Email not found','2026-04-15 07:42:30',NULL),(1089,1,'admin@gmail.com','123.253.136.234','Mozilla/5.0 (Windows NT 10.0; Win64; x64) AppleWebKit/537.36 (KHTML, like Gecko) Chrome/146.0.0.0 Safari/537.36 Edg/146.0.0.0','SUCCESS','Login successful','2026-04-15 07:42:34',NULL),(1090,7,'sharmaenaTM95@gmail.com','123.253.136.234','Mozilla/5.0 (Windows NT 10.0; Win64; x64) AppleWebKit/537.36 (KHTML, like Gecko) Chrome/146.0.0.0 Safari/537.36 Edg/146.0.0.0','FAILED','Wrong password','2026-04-15 07:43:54',NULL),(1091,7,'sharmaenaTM95@gmail.com','123.253.136.234','Mozilla/5.0 (Windows NT 10.0; Win64; x64) AppleWebKit/537.36 (KHTML, like Gecko) Chrome/146.0.0.0 Safari/537.36 Edg/146.0.0.0','SUCCESS','Login successful','2026-04-15 07:44:45',NULL),(1092,7,'sharmaenaTM95@gmail.com','123.253.136.234','Mozilla/5.0 (Windows NT 10.0; Win64; x64) AppleWebKit/537.36 (KHTML, like Gecko) Chrome/146.0.0.0 Safari/537.36 Edg/146.0.0.0','SUCCESS','User logged out','2026-04-15 07:54:27',NULL),(1093,25,'yenlalaguna06@gmail.com','123.253.136.234','Mozilla/5.0 (Windows NT 10.0; Win64; x64) AppleWebKit/537.36 (KHTML, like Gecko) Chrome/146.0.0.0 Safari/537.36 Edg/146.0.0.0','SUCCESS','Login successful','2026-04-15 07:54:34',NULL),(1094,25,'yenlalaguna06@gmail.com','123.253.136.234','Mozilla/5.0 (Windows NT 10.0; Win64; x64) AppleWebKit/537.36 (KHTML, like Gecko) Chrome/146.0.0.0 Safari/537.36 Edg/146.0.0.0','SUCCESS','User logged out','2026-04-15 07:57:05',NULL),(1095,19,'jesaabelleromano@gmail.com','123.253.136.234','Mozilla/5.0 (Windows NT 10.0; Win64; x64) AppleWebKit/537.36 (KHTML, like Gecko) Chrome/146.0.0.0 Safari/537.36 Edg/146.0.0.0','SUCCESS','Login successful','2026-04-15 07:57:09',NULL),(1096,19,'jesaabelleromano@gmail.com','123.253.136.34','Mozilla/5.0 (Windows NT 10.0; Win64; x64) AppleWebKit/537.36 (KHTML, like Gecko) Chrome/146.0.0.0 Safari/537.36 Edg/146.0.0.0','SUCCESS','User logged out','2026-04-15 07:59:22',NULL),(1097,16,'dentelroc@gmail.com','123.253.136.34','Mozilla/5.0 (Windows NT 10.0; Win64; x64) AppleWebKit/537.36 (KHTML, like Gecko) Chrome/146.0.0.0 Safari/537.36 Edg/146.0.0.0','SUCCESS','Login successful','2026-04-15 07:59:29',NULL),(1098,1,'admin@gmail.com','123.253.136.34','Mozilla/5.0 (Windows NT 10.0; Win64; x64) AppleWebKit/537.36 (KHTML, like Gecko) Chrome/147.0.0.0 Safari/537.36 Edg/147.0.0.0','SUCCESS','Login successful','2026-04-15 22:54:47',NULL),(1099,1,'admin@gmail.com','123.253.136.34','Mozilla/5.0 (Windows NT 10.0; Win64; x64) AppleWebKit/537.36 (KHTML, like Gecko) Chrome/147.0.0.0 Safari/537.36 Edg/147.0.0.0','SUCCESS','User logged out','2026-04-15 22:55:25',NULL),(1100,6,'jhiepot120584@gmail.com','123.253.136.34','Mozilla/5.0 (Windows NT 10.0; Win64; x64) AppleWebKit/537.36 (KHTML, like Gecko) Chrome/147.0.0.0 Safari/537.36 Edg/147.0.0.0','SUCCESS','Login successful','2026-04-15 22:55:33',NULL),(1101,6,'jhiepot120584@gmail.com','123.253.136.34','Mozilla/5.0 (Windows NT 10.0; Win64; x64) AppleWebKit/537.36 (KHTML, like Gecko) Chrome/147.0.0.0 Safari/537.36 Edg/147.0.0.0','SUCCESS','User logged out','2026-04-15 22:56:06',NULL),(1102,4,'rbello@gmail.com','123.253.136.34','Mozilla/5.0 (Windows NT 10.0; Win64; x64) AppleWebKit/537.36 (KHTML, like Gecko) Chrome/147.0.0.0 Safari/537.36 Edg/147.0.0.0','FAILED','Wrong password','2026-04-15 22:56:14',NULL),(1103,4,'rbello@gmail.com','123.253.136.34','Mozilla/5.0 (Windows NT 10.0; Win64; x64) AppleWebKit/537.36 (KHTML, like Gecko) Chrome/147.0.0.0 Safari/537.36 Edg/147.0.0.0','FAILED','Wrong password','2026-04-15 22:56:19',NULL),(1104,1,'rmramiso@debesmscat.edu.ph','123.253.136.34','Mozilla/5.0 (Windows NT 10.0; Win64; x64) AppleWebKit/537.36 (KHTML, like Gecko) Chrome/147.0.0.0 Safari/537.36 Edg/147.0.0.0','FAILED','Wrong password','2026-04-15 22:56:31',NULL),(1105,1,'rmramiso@debesmscat.edu.ph','123.253.136.34','Mozilla/5.0 (Windows NT 10.0; Win64; x64) AppleWebKit/537.36 (KHTML, like Gecko) Chrome/147.0.0.0 Safari/537.36 Edg/147.0.0.0','FAILED','Wrong password','2026-04-15 22:56:41',NULL),(1106,23,'mhermoso@debesmscat.edu.ph','123.253.136.34','Mozilla/5.0 (Windows NT 10.0; Win64; x64) AppleWebKit/537.36 (KHTML, like Gecko) Chrome/147.0.0.0 Safari/537.36 Edg/147.0.0.0','SUCCESS','Login successful','2026-04-15 22:56:58',NULL),(1107,23,'mhermoso@debesmscat.edu.ph','123.253.136.234','Mozilla/5.0 (Windows NT 10.0; Win64; x64) AppleWebKit/537.36 (KHTML, like Gecko) Chrome/147.0.0.0 Safari/537.36 Edg/147.0.0.0','SUCCESS','User logged out','2026-04-15 23:06:14',NULL),(1108,15,'rbello@gmail.com','123.253.136.234','Mozilla/5.0 (Windows NT 10.0; Win64; x64) AppleWebKit/537.36 (KHTML, like Gecko) Chrome/147.0.0.0 Safari/537.36 Edg/147.0.0.0','SUCCESS','Login successful','2026-04-15 23:06:21',NULL),(1109,15,'rbello@gmail.com','123.253.136.34','Mozilla/5.0 (Windows NT 10.0; Win64; x64) AppleWebKit/537.36 (KHTML, like Gecko) Chrome/147.0.0.0 Safari/537.36 Edg/147.0.0.0','SUCCESS','User logged out','2026-04-15 23:09:57',NULL),(1110,1,'rmramiso@debesmscat.edu.ph','123.253.136.34','Mozilla/5.0 (Windows NT 10.0; Win64; x64) AppleWebKit/537.36 (KHTML, like Gecko) Chrome/147.0.0.0 Safari/537.36 Edg/147.0.0.0','FAILED','Account locked due to too many failed attempts','2026-04-15 23:10:07',NULL),(1111,1,'rmramiso@debesmscat.edu.ph','123.253.136.34','Mozilla/5.0 (Windows NT 10.0; Win64; x64) AppleWebKit/537.36 (KHTML, like Gecko) Chrome/147.0.0.0 Safari/537.36 Edg/147.0.0.0','FAILED','Account blocked','2026-04-15 23:10:29',NULL),(1112,1,'admin@gmail.com','123.253.136.34','Mozilla/5.0 (Windows NT 10.0; Win64; x64) AppleWebKit/537.36 (KHTML, like Gecko) Chrome/147.0.0.0 Safari/537.36 Edg/147.0.0.0','SUCCESS','Login successful','2026-04-15 23:10:41',NULL),(1113,1,'admin@gmail.com','123.253.136.34','Mozilla/5.0 (Windows NT 10.0; Win64; x64) AppleWebKit/537.36 (KHTML, like Gecko) Chrome/147.0.0.0 Safari/537.36 Edg/147.0.0.0','SUCCESS','User logged out','2026-04-15 23:11:34',NULL),(1114,1,'rmramiso@debesmscat.edu.ph','123.253.136.34','Mozilla/5.0 (Windows NT 10.0; Win64; x64) AppleWebKit/537.36 (KHTML, like Gecko) Chrome/147.0.0.0 Safari/537.36 Edg/147.0.0.0','SUCCESS','Login successful','2026-04-15 23:11:43',NULL),(1115,1,'rmramiso@debesmscat.edu.ph','123.253.136.34','Mozilla/5.0 (Windows NT 10.0; Win64; x64) AppleWebKit/537.36 (KHTML, like Gecko) Chrome/147.0.0.0 Safari/537.36 Edg/147.0.0.0','SUCCESS','Changed status from \'For Verification\' to \'Verified\' for faculty ID 15 (task ID 27)','2026-04-15 23:11:59',NULL),(1116,1,'rmramiso@debesmscat.edu.ph','123.253.136.34','Mozilla/5.0 (Windows NT 10.0; Win64; x64) AppleWebKit/537.36 (KHTML, like Gecko) Chrome/147.0.0.0 Safari/537.36 Edg/147.0.0.0','SUCCESS','User logged out','2026-04-15 23:12:13',NULL),(1117,15,'rbello@gmail.com','123.253.136.34','Mozilla/5.0 (Windows NT 10.0; Win64; x64) AppleWebKit/537.36 (KHTML, like Gecko) Chrome/147.0.0.0 Safari/537.36 Edg/147.0.0.0','SUCCESS','Login successful','2026-04-15 23:12:17',NULL),(1118,15,'rbello@gmail.com','123.253.136.34','Mozilla/5.0 (Windows NT 10.0; Win64; x64) AppleWebKit/537.36 (KHTML, like Gecko) Chrome/147.0.0.0 Safari/537.36 Edg/147.0.0.0','SUCCESS','User logged out','2026-04-15 23:13:10',NULL),(1119,9,'rmramiso@debesmscat.edu.ph','123.253.136.34','Mozilla/5.0 (Windows NT 10.0; Win64; x64) AppleWebKit/537.36 (KHTML, like Gecko) Chrome/147.0.0.0 Safari/537.36 Edg/147.0.0.0','FAILED','Account not activated','2026-04-15 23:14:21',NULL),(1120,1,'rmramiso@debesmscat.edu.ph','123.253.136.34','Mozilla/5.0 (Windows NT 10.0; Win64; x64) AppleWebKit/537.36 (KHTML, like Gecko) Chrome/147.0.0.0 Safari/537.36 Edg/147.0.0.0','SUCCESS','Login successful','2026-04-15 23:14:25',NULL),(1121,1,'rmramiso@debesmscat.edu.ph','123.253.136.33','Mozilla/5.0 (Windows NT 10.0; Win64; x64) AppleWebKit/537.36 (KHTML, like Gecko) Chrome/147.0.0.0 Safari/537.36 Edg/147.0.0.0','SUCCESS','User logged out','2026-04-15 23:17:24',NULL),(1122,1,'admin@gmail.com','123.253.136.33','Mozilla/5.0 (Windows NT 10.0; Win64; x64) AppleWebKit/537.36 (KHTML, like Gecko) Chrome/147.0.0.0 Safari/537.36 Edg/147.0.0.0','SUCCESS','Login successful','2026-04-15 23:17:31',NULL),(1123,1,'admin@gmail.com','123.253.136.234','Mozilla/5.0 (Windows NT 10.0; Win64; x64) AppleWebKit/537.36 (KHTML, like Gecko) Chrome/147.0.0.0 Safari/537.36 Edg/147.0.0.0','SUCCESS','User logged out','2026-04-15 23:18:45',NULL),(1124,12,'rstoling@debesmscat.edu.ph','123.253.136.234','Mozilla/5.0 (Windows NT 10.0; Win64; x64) AppleWebKit/537.36 (KHTML, like Gecko) Chrome/147.0.0.0 Safari/537.36 Edg/147.0.0.0','SUCCESS','Login successful','2026-04-15 23:19:06',NULL),(1125,12,'rstoling@debesmscat.edu.ph','123.253.136.234','Mozilla/5.0 (Windows NT 10.0; Win64; x64) AppleWebKit/537.36 (KHTML, like Gecko) Chrome/147.0.0.0 Safari/537.36 Edg/147.0.0.0','SUCCESS','User logged out','2026-04-15 23:20:09',NULL),(1126,32,'rachellenicolelotivio6@gmail.com','123.253.136.234','Mozilla/5.0 (Windows NT 10.0; Win64; x64) AppleWebKit/537.36 (KHTML, like Gecko) Chrome/147.0.0.0 Safari/537.36 Edg/147.0.0.0','SUCCESS','Login successful','2026-04-15 23:20:21',NULL),(1127,32,'rachellenicolelotivio6@gmail.com','123.253.136.234','Mozilla/5.0 (Windows NT 10.0; Win64; x64) AppleWebKit/537.36 (KHTML, like Gecko) Chrome/147.0.0.0 Safari/537.36 Edg/147.0.0.0','SUCCESS','User logged out','2026-04-15 23:20:35',NULL),(1128,15,'rbello@gmail.com','123.253.136.234','Mozilla/5.0 (Windows NT 10.0; Win64; x64) AppleWebKit/537.36 (KHTML, like Gecko) Chrome/147.0.0.0 Safari/537.36 Edg/147.0.0.0','SUCCESS','Login successful','2026-04-15 23:20:41',NULL),(1129,15,'rbello@gmail.com','123.253.136.234','Mozilla/5.0 (Windows NT 10.0; Win64; x64) AppleWebKit/537.36 (KHTML, like Gecko) Chrome/147.0.0.0 Safari/537.36 Edg/147.0.0.0','SUCCESS','User logged out','2026-04-15 23:21:24',NULL),(1130,23,'mhermoso@debesmscat.edu.ph','123.253.136.234','Mozilla/5.0 (Windows NT 10.0; Win64; x64) AppleWebKit/537.36 (KHTML, like Gecko) Chrome/147.0.0.0 Safari/537.36 Edg/147.0.0.0','SUCCESS','Login successful','2026-04-15 23:21:30',NULL),(1131,23,'mhermoso@debesmscat.edu.ph','123.253.136.234','Mozilla/5.0 (Windows NT 10.0; Win64; x64) AppleWebKit/537.36 (KHTML, like Gecko) Chrome/147.0.0.0 Safari/537.36 Edg/147.0.0.0','SUCCESS','User logged out','2026-04-15 23:21:49',NULL),(1132,5,'taaguilar@debesmscat.edu.ph','123.253.136.234','Mozilla/5.0 (Windows NT 10.0; Win64; x64) AppleWebKit/537.36 (KHTML, like Gecko) Chrome/147.0.0.0 Safari/537.36 Edg/147.0.0.0','SUCCESS','Login successful','2026-04-15 23:21:59',NULL),(1133,5,'taaguilar@debesmscat.edu.ph','123.253.136.234','Mozilla/5.0 (Windows NT 10.0; Win64; x64) AppleWebKit/537.36 (KHTML, like Gecko) Chrome/147.0.0.0 Safari/537.36 Edg/147.0.0.0','SUCCESS','User logged out','2026-04-15 23:22:25',NULL),(1134,4,'rbello@gmail.com','123.253.136.234','Mozilla/5.0 (Windows NT 10.0; Win64; x64) AppleWebKit/537.36 (KHTML, like Gecko) Chrome/147.0.0.0 Safari/537.36 Edg/147.0.0.0','FAILED','Wrong password','2026-04-15 23:22:37',NULL),(1135,4,'rbello@gmail.com','123.253.136.234','Mozilla/5.0 (Windows NT 10.0; Win64; x64) AppleWebKit/537.36 (KHTML, like Gecko) Chrome/147.0.0.0 Safari/537.36 Edg/147.0.0.0','SUCCESS','Login successful','2026-04-15 23:22:53',NULL),(1136,4,'rbello@gmail.com','123.253.136.234','Mozilla/5.0 (Windows NT 10.0; Win64; x64) AppleWebKit/537.36 (KHTML, like Gecko) Chrome/147.0.0.0 Safari/537.36 Edg/147.0.0.0','SUCCESS','User logged out','2026-04-15 23:23:05',NULL),(1137,8,'daisyjean.castillo11@gmail.com','123.253.136.234','Mozilla/5.0 (Windows NT 10.0; Win64; x64) AppleWebKit/537.36 (KHTML, like Gecko) Chrome/147.0.0.0 Safari/537.36 Edg/147.0.0.0','SUCCESS','Login successful','2026-04-15 23:23:15',NULL),(1138,8,'daisyjean.castillo11@gmail.com','123.253.136.34','Mozilla/5.0 (Windows NT 10.0; Win64; x64) AppleWebKit/537.36 (KHTML, like Gecko) Chrome/147.0.0.0 Safari/537.36 Edg/147.0.0.0','SUCCESS','User logged out','2026-04-15 23:24:32',NULL),(1139,14,'taaguilar@debesmscat.edu.ph','123.253.136.34','Mozilla/5.0 (Windows NT 10.0; Win64; x64) AppleWebKit/537.36 (KHTML, like Gecko) Chrome/147.0.0.0 Safari/537.36 Edg/147.0.0.0','SUCCESS','Login successful','2026-04-15 23:24:45',NULL),(1140,14,'taaguilar@debesmscat.edu.ph','123.253.136.34','Mozilla/5.0 (Windows NT 10.0; Win64; x64) AppleWebKit/537.36 (KHTML, like Gecko) Chrome/147.0.0.0 Safari/537.36 Edg/147.0.0.0','SUCCESS','User logged out','2026-04-15 23:25:15',NULL),(1141,12,'rstoling@debesmscat.edu.ph','123.253.136.34','Mozilla/5.0 (Windows NT 10.0; Win64; x64) AppleWebKit/537.36 (KHTML, like Gecko) Chrome/147.0.0.0 Safari/537.36 Edg/147.0.0.0','SUCCESS','Login successful','2026-04-15 23:25:34',NULL),(1142,12,'rstoling@debesmscat.edu.ph','123.253.136.34','Mozilla/5.0 (Windows NT 10.0; Win64; x64) AppleWebKit/537.36 (KHTML, like Gecko) Chrome/147.0.0.0 Safari/537.36 Edg/147.0.0.0','SUCCESS','User logged out','2026-04-15 23:25:45',NULL),(1143,29,'jelyn.sabaulan@debesmscat.edu.ph','123.253.136.34','Mozilla/5.0 (Windows NT 10.0; Win64; x64) AppleWebKit/537.36 (KHTML, like Gecko) Chrome/147.0.0.0 Safari/537.36 Edg/147.0.0.0','SUCCESS','Login successful','2026-04-15 23:26:01',NULL),(1144,29,'jelyn.sabaulan@debesmscat.edu.ph','123.253.136.33','Mozilla/5.0 (Windows NT 10.0; Win64; x64) AppleWebKit/537.36 (KHTML, like Gecko) Chrome/147.0.0.0 Safari/537.36 Edg/147.0.0.0','SUCCESS','User logged out','2026-04-15 23:53:34',NULL),(1145,4,'rbello@gmail.com','123.253.136.33','Mozilla/5.0 (Windows NT 10.0; Win64; x64) AppleWebKit/537.36 (KHTML, like Gecko) Chrome/147.0.0.0 Safari/537.36 Edg/147.0.0.0','FAILED','Wrong password','2026-04-16 00:08:05',NULL),(1146,4,'rbello@gmail.com','123.253.136.33','Mozilla/5.0 (Windows NT 10.0; Win64; x64) AppleWebKit/537.36 (KHTML, like Gecko) Chrome/147.0.0.0 Safari/537.36 Edg/147.0.0.0','SUCCESS','Login successful','2026-04-16 00:08:17',NULL),(1147,4,'rbello@gmail.com','123.253.136.33','Mozilla/5.0 (Windows NT 10.0; Win64; x64) AppleWebKit/537.36 (KHTML, like Gecko) Chrome/147.0.0.0 Safari/537.36 Edg/147.0.0.0','SUCCESS','User logged out','2026-04-16 00:08:33',NULL),(1148,8,'daisyjean.castillo11@gmail.com','123.253.136.33','Mozilla/5.0 (Windows NT 10.0; Win64; x64) AppleWebKit/537.36 (KHTML, like Gecko) Chrome/147.0.0.0 Safari/537.36 Edg/147.0.0.0','SUCCESS','Login successful','2026-04-16 00:08:44',NULL),(1149,8,'daisyjean.castillo11@gmail.com','123.253.136.234','Mozilla/5.0 (Windows NT 10.0; Win64; x64) AppleWebKit/537.36 (KHTML, like Gecko) Chrome/147.0.0.0 Safari/537.36 Edg/147.0.0.0','SUCCESS','User logged out','2026-04-16 00:18:40',NULL),(1150,14,'taaguilar@debesmscat.edu.ph','123.253.136.234','Mozilla/5.0 (Windows NT 10.0; Win64; x64) AppleWebKit/537.36 (KHTML, like Gecko) Chrome/147.0.0.0 Safari/537.36 Edg/147.0.0.0','FAILED','Wrong password','2026-04-16 00:18:51',NULL),(1151,14,'taaguilar@debesmscat.edu.ph','123.253.136.234','Mozilla/5.0 (Windows NT 10.0; Win64; x64) AppleWebKit/537.36 (KHTML, like Gecko) Chrome/147.0.0.0 Safari/537.36 Edg/147.0.0.0','SUCCESS','Login successful','2026-04-16 00:19:05',NULL),(1152,14,'taaguilar@debesmscat.edu.ph','123.253.136.234','Mozilla/5.0 (Windows NT 10.0; Win64; x64) AppleWebKit/537.36 (KHTML, like Gecko) Chrome/147.0.0.0 Safari/537.36 Edg/147.0.0.0','SUCCESS','User logged out','2026-04-16 00:19:43',NULL),(1153,25,'yenlalaguna06@gmail.com','123.253.136.33','Mozilla/5.0 (Windows NT 10.0; Win64; x64) AppleWebKit/537.36 (KHTML, like Gecko) Chrome/147.0.0.0 Safari/537.36 Edg/147.0.0.0','SUCCESS','Login successful','2026-04-16 00:23:32',NULL),(1154,25,'yenlalaguna06@gmail.com','119.92.254.6','Mozilla/5.0 (Windows NT 10.0; Win64; x64) AppleWebKit/537.36 (KHTML, like Gecko) Chrome/147.0.0.0 Safari/537.36 Edg/147.0.0.0','SUCCESS','User logged out','2026-04-16 00:41:02',NULL),(1155,1,'rmramiso@debesmscat.edu.ph','119.92.254.6','Mozilla/5.0 (Windows NT 10.0; Win64; x64) AppleWebKit/537.36 (KHTML, like Gecko) Chrome/147.0.0.0 Safari/537.36 Edg/147.0.0.0','FAILED','Wrong password','2026-04-16 00:41:09',NULL),(1156,1,'rmramiso@debesmscat.edu.ph','119.92.254.6','Mozilla/5.0 (Windows NT 10.0; Win64; x64) AppleWebKit/537.36 (KHTML, like Gecko) Chrome/147.0.0.0 Safari/537.36 Edg/147.0.0.0','SUCCESS','Login successful','2026-04-16 00:41:42',NULL),(1157,1,'rmramiso@debesmscat.edu.ph','119.92.254.6','Mozilla/5.0 (Windows NT 10.0; Win64; x64) AppleWebKit/537.36 (KHTML, like Gecko) Chrome/147.0.0.0 Safari/537.36 Edg/147.0.0.0','SUCCESS','User logged out','2026-04-16 00:42:21',NULL),(1158,7,'sharmaenaTM95@gmail.com','119.92.254.6','Mozilla/5.0 (Windows NT 10.0; Win64; x64) AppleWebKit/537.36 (KHTML, like Gecko) Chrome/147.0.0.0 Safari/537.36 Edg/147.0.0.0','FAILED','Wrong password','2026-04-16 00:42:35',NULL),(1159,1,'admin@gmail.com','119.92.254.6','Mozilla/5.0 (Windows NT 10.0; Win64; x64) AppleWebKit/537.36 (KHTML, like Gecko) Chrome/147.0.0.0 Safari/537.36 Edg/147.0.0.0','SUCCESS','Login successful','2026-04-16 00:43:04',NULL),(1160,1,'admin@gmail.com','119.92.254.6','Mozilla/5.0 (Windows NT 10.0; Win64; x64) AppleWebKit/537.36 (KHTML, like Gecko) Chrome/147.0.0.0 Safari/537.36 Edg/147.0.0.0','SUCCESS','User logged out','2026-04-16 00:43:54',NULL),(1161,7,'sharmaenaTM95@gmail.com','119.92.254.6','Mozilla/5.0 (Windows NT 10.0; Win64; x64) AppleWebKit/537.36 (KHTML, like Gecko) Chrome/147.0.0.0 Safari/537.36 Edg/147.0.0.0','SUCCESS','Login successful','2026-04-16 00:44:07',NULL),(1162,7,'sharmaenaTM95@gmail.com','119.92.254.6','Mozilla/5.0 (Windows NT 10.0; Win64; x64) AppleWebKit/537.36 (KHTML, like Gecko) Chrome/147.0.0.0 Safari/537.36 Edg/147.0.0.0','SUCCESS','User logged out','2026-04-16 00:45:25',NULL),(1163,1,'rmramiso@debesmscat.edu.ph','119.92.254.6','Mozilla/5.0 (Windows NT 10.0; Win64; x64) AppleWebKit/537.36 (KHTML, like Gecko) Chrome/147.0.0.0 Safari/537.36 Edg/147.0.0.0','SUCCESS','Login successful','2026-04-16 00:45:34',NULL),(1164,1,'rmramiso@debesmscat.edu.ph','119.92.254.6','Mozilla/5.0 (Windows NT 10.0; Win64; x64) AppleWebKit/537.36 (KHTML, like Gecko) Chrome/147.0.0.0 Safari/537.36 Edg/147.0.0.0','SUCCESS','User logged out','2026-04-16 00:45:44',NULL),(1165,NULL,'admin@gmail.com','119.92.254.6','Mozilla/5.0 (Windows NT 10.0; Win64; x64) AppleWebKit/537.36 (KHTML, like Gecko) Chrome/147.0.0.0 Safari/537.36 Edg/147.0.0.0','FAILED','Email not found','2026-04-16 00:46:02',NULL),(1166,5,'taaguilar@debesmscat.edu.ph','119.92.254.6','Mozilla/5.0 (Windows NT 10.0; Win64; x64) AppleWebKit/537.36 (KHTML, like Gecko) Chrome/147.0.0.0 Safari/537.36 Edg/147.0.0.0','SUCCESS','Login successful','2026-04-16 00:46:18',NULL),(1167,5,'taaguilar@debesmscat.edu.ph','119.92.254.6','Mozilla/5.0 (Windows NT 10.0; Win64; x64) AppleWebKit/537.36 (KHTML, like Gecko) Chrome/147.0.0.0 Safari/537.36 Edg/147.0.0.0','SUCCESS','User logged out','2026-04-16 00:46:23',NULL),(1168,6,'jhiepot120584@gmail.com','119.92.254.6','Mozilla/5.0 (Windows NT 10.0; Win64; x64) AppleWebKit/537.36 (KHTML, like Gecko) Chrome/147.0.0.0 Safari/537.36 Edg/147.0.0.0','SUCCESS','Login successful','2026-04-16 00:46:31',NULL),(1169,6,'jhiepot120584@gmail.com','119.92.254.6','Mozilla/5.0 (Windows NT 10.0; Win64; x64) AppleWebKit/537.36 (KHTML, like Gecko) Chrome/147.0.0.0 Safari/537.36 Edg/147.0.0.0','SUCCESS','User logged out','2026-04-16 00:46:42',NULL),(1170,4,'rbello@gmail.com','119.92.254.6','Mozilla/5.0 (Windows NT 10.0; Win64; x64) AppleWebKit/537.36 (KHTML, like Gecko) Chrome/147.0.0.0 Safari/537.36 Edg/147.0.0.0','FAILED','Wrong password','2026-04-16 00:46:48',NULL),(1171,4,'rbello@gmail.com','119.92.254.6','Mozilla/5.0 (Windows NT 10.0; Win64; x64) AppleWebKit/537.36 (KHTML, like Gecko) Chrome/147.0.0.0 Safari/537.36 Edg/147.0.0.0','SUCCESS','Login successful','2026-04-16 00:46:53',NULL),(1172,4,'rbello@gmail.com','119.92.254.6','Mozilla/5.0 (Windows NT 10.0; Win64; x64) AppleWebKit/537.36 (KHTML, like Gecko) Chrome/147.0.0.0 Safari/537.36 Edg/147.0.0.0','SUCCESS','User logged out','2026-04-16 00:47:28',NULL),(1173,2,'daisyjean.castillo11@gmail.com','119.92.254.6','Mozilla/5.0 (Windows NT 10.0; Win64; x64) AppleWebKit/537.36 (KHTML, like Gecko) Chrome/147.0.0.0 Safari/537.36 Edg/147.0.0.0','SUCCESS','Login successful','2026-04-16 00:47:43',NULL),(1174,2,'daisyjean.castillo11@gmail.com','119.92.254.6','Mozilla/5.0 (Windows NT 10.0; Win64; x64) AppleWebKit/537.36 (KHTML, like Gecko) Chrome/147.0.0.0 Safari/537.36 Edg/147.0.0.0','SUCCESS','User logged out','2026-04-16 00:47:59',NULL),(1175,8,'daisyjean.castillo11@gmail.com','119.92.254.6','Mozilla/5.0 (Windows NT 10.0; Win64; x64) AppleWebKit/537.36 (KHTML, like Gecko) Chrome/147.0.0.0 Safari/537.36 Edg/147.0.0.0','SUCCESS','Login successful','2026-04-16 00:48:07',NULL),(1176,8,'daisyjean.castillo11@gmail.com','123.253.136.234','Mozilla/5.0 (Windows NT 10.0; Win64; x64) AppleWebKit/537.36 (KHTML, like Gecko) Chrome/147.0.0.0 Safari/537.36 Edg/147.0.0.0','SUCCESS','User logged out','2026-04-16 00:49:57',NULL),(1177,1,'rmramiso@debesmscat.edu.ph','123.253.136.234','Mozilla/5.0 (Windows NT 10.0; Win64; x64) AppleWebKit/537.36 (KHTML, like Gecko) Chrome/147.0.0.0 Safari/537.36 Edg/147.0.0.0','SUCCESS','Login successful','2026-04-16 00:50:05',NULL),(1178,1,'rmramiso@debesmscat.edu.ph','123.253.136.234','Mozilla/5.0 (Windows NT 10.0; Win64; x64) AppleWebKit/537.36 (KHTML, like Gecko) Chrome/147.0.0.0 Safari/537.36 Edg/147.0.0.0','SUCCESS','User logged out','2026-04-16 01:19:49',NULL),(1179,12,'rstoling@debesmscat.edu.ph','123.253.136.234','Mozilla/5.0 (Windows NT 10.0; Win64; x64) AppleWebKit/537.36 (KHTML, like Gecko) Chrome/147.0.0.0 Safari/537.36 Edg/147.0.0.0','SUCCESS','Login successful','2026-04-16 01:20:04',NULL),(1180,12,'rstoling@debesmscat.edu.ph','123.253.136.234','Mozilla/5.0 (Windows NT 10.0; Win64; x64) AppleWebKit/537.36 (KHTML, like Gecko) Chrome/147.0.0.0 Safari/537.36 Edg/147.0.0.0','SUCCESS','User logged out','2026-04-16 01:20:15',NULL),(1181,25,'yenlalaguna06@gmail.com','123.253.136.234','Mozilla/5.0 (Windows NT 10.0; Win64; x64) AppleWebKit/537.36 (KHTML, like Gecko) Chrome/147.0.0.0 Safari/537.36 Edg/147.0.0.0','SUCCESS','Login successful','2026-04-16 01:20:24',NULL),(1182,25,'yenlalaguna06@gmail.com','123.253.136.234','Mozilla/5.0 (Windows NT 10.0; Win64; x64) AppleWebKit/537.36 (KHTML, like Gecko) Chrome/147.0.0.0 Safari/537.36 Edg/147.0.0.0','SUCCESS','User logged out','2026-04-16 01:20:36',NULL),(1183,19,'jesaabelleromano@gmail.com','123.253.136.234','Mozilla/5.0 (Windows NT 10.0; Win64; x64) AppleWebKit/537.36 (KHTML, like Gecko) Chrome/147.0.0.0 Safari/537.36 Edg/147.0.0.0','SUCCESS','Login successful','2026-04-16 01:20:46',NULL),(1184,19,'jesaabelleromano@gmail.com','123.253.136.234','Mozilla/5.0 (Windows NT 10.0; Win64; x64) AppleWebKit/537.36 (KHTML, like Gecko) Chrome/147.0.0.0 Safari/537.36 Edg/147.0.0.0','SUCCESS','User logged out','2026-04-16 01:20:59',NULL),(1185,1,'rmramiso@debesmscat.edu.ph','123.253.136.234','Mozilla/5.0 (Windows NT 10.0; Win64; x64) AppleWebKit/537.36 (KHTML, like Gecko) Chrome/147.0.0.0 Safari/537.36 Edg/147.0.0.0','SUCCESS','Login successful','2026-04-16 01:21:06',NULL),(1186,1,'rmramiso@debesmscat.edu.ph','123.253.136.234','Mozilla/5.0 (Windows NT 10.0; Win64; x64) AppleWebKit/537.36 (KHTML, like Gecko) Chrome/147.0.0.0 Safari/537.36 Edg/147.0.0.0','SUCCESS','User logged out','2026-04-16 01:21:48',NULL),(1187,12,'rstoling@debesmscat.edu.ph','123.253.136.234','Mozilla/5.0 (Windows NT 10.0; Win64; x64) AppleWebKit/537.36 (KHTML, like Gecko) Chrome/147.0.0.0 Safari/537.36 Edg/147.0.0.0','SUCCESS','Login successful','2026-04-16 01:21:59',NULL),(1188,12,'rstoling@debesmscat.edu.ph','123.253.136.234','Mozilla/5.0 (Windows NT 10.0; Win64; x64) AppleWebKit/537.36 (KHTML, like Gecko) Chrome/147.0.0.0 Safari/537.36 Edg/147.0.0.0','SUCCESS','User logged out','2026-04-16 01:22:08',NULL),(1189,15,'rbello@gmail.com','123.253.136.234','Mozilla/5.0 (Windows NT 10.0; Win64; x64) AppleWebKit/537.36 (KHTML, like Gecko) Chrome/147.0.0.0 Safari/537.36 Edg/147.0.0.0','SUCCESS','Login successful','2026-04-16 01:22:13',NULL),(1190,15,'rbello@gmail.com','123.253.136.234','Mozilla/5.0 (Windows NT 10.0; Win64; x64) AppleWebKit/537.36 (KHTML, like Gecko) Chrome/147.0.0.0 Safari/537.36 Edg/147.0.0.0','SUCCESS','User logged out','2026-04-16 01:23:02',NULL),(1191,1,'rmramiso@debesmscat.edu.ph','123.253.136.234','Mozilla/5.0 (Windows NT 10.0; Win64; x64) AppleWebKit/537.36 (KHTML, like Gecko) Chrome/147.0.0.0 Safari/537.36 Edg/147.0.0.0','SUCCESS','Login successful','2026-04-16 01:23:12',NULL),(1192,1,'rmramiso@debesmscat.edu.ph','123.253.136.234','Mozilla/5.0 (Windows NT 10.0; Win64; x64) AppleWebKit/537.36 (KHTML, like Gecko) Chrome/147.0.0.0 Safari/537.36 Edg/147.0.0.0','SUCCESS','User logged out','2026-04-16 01:29:54',NULL),(1193,1,'admin@gmail.com','123.253.136.234','Mozilla/5.0 (Windows NT 10.0; Win64; x64) AppleWebKit/537.36 (KHTML, like Gecko) Chrome/147.0.0.0 Safari/537.36 Edg/147.0.0.0','SUCCESS','Login successful','2026-04-16 01:29:59',NULL),(1194,1,'admin@gmail.com','123.253.136.234','Mozilla/5.0 (Windows NT 10.0; Win64; x64) AppleWebKit/537.36 (KHTML, like Gecko) Chrome/147.0.0.0 Safari/537.36 Edg/147.0.0.0','SUCCESS','User logged out','2026-04-16 01:31:32',NULL),(1195,1,'rmramiso@debesmscat.edu.ph','123.253.136.234','Mozilla/5.0 (Windows NT 10.0; Win64; x64) AppleWebKit/537.36 (KHTML, like Gecko) Chrome/147.0.0.0 Safari/537.36 Edg/147.0.0.0','SUCCESS','Login successful','2026-04-16 01:31:39',NULL),(1196,1,'rmramiso@debesmscat.edu.ph','123.253.136.234','Mozilla/5.0 (Windows NT 10.0; Win64; x64) AppleWebKit/537.36 (KHTML, like Gecko) Chrome/147.0.0.0 Safari/537.36 Edg/147.0.0.0','SUCCESS','Changed status from \'For Verification\' to \'Verified\' for faculty ID 7 (task ID 14)','2026-04-16 01:32:57',NULL),(1197,1,'rmramiso@debesmscat.edu.ph','123.253.136.234','Mozilla/5.0 (Windows NT 10.0; Win64; x64) AppleWebKit/537.36 (KHTML, like Gecko) Chrome/147.0.0.0 Safari/537.36 Edg/147.0.0.0','SUCCESS','Changed status from \'For Verification\' to \'Verified\' for faculty ID 7 (task ID 11)','2026-04-16 01:33:00',NULL),(1198,1,'rmramiso@debesmscat.edu.ph','123.253.136.234','Mozilla/5.0 (Windows NT 10.0; Win64; x64) AppleWebKit/537.36 (KHTML, like Gecko) Chrome/147.0.0.0 Safari/537.36 Edg/147.0.0.0','SUCCESS','Changed status from \'For Verification\' to \'Verified\' for faculty ID 7 (task ID 23)','2026-04-16 01:33:02',NULL),(1199,1,'rmramiso@debesmscat.edu.ph','123.253.136.234','Mozilla/5.0 (Windows NT 10.0; Win64; x64) AppleWebKit/537.36 (KHTML, like Gecko) Chrome/147.0.0.0 Safari/537.36 Edg/147.0.0.0','SUCCESS','User logged out','2026-04-16 01:37:02',NULL),(1200,1,'admin@gmail.com','123.253.136.234','Mozilla/5.0 (Windows NT 10.0; Win64; x64) AppleWebKit/537.36 (KHTML, like Gecko) Chrome/147.0.0.0 Safari/537.36 Edg/147.0.0.0','SUCCESS','Login successful','2026-04-16 01:37:12',NULL),(1201,1,'rmramiso@debesmscat.edu.ph','123.253.136.33','Mozilla/5.0 (Windows NT 10.0; Win64; x64) AppleWebKit/537.36 (KHTML, like Gecko) Chrome/147.0.0.0 Safari/537.36 Edg/147.0.0.0','SUCCESS','Login successful','2026-04-16 01:37:54',NULL),(1202,1,'rmramiso@debesmscat.edu.ph','123.253.136.34','Mozilla/5.0 (Windows NT 10.0; Win64; x64) AppleWebKit/537.36 (KHTML, like Gecko) Chrome/147.0.0.0 Safari/537.36 Edg/147.0.0.0','SUCCESS','User logged out','2026-04-16 01:41:00',NULL),(1203,6,'ndstombocon@debesmscat.edu.ph','123.253.136.34','Mozilla/5.0 (Windows NT 10.0; Win64; x64) AppleWebKit/537.36 (KHTML, like Gecko) Chrome/147.0.0.0 Safari/537.36 Edg/147.0.0.0','SUCCESS','Login successful','2026-04-16 01:41:04',NULL),(1204,6,'ndstombocon@debesmscat.edu.ph','123.253.136.34','Mozilla/5.0 (Windows NT 10.0; Win64; x64) AppleWebKit/537.36 (KHTML, like Gecko) Chrome/147.0.0.0 Safari/537.36 Edg/147.0.0.0','SUCCESS','User logged out','2026-04-16 01:42:24',NULL),(1205,5,'taaguilar@debesmscat.edu.ph','123.253.136.34','Mozilla/5.0 (Windows NT 10.0; Win64; x64) AppleWebKit/537.36 (KHTML, like Gecko) Chrome/147.0.0.0 Safari/537.36 Edg/147.0.0.0','SUCCESS','Login successful','2026-04-16 01:42:34',NULL),(1206,5,'taaguilar@debesmscat.edu.ph','123.253.136.34','Mozilla/5.0 (Windows NT 10.0; Win64; x64) AppleWebKit/537.36 (KHTML, like Gecko) Chrome/147.0.0.0 Safari/537.36 Edg/147.0.0.0','SUCCESS','Changed status from \'For Verification\' to \'For Verification\' for faculty ID 6 (task ID 16)','2026-04-16 01:42:48',NULL),(1207,5,'taaguilar@debesmscat.edu.ph','123.253.136.34','Mozilla/5.0 (Windows NT 10.0; Win64; x64) AppleWebKit/537.36 (KHTML, like Gecko) Chrome/147.0.0.0 Safari/537.36 Edg/147.0.0.0','SUCCESS','Changed status from \'For Verification\' to \'Verified\' for faculty ID 6 (task ID 3)','2026-04-16 01:43:01',NULL),(1208,5,'taaguilar@debesmscat.edu.ph','123.253.136.34','Mozilla/5.0 (Windows NT 10.0; Win64; x64) AppleWebKit/537.36 (KHTML, like Gecko) Chrome/147.0.0.0 Safari/537.36 Edg/147.0.0.0','SUCCESS','Changed status from \'For Verification\' to \'Verified\' for faculty ID 6 (task ID 2)','2026-04-16 01:43:07',NULL),(1209,5,'taaguilar@debesmscat.edu.ph','123.253.136.34','Mozilla/5.0 (Windows NT 10.0; Win64; x64) AppleWebKit/537.36 (KHTML, like Gecko) Chrome/147.0.0.0 Safari/537.36 Edg/147.0.0.0','SUCCESS','Changed status from \'For Verification\' to \'Verified\' for faculty ID 6 (task ID 16)','2026-04-16 01:43:52',NULL),(1210,5,'taaguilar@debesmscat.edu.ph','119.92.254.6','Mozilla/5.0 (Windows NT 10.0; Win64; x64) AppleWebKit/537.36 (KHTML, like Gecko) Chrome/147.0.0.0 Safari/537.36 Edg/147.0.0.0','SUCCESS','User logged out','2026-04-16 01:45:40',NULL),(1211,14,'taaguilar@debesmscat.edu.ph','119.92.254.6','Mozilla/5.0 (Windows NT 10.0; Win64; x64) AppleWebKit/537.36 (KHTML, like Gecko) Chrome/147.0.0.0 Safari/537.36 Edg/147.0.0.0','SUCCESS','Login successful','2026-04-16 01:45:57',NULL),(1212,14,'taaguilar@debesmscat.edu.ph','119.92.254.6','Mozilla/5.0 (Windows NT 10.0; Win64; x64) AppleWebKit/537.36 (KHTML, like Gecko) Chrome/147.0.0.0 Safari/537.36 Edg/147.0.0.0','SUCCESS','User logged out','2026-04-16 01:46:20',NULL),(1213,6,'ndstombocon@debesmscat.edu.ph','119.92.254.6','Mozilla/5.0 (Windows NT 10.0; Win64; x64) AppleWebKit/537.36 (KHTML, like Gecko) Chrome/147.0.0.0 Safari/537.36 Edg/147.0.0.0','SUCCESS','Login successful','2026-04-16 01:46:29',NULL),(1214,6,'ndstombocon@debesmscat.edu.ph','119.92.254.6','Mozilla/5.0 (Windows NT 10.0; Win64; x64) AppleWebKit/537.36 (KHTML, like Gecko) Chrome/147.0.0.0 Safari/537.36 Edg/147.0.0.0','SUCCESS','User logged out','2026-04-16 01:48:07',NULL),(1215,5,'taaguilar@debesmscat.edu.ph','119.92.254.6','Mozilla/5.0 (Windows NT 10.0; Win64; x64) AppleWebKit/537.36 (KHTML, like Gecko) Chrome/147.0.0.0 Safari/537.36 Edg/147.0.0.0','SUCCESS','Login successful','2026-04-16 01:48:14',NULL),(1216,5,'taaguilar@debesmscat.edu.ph','119.92.254.6','Mozilla/5.0 (Windows NT 10.0; Win64; x64) AppleWebKit/537.36 (KHTML, like Gecko) Chrome/147.0.0.0 Safari/537.36 Edg/147.0.0.0','SUCCESS','User logged out','2026-04-16 01:49:21',NULL),(1217,7,'sharmaenaTM95@gmail.com','119.92.254.6','Mozilla/5.0 (Windows NT 10.0; Win64; x64) AppleWebKit/537.36 (KHTML, like Gecko) Chrome/147.0.0.0 Safari/537.36 Edg/147.0.0.0','SUCCESS','Login successful','2026-04-16 01:49:33',NULL),(1218,7,'sharmaenaTM95@gmail.com','123.253.136.33','Mozilla/5.0 (Windows NT 10.0; Win64; x64) AppleWebKit/537.36 (KHTML, like Gecko) Chrome/147.0.0.0 Safari/537.36 Edg/147.0.0.0','SUCCESS','User logged out','2026-04-16 01:50:21',NULL),(1219,17,'mcastro@debesmscat.edu.ph','123.253.136.33','Mozilla/5.0 (Windows NT 10.0; Win64; x64) AppleWebKit/537.36 (KHTML, like Gecko) Chrome/147.0.0.0 Safari/537.36 Edg/147.0.0.0','SUCCESS','Login successful','2026-04-16 01:50:47',NULL),(1220,17,'mcastro@debesmscat.edu.ph','123.253.136.33','Mozilla/5.0 (Windows NT 10.0; Win64; x64) AppleWebKit/537.36 (KHTML, like Gecko) Chrome/147.0.0.0 Safari/537.36 Edg/147.0.0.0','SUCCESS','User logged out','2026-04-16 01:51:42',NULL),(1221,21,'alfredpunay@gmail.com','123.253.136.33','Mozilla/5.0 (Windows NT 10.0; Win64; x64) AppleWebKit/537.36 (KHTML, like Gecko) Chrome/147.0.0.0 Safari/537.36 Edg/147.0.0.0','SUCCESS','Login successful','2026-04-16 01:51:52',NULL),(1222,1,'admin@gmail.com','123.253.136.33','Mozilla/5.0 (Windows NT 10.0; Win64; x64) AppleWebKit/537.36 (KHTML, like Gecko) Chrome/147.0.0.0 Safari/537.36 Edg/147.0.0.0','SUCCESS','Session expired due to inactivity','2026-04-16 02:27:00',NULL),(1223,21,'alfredpunay@gmail.com','123.253.136.34','Mozilla/5.0 (Windows NT 10.0; Win64; x64) AppleWebKit/537.36 (KHTML, like Gecko) Chrome/147.0.0.0 Safari/537.36 Edg/147.0.0.0','SUCCESS','User logged out','2026-04-16 03:31:38',NULL),(1224,NULL,'rowelyn1275@gmail.com','103.235.95.116','Mozilla/5.0 (Windows NT 10.0; Win64; x64) AppleWebKit/537.36 (KHTML, like Gecko) Chrome/146.0.0.0 Safari/537.36','FAILED','Email not found','2026-04-16 03:39:37',NULL),(1225,NULL,'rowelyn1275@gmail.com','103.235.95.116','Mozilla/5.0 (Windows NT 10.0; Win64; x64) AppleWebKit/537.36 (KHTML, like Gecko) Chrome/146.0.0.0 Safari/537.36','FAILED','Email not found','2026-04-16 03:39:56',NULL),(1226,1,'rmramiso@debesmscat.edu.ph','103.235.95.116','Mozilla/5.0 (Windows NT 10.0; Win64; x64) AppleWebKit/537.36 (KHTML, like Gecko) Chrome/146.0.0.0 Safari/537.36','SUCCESS','Login successful','2026-04-16 03:40:55',NULL),(1227,9,'rmramiso@debesmscat.edu.ph','123.253.136.234','Mozilla/5.0 (Windows NT 10.0; Win64; x64) AppleWebKit/537.36 (KHTML, like Gecko) Chrome/147.0.0.0 Safari/537.36 Edg/147.0.0.0','FAILED','Account not activated','2026-04-16 05:11:31',NULL),(1228,1,'rmramiso@debesmscat.edu.ph','123.253.136.234','Mozilla/5.0 (Windows NT 10.0; Win64; x64) AppleWebKit/537.36 (KHTML, like Gecko) Chrome/147.0.0.0 Safari/537.36 Edg/147.0.0.0','FAILED','Wrong password','2026-04-16 05:11:35',NULL),(1229,1,'rmramiso@debesmscat.edu.ph','123.253.136.234','Mozilla/5.0 (Windows NT 10.0; Win64; x64) AppleWebKit/537.36 (KHTML, like Gecko) Chrome/147.0.0.0 Safari/537.36 Edg/147.0.0.0','SUCCESS','Login successful','2026-04-16 05:11:41',NULL),(1230,15,'rbello@gmail.com','123.253.136.34','Mozilla/5.0 (Windows NT 10.0; Win64; x64) AppleWebKit/537.36 (KHTML, like Gecko) Chrome/147.0.0.0 Safari/537.36 Edg/147.0.0.0','SUCCESS','Login successful','2026-04-16 05:12:08',NULL),(1231,1,'rmramiso@debesmscat.edu.ph','123.253.136.234','Mozilla/5.0 (Windows NT 10.0; Win64; x64) AppleWebKit/537.36 (KHTML, like Gecko) Chrome/147.0.0.0 Safari/537.36 Edg/147.0.0.0','SUCCESS','User logged out','2026-04-16 05:12:44',NULL),(1232,1,'admin@gmail.com','123.253.136.234','Mozilla/5.0 (Windows NT 10.0; Win64; x64) AppleWebKit/537.36 (KHTML, like Gecko) Chrome/147.0.0.0 Safari/537.36 Edg/147.0.0.0','SUCCESS','Login successful','2026-04-16 05:12:54',NULL),(1233,1,'admin@gmail.com','175.158.214.240','Mozilla/5.0 (Windows NT 10.0; Win64; x64) AppleWebKit/537.36 (KHTML, like Gecko) Chrome/147.0.0.0 Safari/537.36 Edg/147.0.0.0','SUCCESS','Session expired due to inactivity','2026-04-16 05:50:53',NULL),(1234,1,'admin@gmail.com','123.253.136.34','Mozilla/5.0 (Windows NT 10.0; Win64; x64) AppleWebKit/537.36 (KHTML, like Gecko) Chrome/147.0.0.0 Safari/537.36 Edg/147.0.0.0','SUCCESS','Login successful','2026-04-16 06:05:48',NULL),(1235,8,'daisyjean.castillo11@gmail.com','119.92.254.6','Mozilla/5.0 (Windows NT 10.0; Win64; x64) AppleWebKit/537.36 (KHTML, like Gecko) Chrome/147.0.0.0 Safari/537.36 Edg/147.0.0.0','SUCCESS','Login successful','2026-04-16 06:13:08',NULL),(1236,8,'daisyjean.castillo11@gmail.com','119.92.254.6','Mozilla/5.0 (Windows NT 10.0; Win64; x64) AppleWebKit/537.36 (KHTML, like Gecko) Chrome/147.0.0.0 Safari/537.36 Edg/147.0.0.0','SUCCESS','User logged out','2026-04-16 06:14:10',NULL),(1237,1,'admin@gmail.com','119.92.254.6','Mozilla/5.0 (Windows NT 10.0; Win64; x64) AppleWebKit/537.36 (KHTML, like Gecko) Chrome/147.0.0.0 Safari/537.36 Edg/147.0.0.0','SUCCESS','Session expired due to inactivity','2026-04-16 06:51:18',NULL),(1238,23,'mhermoso@debesmscat.edu.ph','123.253.136.33','Mozilla/5.0 (Windows NT 10.0; Win64; x64) AppleWebKit/537.36 (KHTML, like Gecko) Chrome/147.0.0.0 Safari/537.36 Edg/147.0.0.0','SUCCESS','Login successful','2026-04-16 09:32:38',NULL),(1239,23,'mhermoso@debesmscat.edu.ph','123.253.136.33','Mozilla/5.0 (Windows NT 10.0; Win64; x64) AppleWebKit/537.36 (KHTML, like Gecko) Chrome/147.0.0.0 Safari/537.36 Edg/147.0.0.0','SUCCESS','User logged out','2026-04-16 09:34:58',NULL),(1240,4,'rbello@gmail.com','123.253.136.33','Mozilla/5.0 (Windows NT 10.0; Win64; x64) AppleWebKit/537.36 (KHTML, like Gecko) Chrome/147.0.0.0 Safari/537.36 Edg/147.0.0.0','FAILED','Wrong password','2026-04-16 09:35:15',NULL),(1241,4,'rbello@gmail.com','123.253.136.33','Mozilla/5.0 (Windows NT 10.0; Win64; x64) AppleWebKit/537.36 (KHTML, like Gecko) Chrome/147.0.0.0 Safari/537.36 Edg/147.0.0.0','SUCCESS','Login successful','2026-04-16 09:35:21',NULL),(1242,1,'admin@gmail.com','123.253.136.234','Mozilla/5.0 (Windows NT 10.0; Win64; x64) AppleWebKit/537.36 (KHTML, like Gecko) Chrome/147.0.0.0 Safari/537.36 Edg/147.0.0.0','SUCCESS','Login successful','2026-04-16 09:40:21',NULL),(1243,4,'rbello@gmail.com','119.92.254.6','Mozilla/5.0 (Windows NT 10.0; Win64; x64) AppleWebKit/537.36 (KHTML, like Gecko) Chrome/147.0.0.0 Safari/537.36 Edg/147.0.0.0','SUCCESS','User logged out','2026-04-16 09:45:16',NULL),(1244,23,'mhermoso@debesmscat.edu.ph','119.92.254.6','Mozilla/5.0 (Windows NT 10.0; Win64; x64) AppleWebKit/537.36 (KHTML, like Gecko) Chrome/147.0.0.0 Safari/537.36 Edg/147.0.0.0','SUCCESS','Login successful','2026-04-16 09:45:22',NULL),(1245,1,'admin@gmail.com','123.253.136.34','Mozilla/5.0 (Windows NT 10.0; Win64; x64) AppleWebKit/537.36 (KHTML, like Gecko) Chrome/147.0.0.0 Safari/537.36 Edg/147.0.0.0','SUCCESS','Session expired due to inactivity','2026-04-16 09:58:04',NULL),(1246,1,'admin@gmail.com','123.253.136.34','Mozilla/5.0 (Windows NT 10.0; Win64; x64) AppleWebKit/537.36 (KHTML, like Gecko) Chrome/147.0.0.0 Safari/537.36 Edg/147.0.0.0','SUCCESS','Login successful','2026-04-16 09:58:10',NULL),(1247,23,'mhermoso@debesmscat.edu.ph','119.92.254.6','Mozilla/5.0 (Windows NT 10.0; Win64; x64) AppleWebKit/537.36 (KHTML, like Gecko) Chrome/147.0.0.0 Safari/537.36 Edg/147.0.0.0','SUCCESS','Session expired due to inactivity','2026-04-16 10:45:58',NULL),(1248,23,'mhermoso@debesmscat.edu.ph','123.253.136.33','Mozilla/5.0 (Windows NT 10.0; Win64; x64) AppleWebKit/537.36 (KHTML, like Gecko) Chrome/147.0.0.0 Safari/537.36 Edg/147.0.0.0','SUCCESS','Login successful','2026-04-16 10:49:49',NULL),(1249,23,'mhermoso@debesmscat.edu.ph','175.158.213.148','Mozilla/5.0 (Windows NT 10.0; Win64; x64) AppleWebKit/537.36 (KHTML, like Gecko) Chrome/147.0.0.0 Safari/537.36 Edg/147.0.0.0','SUCCESS','Login successful','2026-04-16 11:55:19',NULL),(1250,4,'rbello@gmail.com','175.158.213.148','Mozilla/5.0 (Windows NT 10.0; Win64; x64) AppleWebKit/537.36 (KHTML, like Gecko) Chrome/147.0.0.0 Safari/537.36 Edg/147.0.0.0','SUCCESS','Login successful','2026-04-16 11:58:05',NULL),(1251,23,'mhermoso@debesmscat.edu.ph','175.158.213.148','Mozilla/5.0 (Windows NT 10.0; Win64; x64) AppleWebKit/537.36 (KHTML, like Gecko) Chrome/147.0.0.0 Safari/537.36 Edg/147.0.0.0','SUCCESS','User logged out','2026-04-16 12:08:29',NULL),(1252,1,'rmramiso@debesmscat.edu.ph','175.158.213.148','Mozilla/5.0 (Windows NT 10.0; Win64; x64) AppleWebKit/537.36 (KHTML, like Gecko) Chrome/147.0.0.0 Safari/537.36 Edg/147.0.0.0','SUCCESS','Login successful','2026-04-16 12:08:39',NULL),(1253,1,'rmramiso@debesmscat.edu.ph','175.158.213.148','Mozilla/5.0 (Windows NT 10.0; Win64; x64) AppleWebKit/537.36 (KHTML, like Gecko) Chrome/147.0.0.0 Safari/537.36 Edg/147.0.0.0','SUCCESS','User logged out','2026-04-16 12:10:34',NULL),(1254,1,'rmramiso@debesmscat.edu.ph','175.158.213.148','Mozilla/5.0 (Windows NT 10.0; Win64; x64) AppleWebKit/537.36 (KHTML, like Gecko) Chrome/147.0.0.0 Safari/537.36 Edg/147.0.0.0','FAILED','Wrong password','2026-04-16 12:10:56',NULL),(1255,NULL,'mhermoso@debesmscat.edu.ph','175.158.213.148','Mozilla/5.0 (Windows NT 10.0; Win64; x64) AppleWebKit/537.36 (KHTML, like Gecko) Chrome/147.0.0.0 Safari/537.36 Edg/147.0.0.0','FAILED','Email not found','2026-04-16 12:13:01',NULL),(1256,23,'mhermoso@debesmscat.edu.ph','175.158.213.148','Mozilla/5.0 (Windows NT 10.0; Win64; x64) AppleWebKit/537.36 (KHTML, like Gecko) Chrome/147.0.0.0 Safari/537.36 Edg/147.0.0.0','SUCCESS','Login successful','2026-04-16 12:13:14',NULL),(1257,4,'rbello@gmail.com','175.158.213.148','Mozilla/5.0 (Windows NT 10.0; Win64; x64) AppleWebKit/537.36 (KHTML, like Gecko) Chrome/147.0.0.0 Safari/537.36 Edg/147.0.0.0','SUCCESS','User logged out','2026-04-16 12:13:25',NULL),(1258,1,'admin@gmail.com','175.158.213.148','Mozilla/5.0 (Windows NT 10.0; Win64; x64) AppleWebKit/537.36 (KHTML, like Gecko) Chrome/147.0.0.0 Safari/537.36 Edg/147.0.0.0','SUCCESS','Login successful','2026-04-16 12:13:31',NULL),(1259,1,'admin@gmail.com','123.253.136.234','Mozilla/5.0 (Windows NT 10.0; Win64; x64) AppleWebKit/537.36 (KHTML, like Gecko) Chrome/147.0.0.0 Safari/537.36 Edg/147.0.0.0','SUCCESS','Login successful','2026-04-16 23:59:34',NULL),(1260,1,'admin@gmail.com','123.253.136.234','Mozilla/5.0 (Windows NT 10.0; Win64; x64) AppleWebKit/537.36 (KHTML, like Gecko) Chrome/147.0.0.0 Safari/537.36 Edg/147.0.0.0','SUCCESS','User logged out','2026-04-16 23:59:46',NULL),(1261,15,'rbello@gmail.com','123.253.136.234','Mozilla/5.0 (Windows NT 10.0; Win64; x64) AppleWebKit/537.36 (KHTML, like Gecko) Chrome/147.0.0.0 Safari/537.36 Edg/147.0.0.0','SUCCESS','Login successful','2026-04-16 23:59:51',NULL),(1262,15,'rbello@gmail.com','123.253.136.234','Mozilla/5.0 (Windows NT 10.0; Win64; x64) AppleWebKit/537.36 (KHTML, like Gecko) Chrome/147.0.0.0 Safari/537.36 Edg/147.0.0.0','SUCCESS','User logged out','2026-04-17 00:01:30',NULL),(1263,4,'rbello@gmail.com','123.253.136.234','Mozilla/5.0 (Windows NT 10.0; Win64; x64) AppleWebKit/537.36 (KHTML, like Gecko) Chrome/147.0.0.0 Safari/537.36 Edg/147.0.0.0','FAILED','Wrong password','2026-04-17 00:01:33',NULL),(1264,4,'rbello@gmail.com','123.253.136.234','Mozilla/5.0 (Windows NT 10.0; Win64; x64) AppleWebKit/537.36 (KHTML, like Gecko) Chrome/147.0.0.0 Safari/537.36 Edg/147.0.0.0','SUCCESS','Login successful','2026-04-17 00:01:38',NULL),(1265,4,'rbello@gmail.com','123.253.136.234','Mozilla/5.0 (Windows NT 10.0; Win64; x64) AppleWebKit/537.36 (KHTML, like Gecko) Chrome/147.0.0.0 Safari/537.36 Edg/147.0.0.0','SUCCESS','User logged out','2026-04-17 00:01:45',NULL),(1266,15,'rbello@gmail.com','123.253.136.234','Mozilla/5.0 (Windows NT 10.0; Win64; x64) AppleWebKit/537.36 (KHTML, like Gecko) Chrome/147.0.0.0 Safari/537.36 Edg/147.0.0.0','SUCCESS','Login successful','2026-04-17 00:01:49',NULL),(1267,15,'rbello@gmail.com','119.92.254.6','Mozilla/5.0 (Windows NT 10.0; Win64; x64) AppleWebKit/537.36 (KHTML, like Gecko) Chrome/147.0.0.0 Safari/537.36 Edg/147.0.0.0','SUCCESS','User logged out','2026-04-17 00:04:40',NULL),(1268,23,'mhermoso@debesmscat.edu.ph','119.92.254.6','Mozilla/5.0 (Windows NT 10.0; Win64; x64) AppleWebKit/537.36 (KHTML, like Gecko) Chrome/147.0.0.0 Safari/537.36 Edg/147.0.0.0','SUCCESS','Login successful','2026-04-17 00:15:33',NULL),(1269,23,'mhermoso@debesmscat.edu.ph','119.92.254.6','Mozilla/5.0 (Windows NT 10.0; Win64; x64) AppleWebKit/537.36 (KHTML, like Gecko) Chrome/147.0.0.0 Safari/537.36 Edg/147.0.0.0','SUCCESS','User logged out','2026-04-17 00:15:44',NULL),(1270,15,'rbello@gmail.com','119.92.254.6','Mozilla/5.0 (Windows NT 10.0; Win64; x64) AppleWebKit/537.36 (KHTML, like Gecko) Chrome/147.0.0.0 Safari/537.36 Edg/147.0.0.0','SUCCESS','Login successful','2026-04-17 00:15:49',NULL),(1271,15,'rbello@gmail.com','123.253.136.33','Mozilla/5.0 (Windows NT 10.0; Win64; x64) AppleWebKit/537.36 (KHTML, like Gecko) Chrome/147.0.0.0 Safari/537.36 Edg/147.0.0.0','SUCCESS','User logged out','2026-04-17 00:21:42',NULL),(1272,4,'rbello@gmail.com','123.253.136.33','Mozilla/5.0 (Windows NT 10.0; Win64; x64) AppleWebKit/537.36 (KHTML, like Gecko) Chrome/147.0.0.0 Safari/537.36 Edg/147.0.0.0','SUCCESS','Login successful','2026-04-17 00:21:47',NULL),(1273,23,'mhermoso@debesmscat.edu.ph','123.253.136.234','Mozilla/5.0 (Windows NT 10.0; Win64; x64) AppleWebKit/537.36 (KHTML, like Gecko) Chrome/147.0.0.0 Safari/537.36 Edg/147.0.0.0','SUCCESS','Login successful','2026-04-17 00:25:41',NULL),(1274,4,'rbello@gmail.com','119.92.254.6','Mozilla/5.0 (Windows NT 10.0; Win64; x64) AppleWebKit/537.36 (KHTML, like Gecko) Chrome/147.0.0.0 Safari/537.36 Edg/147.0.0.0','SUCCESS','User logged out','2026-04-17 00:37:16',NULL),(1275,1,'admin@gmail.com','119.92.254.6','Mozilla/5.0 (Windows NT 10.0; Win64; x64) AppleWebKit/537.36 (KHTML, like Gecko) Chrome/147.0.0.0 Safari/537.36 Edg/147.0.0.0','SUCCESS','Login successful','2026-04-17 00:37:21',NULL),(1276,23,'mhermoso@debesmscat.edu.ph','119.92.254.6','Mozilla/5.0 (Windows NT 10.0; Win64; x64) AppleWebKit/537.36 (KHTML, like Gecko) Chrome/147.0.0.0 Safari/537.36 Edg/147.0.0.0','SUCCESS','Session expired due to inactivity','2026-04-17 01:19:55',NULL),(1277,23,'mhermoso@debesmscat.edu.ph','119.92.254.6','Mozilla/5.0 (Windows NT 10.0; Win64; x64) AppleWebKit/537.36 (KHTML, like Gecko) Chrome/147.0.0.0 Safari/537.36 Edg/147.0.0.0','SUCCESS','Login successful','2026-04-17 01:19:59',NULL),(1278,23,'mhermoso@debesmscat.edu.ph','119.92.254.6','Mozilla/5.0 (Windows NT 10.0; Win64; x64) AppleWebKit/537.36 (KHTML, like Gecko) Chrome/147.0.0.0 Safari/537.36 Edg/147.0.0.0','SUCCESS','User logged out','2026-04-17 01:26:13',NULL),(1279,15,'rbello@gmail.com','119.92.254.6','Mozilla/5.0 (Windows NT 10.0; Win64; x64) AppleWebKit/537.36 (KHTML, like Gecko) Chrome/147.0.0.0 Safari/537.36 Edg/147.0.0.0','SUCCESS','Login successful','2026-04-17 01:26:17',NULL),(1280,1,'admin@gmail.com','119.92.254.6','Mozilla/5.0 (Windows NT 10.0; Win64; x64) AppleWebKit/537.36 (KHTML, like Gecko) Chrome/147.0.0.0 Safari/537.36 Edg/147.0.0.0','SUCCESS','Session expired due to inactivity','2026-04-17 01:30:23',NULL),(1281,15,'rbello@gmail.com','123.253.136.234','Mozilla/5.0 (Windows NT 10.0; Win64; x64) AppleWebKit/537.36 (KHTML, like Gecko) Chrome/147.0.0.0 Safari/537.36 Edg/147.0.0.0','SUCCESS','User logged out','2026-04-17 01:30:52',NULL),(1282,23,'mhermoso@debesmscat.edu.ph','123.253.136.234','Mozilla/5.0 (Windows NT 10.0; Win64; x64) AppleWebKit/537.36 (KHTML, like Gecko) Chrome/147.0.0.0 Safari/537.36 Edg/147.0.0.0','SUCCESS','Login successful','2026-04-17 01:30:55',NULL),(1283,23,'mhermoso@debesmscat.edu.ph','123.253.136.234','Mozilla/5.0 (Windows NT 10.0; Win64; x64) AppleWebKit/537.36 (KHTML, like Gecko) Chrome/147.0.0.0 Safari/537.36 Edg/147.0.0.0','SUCCESS','User logged out','2026-04-17 01:31:21',NULL),(1284,21,'alfredpunay@gmail.com','123.253.136.234','Mozilla/5.0 (Windows NT 10.0; Win64; x64) AppleWebKit/537.36 (KHTML, like Gecko) Chrome/147.0.0.0 Safari/537.36 Edg/147.0.0.0','SUCCESS','Login successful','2026-04-17 01:31:26',NULL),(1285,21,'alfredpunay@gmail.com','123.253.136.234','Mozilla/5.0 (Windows NT 10.0; Win64; x64) AppleWebKit/537.36 (KHTML, like Gecko) Chrome/147.0.0.0 Safari/537.36 Edg/147.0.0.0','SUCCESS','User logged out','2026-04-17 01:34:09',NULL),(1286,19,'jesaabelleromano@gmail.com','123.253.136.234','Mozilla/5.0 (Windows NT 10.0; Win64; x64) AppleWebKit/537.36 (KHTML, like Gecko) Chrome/147.0.0.0 Safari/537.36 Edg/147.0.0.0','SUCCESS','Login successful','2026-04-17 01:34:13',NULL),(1287,19,'jesaabelleromano@gmail.com','123.253.136.234','Mozilla/5.0 (Windows NT 10.0; Win64; x64) AppleWebKit/537.36 (KHTML, like Gecko) Chrome/147.0.0.0 Safari/537.36 Edg/147.0.0.0','SUCCESS','User logged out','2026-04-17 01:35:09',NULL),(1288,17,'mcastro@debesmscat.edu.ph','123.253.136.234','Mozilla/5.0 (Windows NT 10.0; Win64; x64) AppleWebKit/537.36 (KHTML, like Gecko) Chrome/147.0.0.0 Safari/537.36 Edg/147.0.0.0','FAILED','Wrong password','2026-04-17 01:35:13',NULL),(1289,17,'mcastro@debesmscat.edu.ph','123.253.136.234','Mozilla/5.0 (Windows NT 10.0; Win64; x64) AppleWebKit/537.36 (KHTML, like Gecko) Chrome/147.0.0.0 Safari/537.36 Edg/147.0.0.0','SUCCESS','Login successful','2026-04-17 01:35:19',NULL),(1290,17,'mcastro@debesmscat.edu.ph','123.253.136.234','Mozilla/5.0 (Windows NT 10.0; Win64; x64) AppleWebKit/537.36 (KHTML, like Gecko) Chrome/147.0.0.0 Safari/537.36 Edg/147.0.0.0','SUCCESS','User logged out','2026-04-17 01:36:29',NULL),(1291,25,'yenlalaguna06@gmail.com','123.253.136.234','Mozilla/5.0 (Windows NT 10.0; Win64; x64) AppleWebKit/537.36 (KHTML, like Gecko) Chrome/147.0.0.0 Safari/537.36 Edg/147.0.0.0','SUCCESS','Login successful','2026-04-17 01:36:35',NULL),(1292,25,'yenlalaguna06@gmail.com','119.92.254.6','Mozilla/5.0 (Windows NT 10.0; Win64; x64) AppleWebKit/537.36 (KHTML, like Gecko) Chrome/147.0.0.0 Safari/537.36 Edg/147.0.0.0','SUCCESS','User logged out','2026-04-17 01:50:29',NULL),(1293,23,'mhermoso@debesmscat.edu.ph','119.92.254.6','Mozilla/5.0 (Windows NT 10.0; Win64; x64) AppleWebKit/537.36 (KHTML, like Gecko) Chrome/147.0.0.0 Safari/537.36 Edg/147.0.0.0','SUCCESS','Login successful','2026-04-17 01:50:35',NULL),(1294,23,'mhermoso@debesmscat.edu.ph','119.92.254.6','Mozilla/5.0 (Windows NT 10.0; Win64; x64) AppleWebKit/537.36 (KHTML, like Gecko) Chrome/147.0.0.0 Safari/537.36 Edg/147.0.0.0','SUCCESS','User logged out','2026-04-17 01:52:42',NULL),(1295,15,'rbello@gmail.com','119.92.254.6','Mozilla/5.0 (Windows NT 10.0; Win64; x64) AppleWebKit/537.36 (KHTML, like Gecko) Chrome/147.0.0.0 Safari/537.36 Edg/147.0.0.0','SUCCESS','Login successful','2026-04-17 01:52:46',NULL),(1296,15,'rbello@gmail.com','119.92.254.6','Mozilla/5.0 (Windows NT 10.0; Win64; x64) AppleWebKit/537.36 (KHTML, like Gecko) Chrome/147.0.0.0 Safari/537.36 Edg/147.0.0.0','SUCCESS','User logged out','2026-04-17 02:10:56',NULL),(1297,4,'rbello@gmail.com','119.92.254.6','Mozilla/5.0 (Windows NT 10.0; Win64; x64) AppleWebKit/537.36 (KHTML, like Gecko) Chrome/147.0.0.0 Safari/537.36 Edg/147.0.0.0','SUCCESS','Login successful','2026-04-17 02:11:06',NULL),(1298,4,'rbello@gmail.com','119.92.254.6','Mozilla/5.0 (Windows NT 10.0; Win64; x64) AppleWebKit/537.36 (KHTML, like Gecko) Chrome/147.0.0.0 Safari/537.36 Edg/147.0.0.0','SUCCESS','User logged out','2026-04-17 02:14:05',NULL),(1299,15,'rbello@gmail.com','119.92.254.6','Mozilla/5.0 (Windows NT 10.0; Win64; x64) AppleWebKit/537.36 (KHTML, like Gecko) Chrome/147.0.0.0 Safari/537.36 Edg/147.0.0.0','SUCCESS','Login successful','2026-04-17 02:14:09',NULL),(1300,21,'alfredpunay@gmail.com','175.158.214.210','Mozilla/5.0 (Windows NT 10.0; Win64; x64) AppleWebKit/537.36 (KHTML, like Gecko) Chrome/147.0.0.0 Safari/537.36','SUCCESS','Login successful','2026-04-17 02:14:44',NULL),(1301,15,'rbello@gmail.com','123.253.136.33','Mozilla/5.0 (Windows NT 10.0; Win64; x64) AppleWebKit/537.36 (KHTML, like Gecko) Chrome/147.0.0.0 Safari/537.36 Edg/147.0.0.0','SUCCESS','User logged out','2026-04-17 02:16:54',NULL),(1302,21,'alfredpunay@gmail.com','123.253.136.33','Mozilla/5.0 (Windows NT 10.0; Win64; x64) AppleWebKit/537.36 (KHTML, like Gecko) Chrome/147.0.0.0 Safari/537.36 Edg/147.0.0.0','SUCCESS','Login successful','2026-04-17 02:17:09',NULL),(1303,21,'alfredpunay@gmail.com','123.253.136.33','Mozilla/5.0 (Windows NT 10.0; Win64; x64) AppleWebKit/537.36 (KHTML, like Gecko) Chrome/147.0.0.0 Safari/537.36 Edg/147.0.0.0','SUCCESS','User logged out','2026-04-17 02:17:17',NULL),(1304,29,'jelyn.sabaulan@debesmscat.edu.ph','123.253.136.33','Mozilla/5.0 (Windows NT 10.0; Win64; x64) AppleWebKit/537.36 (KHTML, like Gecko) Chrome/147.0.0.0 Safari/537.36 Edg/147.0.0.0','SUCCESS','Login successful','2026-04-17 02:17:28',NULL),(1305,29,'jelyn.sabaulan@debesmscat.edu.ph','123.253.136.33','Mozilla/5.0 (Windows NT 10.0; Win64; x64) AppleWebKit/537.36 (KHTML, like Gecko) Chrome/147.0.0.0 Safari/537.36 Edg/147.0.0.0','SUCCESS','User logged out','2026-04-17 02:17:37',NULL),(1306,23,'mhermoso@debesmscat.edu.ph','123.253.136.33','Mozilla/5.0 (Windows NT 10.0; Win64; x64) AppleWebKit/537.36 (KHTML, like Gecko) Chrome/147.0.0.0 Safari/537.36 Edg/147.0.0.0','SUCCESS','Login successful','2026-04-17 02:17:40',NULL),(1307,23,'mhermoso@debesmscat.edu.ph','123.253.136.33','Mozilla/5.0 (Windows NT 10.0; Win64; x64) AppleWebKit/537.36 (KHTML, like Gecko) Chrome/147.0.0.0 Safari/537.36 Edg/147.0.0.0','SUCCESS','User logged out','2026-04-17 02:18:24',NULL),(1308,4,'rbello@gmail.com','123.253.136.33','Mozilla/5.0 (Windows NT 10.0; Win64; x64) AppleWebKit/537.36 (KHTML, like Gecko) Chrome/147.0.0.0 Safari/537.36 Edg/147.0.0.0','SUCCESS','Login successful','2026-04-17 02:18:32',NULL),(1309,4,'rbello@gmail.com','123.253.136.33','Mozilla/5.0 (Windows NT 10.0; Win64; x64) AppleWebKit/537.36 (KHTML, like Gecko) Chrome/147.0.0.0 Safari/537.36 Edg/147.0.0.0','SUCCESS','User logged out','2026-04-17 02:18:42',NULL),(1310,1,'rmramiso@debesmscat.edu.ph','123.253.136.33','Mozilla/5.0 (Windows NT 10.0; Win64; x64) AppleWebKit/537.36 (KHTML, like Gecko) Chrome/147.0.0.0 Safari/537.36 Edg/147.0.0.0','FAILED','Wrong password','2026-04-17 02:18:51',NULL),(1311,1,'rmramiso@debesmscat.edu.ph','123.253.136.33','Mozilla/5.0 (Windows NT 10.0; Win64; x64) AppleWebKit/537.36 (KHTML, like Gecko) Chrome/147.0.0.0 Safari/537.36 Edg/147.0.0.0','SUCCESS','Login successful','2026-04-17 02:18:56',NULL),(1312,NULL,'rmramiso@debesmscat.edu.ph','175.158.214.210','Mozilla/5.0 (Windows NT 10.0; Win64; x64) AppleWebKit/537.36 (KHTML, like Gecko) Chrome/147.0.0.0 Safari/537.36 Edg/147.0.0.0','FAILED','Email not found','2026-04-17 02:43:42',NULL),(1313,1,'rmramiso@debesmscat.edu.ph','175.158.214.210','Mozilla/5.0 (Windows NT 10.0; Win64; x64) AppleWebKit/537.36 (KHTML, like Gecko) Chrome/147.0.0.0 Safari/537.36 Edg/147.0.0.0','FAILED','Wrong password','2026-04-17 02:43:51',NULL),(1314,1,'rmramiso@debesmscat.edu.ph','175.158.214.210','Mozilla/5.0 (Windows NT 10.0; Win64; x64) AppleWebKit/537.36 (KHTML, like Gecko) Chrome/147.0.0.0 Safari/537.36 Edg/147.0.0.0','FAILED','Wrong password','2026-04-17 02:43:57',NULL),(1315,1,'rmramiso@debesmscat.edu.ph','175.158.214.210','Mozilla/5.0 (Windows NT 10.0; Win64; x64) AppleWebKit/537.36 (KHTML, like Gecko) Chrome/147.0.0.0 Safari/537.36 Edg/147.0.0.0','SUCCESS','Login successful','2026-04-17 02:44:26',NULL),(1316,1,'rmramiso@debesmscat.edu.ph','119.92.254.6','Mozilla/5.0 (Windows NT 10.0; Win64; x64) AppleWebKit/537.36 (KHTML, like Gecko) Chrome/147.0.0.0 Safari/537.36 Edg/147.0.0.0','FAILED','Wrong password','2026-04-17 02:58:17',NULL),(1317,1,'rmramiso@debesmscat.edu.ph','119.92.254.6','Mozilla/5.0 (Windows NT 10.0; Win64; x64) AppleWebKit/537.36 (KHTML, like Gecko) Chrome/147.0.0.0 Safari/537.36 Edg/147.0.0.0','SUCCESS','Login successful','2026-04-17 02:58:22',NULL),(1318,1,'rmramiso@debesmscat.edu.ph','123.253.136.33','Mozilla/5.0 (Windows NT 10.0; Win64; x64) AppleWebKit/537.36 (KHTML, like Gecko) Chrome/147.0.0.0 Safari/537.36 Edg/147.0.0.0','SUCCESS','User logged out','2026-04-17 02:59:47',NULL),(1319,15,'rbello@gmail.com','123.253.136.33','Mozilla/5.0 (Windows NT 10.0; Win64; x64) AppleWebKit/537.36 (KHTML, like Gecko) Chrome/147.0.0.0 Safari/537.36 Edg/147.0.0.0','SUCCESS','Login successful','2026-04-17 02:59:51',NULL),(1320,1,'rmramiso@debesmscat.edu.ph','175.158.214.240','Mozilla/5.0 (Windows NT 10.0; Win64; x64) AppleWebKit/537.36 (KHTML, like Gecko) Chrome/147.0.0.0 Safari/537.36 Edg/147.0.0.0','SUCCESS','User logged out','2026-04-17 03:04:04',NULL),(1321,1,'rmramiso@debesmscat.edu.ph','123.253.136.34','Mozilla/5.0 (Windows NT 10.0; Win64; x64) AppleWebKit/537.36 (KHTML, like Gecko) Chrome/147.0.0.0 Safari/537.36 Edg/147.0.0.0','SUCCESS','User logged out','2026-04-17 03:05:16',NULL),(1322,4,'rbello@gmail.com','123.253.136.34','Mozilla/5.0 (Windows NT 10.0; Win64; x64) AppleWebKit/537.36 (KHTML, like Gecko) Chrome/147.0.0.0 Safari/537.36 Edg/147.0.0.0','SUCCESS','Login successful','2026-04-17 03:05:23',NULL),(1323,4,'rbello@gmail.com','123.253.136.33','Mozilla/5.0 (Windows NT 10.0; Win64; x64) AppleWebKit/537.36 (KHTML, like Gecko) Chrome/147.0.0.0 Safari/537.36 Edg/147.0.0.0','SUCCESS','User logged out','2026-04-17 03:10:47',NULL),(1324,15,'rbello@gmail.com','123.253.136.33','Mozilla/5.0 (Windows NT 10.0; Win64; x64) AppleWebKit/537.36 (KHTML, like Gecko) Chrome/147.0.0.0 Safari/537.36 Edg/147.0.0.0','SUCCESS','Login successful','2026-04-17 03:10:49',NULL),(1325,23,'mhermoso@debesmscat.edu.ph','175.158.214.240','Mozilla/5.0 (Windows NT 10.0; Win64; x64) AppleWebKit/537.36 (KHTML, like Gecko) Chrome/147.0.0.0 Safari/537.36 Edg/147.0.0.0','SUCCESS','Login successful','2026-04-17 03:21:22',NULL),(1326,23,'mhermoso@debesmscat.edu.ph','175.158.214.240','Mozilla/5.0 (Windows NT 10.0; Win64; x64) AppleWebKit/537.36 (KHTML, like Gecko) Chrome/147.0.0.0 Safari/537.36 Edg/147.0.0.0','SUCCESS','User logged out','2026-04-17 03:23:12',NULL),(1327,21,'alfredpunay@gmail.com','175.158.214.240','Mozilla/5.0 (Windows NT 10.0; Win64; x64) AppleWebKit/537.36 (KHTML, like Gecko) Chrome/147.0.0.0 Safari/537.36 Edg/147.0.0.0','SUCCESS','Login successful','2026-04-17 03:23:45',NULL),(1328,21,'alfredpunay@gmail.com','175.158.214.240','Mozilla/5.0 (Windows NT 10.0; Win64; x64) AppleWebKit/537.36 (KHTML, like Gecko) Chrome/147.0.0.0 Safari/537.36 Edg/147.0.0.0','SUCCESS','User logged out','2026-04-17 03:23:56',NULL),(1329,15,'rbello@gmail.com','123.253.136.34','Mozilla/5.0 (Windows NT 10.0; Win64; x64) AppleWebKit/537.36 (KHTML, like Gecko) Chrome/147.0.0.0 Safari/537.36 Edg/147.0.0.0','SUCCESS','Session expired due to inactivity','2026-04-17 05:25:38',NULL),(1330,23,'mhermoso@debesmscat.edu.ph','123.253.136.34','Mozilla/5.0 (Windows NT 10.0; Win64; x64) AppleWebKit/537.36 (KHTML, like Gecko) Chrome/147.0.0.0 Safari/537.36 Edg/147.0.0.0','SUCCESS','Login successful','2026-04-17 05:25:43',NULL),(1331,15,'rbello@gmail.com','123.253.136.33','Mozilla/5.0 (Windows NT 10.0; Win64; x64) AppleWebKit/537.36 (KHTML, like Gecko) Chrome/147.0.0.0 Safari/537.36 Edg/147.0.0.0','SUCCESS','User logged out','2026-04-17 05:33:49',NULL),(1332,14,'taaguilar@debesmscat.edu.ph','123.253.136.33','Mozilla/5.0 (Windows NT 10.0; Win64; x64) AppleWebKit/537.36 (KHTML, like Gecko) Chrome/147.0.0.0 Safari/537.36 Edg/147.0.0.0','SUCCESS','Login successful','2026-04-17 05:33:54',NULL),(1333,14,'taaguilar@debesmscat.edu.ph','123.253.136.33','Mozilla/5.0 (Windows NT 10.0; Win64; x64) AppleWebKit/537.36 (KHTML, like Gecko) Chrome/147.0.0.0 Safari/537.36 Edg/147.0.0.0','SUCCESS','User logged out','2026-04-17 05:34:24',NULL),(1334,21,'alfredpunay@gmail.com','123.253.136.33','Mozilla/5.0 (Windows NT 10.0; Win64; x64) AppleWebKit/537.36 (KHTML, like Gecko) Chrome/147.0.0.0 Safari/537.36 Edg/147.0.0.0','SUCCESS','Login successful','2026-04-17 05:34:51',NULL),(1335,21,'alfredpunay@gmail.com','123.253.136.33','Mozilla/5.0 (Windows NT 10.0; Win64; x64) AppleWebKit/537.36 (KHTML, like Gecko) Chrome/147.0.0.0 Safari/537.36 Edg/147.0.0.0','SUCCESS','User logged out','2026-04-17 05:35:43',NULL),(1336,21,'alfredpunay@gmail.com','123.253.136.33','Mozilla/5.0 (Windows NT 10.0; Win64; x64) AppleWebKit/537.36 (KHTML, like Gecko) Chrome/147.0.0.0 Safari/537.36 Edg/147.0.0.0','SUCCESS','Login successful','2026-04-17 05:35:52',NULL),(1337,21,'alfredpunay@gmail.com','123.253.136.33','Mozilla/5.0 (Windows NT 10.0; Win64; x64) AppleWebKit/537.36 (KHTML, like Gecko) Chrome/147.0.0.0 Safari/537.36 Edg/147.0.0.0','SUCCESS','User logged out','2026-04-17 05:36:05',NULL),(1338,2,'daisyjean.castillo11@gmail.com','123.253.136.33','Mozilla/5.0 (Windows NT 10.0; Win64; x64) AppleWebKit/537.36 (KHTML, like Gecko) Chrome/147.0.0.0 Safari/537.36 Edg/147.0.0.0','SUCCESS','Login successful','2026-04-17 05:36:09',NULL),(1339,23,'mhermoso@debesmscat.edu.ph','119.92.254.6','Mozilla/5.0 (Windows NT 10.0; Win64; x64) AppleWebKit/537.36 (KHTML, like Gecko) Chrome/147.0.0.0 Safari/537.36 Edg/147.0.0.0','SUCCESS','User logged out','2026-04-17 05:37:12',NULL),(1340,8,'jhiepot120584@gmail.com','119.92.254.6','Mozilla/5.0 (Windows NT 10.0; Win64; x64) AppleWebKit/537.36 (KHTML, like Gecko) Chrome/147.0.0.0 Safari/537.36 Edg/147.0.0.0','SUCCESS','Login successful','2026-04-17 05:37:23',NULL),(1341,8,'jhiepot120584@gmail.com','119.92.254.6','Mozilla/5.0 (Windows NT 10.0; Win64; x64) AppleWebKit/537.36 (KHTML, like Gecko) Chrome/147.0.0.0 Safari/537.36 Edg/147.0.0.0','SUCCESS','User logged out','2026-04-17 05:37:50',NULL),(1342,7,'sharmaenaTM95@gmail.com','119.92.254.6','Mozilla/5.0 (Windows NT 10.0; Win64; x64) AppleWebKit/537.36 (KHTML, like Gecko) Chrome/147.0.0.0 Safari/537.36 Edg/147.0.0.0','SUCCESS','Login successful','2026-04-17 05:37:56',NULL),(1343,7,'sharmaenaTM95@gmail.com','119.92.254.6','Mozilla/5.0 (Windows NT 10.0; Win64; x64) AppleWebKit/537.36 (KHTML, like Gecko) Chrome/147.0.0.0 Safari/537.36 Edg/147.0.0.0','SUCCESS','User logged out','2026-04-17 05:38:39',NULL),(1344,12,'rstoling@debesmscat.edu.ph','119.92.254.6','Mozilla/5.0 (Windows NT 10.0; Win64; x64) AppleWebKit/537.36 (KHTML, like Gecko) Chrome/147.0.0.0 Safari/537.36 Edg/147.0.0.0','SUCCESS','Login successful','2026-04-17 05:38:47',NULL),(1345,12,'rstoling@debesmscat.edu.ph','119.92.254.6','Mozilla/5.0 (Windows NT 10.0; Win64; x64) AppleWebKit/537.36 (KHTML, like Gecko) Chrome/147.0.0.0 Safari/537.36 Edg/147.0.0.0','SUCCESS','User logged out','2026-04-17 05:39:28',NULL),(1346,23,'mhermoso@debesmscat.edu.ph','119.92.254.6','Mozilla/5.0 (Windows NT 10.0; Win64; x64) AppleWebKit/537.36 (KHTML, like Gecko) Chrome/147.0.0.0 Safari/537.36 Edg/147.0.0.0','SUCCESS','Login successful','2026-04-17 05:39:32',NULL),(1347,23,'mhermoso@debesmscat.edu.ph','119.92.254.6','Mozilla/5.0 (Windows NT 10.0; Win64; x64) AppleWebKit/537.36 (KHTML, like Gecko) Chrome/147.0.0.0 Safari/537.36 Edg/147.0.0.0','SUCCESS','User logged out','2026-04-17 05:39:39',NULL),(1348,17,'mcastro@debesmscat.edu.ph','119.92.254.6','Mozilla/5.0 (Windows NT 10.0; Win64; x64) AppleWebKit/537.36 (KHTML, like Gecko) Chrome/147.0.0.0 Safari/537.36 Edg/147.0.0.0','FAILED','Wrong password','2026-04-17 05:39:52',NULL),(1349,17,'mcastro@debesmscat.edu.ph','119.92.254.6','Mozilla/5.0 (Windows NT 10.0; Win64; x64) AppleWebKit/537.36 (KHTML, like Gecko) Chrome/147.0.0.0 Safari/537.36 Edg/147.0.0.0','SUCCESS','Login successful','2026-04-17 05:39:58',NULL),(1350,17,'mcastro@debesmscat.edu.ph','119.92.254.6','Mozilla/5.0 (Windows NT 10.0; Win64; x64) AppleWebKit/537.36 (KHTML, like Gecko) Chrome/147.0.0.0 Safari/537.36 Edg/147.0.0.0','SUCCESS','User logged out','2026-04-17 05:40:33',NULL),(1351,18,'florencejoy.capinig@debesmscat.edu.ph','119.92.254.6','Mozilla/5.0 (Windows NT 10.0; Win64; x64) AppleWebKit/537.36 (KHTML, like Gecko) Chrome/147.0.0.0 Safari/537.36 Edg/147.0.0.0','SUCCESS','Login successful','2026-04-17 05:40:41',NULL),(1352,18,'florencejoy.capinig@debesmscat.edu.ph','119.92.254.6','Mozilla/5.0 (Windows NT 10.0; Win64; x64) AppleWebKit/537.36 (KHTML, like Gecko) Chrome/147.0.0.0 Safari/537.36 Edg/147.0.0.0','SUCCESS','User logged out','2026-04-17 05:41:17',NULL),(1353,NULL,'raise.torm@gmail.comh','119.92.254.6','Mozilla/5.0 (Windows NT 10.0; Win64; x64) AppleWebKit/537.36 (KHTML, like Gecko) Chrome/147.0.0.0 Safari/537.36 Edg/147.0.0.0','FAILED','Email not found','2026-04-17 05:41:26',NULL),(1354,24,'raise.torm@gmail.com','119.92.254.6','Mozilla/5.0 (Windows NT 10.0; Win64; x64) AppleWebKit/537.36 (KHTML, like Gecko) Chrome/147.0.0.0 Safari/537.36 Edg/147.0.0.0','SUCCESS','Login successful','2026-04-17 05:41:34',NULL),(1355,24,'raise.torm@gmail.com','119.92.254.6','Mozilla/5.0 (Windows NT 10.0; Win64; x64) AppleWebKit/537.36 (KHTML, like Gecko) Chrome/147.0.0.0 Safari/537.36 Edg/147.0.0.0','SUCCESS','User logged out','2026-04-17 05:42:44',NULL),(1356,4,'rbello@gmail.com','119.92.254.6','Mozilla/5.0 (Windows NT 10.0; Win64; x64) AppleWebKit/537.36 (KHTML, like Gecko) Chrome/147.0.0.0 Safari/537.36 Edg/147.0.0.0','SUCCESS','Login successful','2026-04-17 05:42:53',NULL),(1357,4,'rbello@gmail.com','119.92.254.6','Mozilla/5.0 (Windows NT 10.0; Win64; x64) AppleWebKit/537.36 (KHTML, like Gecko) Chrome/147.0.0.0 Safari/537.36 Edg/147.0.0.0','SUCCESS','Changed status from \'For Verification\' to \'Verified\' for faculty ID 24 (task ID 1)','2026-04-17 05:43:24',NULL),(1358,4,'rbello@gmail.com','119.92.254.6','Mozilla/5.0 (Windows NT 10.0; Win64; x64) AppleWebKit/537.36 (KHTML, like Gecko) Chrome/147.0.0.0 Safari/537.36 Edg/147.0.0.0','SUCCESS','User logged out','2026-04-17 05:43:27',NULL),(1359,24,'raise.torm@gmail.com','119.92.254.6','Mozilla/5.0 (Windows NT 10.0; Win64; x64) AppleWebKit/537.36 (KHTML, like Gecko) Chrome/147.0.0.0 Safari/537.36 Edg/147.0.0.0','SUCCESS','Login successful','2026-04-17 05:43:38',NULL),(1360,2,'daisyjean.castillo11@gmail.com','123.253.136.33','Mozilla/5.0 (Windows NT 10.0; Win64; x64) AppleWebKit/537.36 (KHTML, like Gecko) Chrome/147.0.0.0 Safari/537.36 Edg/147.0.0.0','SUCCESS','User logged out','2026-04-17 05:44:31',NULL),(1361,25,'yenlalaguna06@gmail.com','123.253.136.33','Mozilla/5.0 (Windows NT 10.0; Win64; x64) AppleWebKit/537.36 (KHTML, like Gecko) Chrome/147.0.0.0 Safari/537.36 Edg/147.0.0.0','SUCCESS','Login successful','2026-04-17 05:44:37',NULL),(1362,25,'yenlalaguna06@gmail.com','123.253.136.33','Mozilla/5.0 (Windows NT 10.0; Win64; x64) AppleWebKit/537.36 (KHTML, like Gecko) Chrome/147.0.0.0 Safari/537.36 Edg/147.0.0.0','SUCCESS','User logged out','2026-04-17 05:44:47',NULL),(1363,19,'jesaabelleromano@gmail.com','123.253.136.33','Mozilla/5.0 (Windows NT 10.0; Win64; x64) AppleWebKit/537.36 (KHTML, like Gecko) Chrome/147.0.0.0 Safari/537.36 Edg/147.0.0.0','SUCCESS','Login successful','2026-04-17 05:44:54',NULL),(1364,24,'raise.torm@gmail.com','119.92.254.6','Mozilla/5.0 (Windows NT 10.0; Win64; x64) AppleWebKit/537.36 (KHTML, like Gecko) Chrome/147.0.0.0 Safari/537.36 Edg/147.0.0.0','SUCCESS','User logged out','2026-04-17 05:46:06',NULL),(1365,8,'daisyjean.castillo11@gmail.com','119.92.254.6','Mozilla/5.0 (Windows NT 10.0; Win64; x64) AppleWebKit/537.36 (KHTML, like Gecko) Chrome/147.0.0.0 Safari/537.36 Edg/147.0.0.0','SUCCESS','Login successful','2026-04-17 05:46:16',NULL),(1366,8,'daisyjean.castillo11@gmail.com','119.92.254.6','Mozilla/5.0 (Windows NT 10.0; Win64; x64) AppleWebKit/537.36 (KHTML, like Gecko) Chrome/147.0.0.0 Safari/537.36 Edg/147.0.0.0','SUCCESS','Changed status from \'For Verification\' to \'Verified\' for faculty ID 19 (task ID 1)','2026-04-17 05:46:33',NULL),(1367,19,'jesaabelleromano@gmail.com','123.253.136.33','Mozilla/5.0 (Windows NT 10.0; Win64; x64) AppleWebKit/537.36 (KHTML, like Gecko) Chrome/147.0.0.0 Safari/537.36 Edg/147.0.0.0','SUCCESS','User logged out','2026-04-17 05:47:55',NULL),(1368,27,'rosaleth.macadat@debesmscat.edu.ph','123.253.136.33','Mozilla/5.0 (Windows NT 10.0; Win64; x64) AppleWebKit/537.36 (KHTML, like Gecko) Chrome/147.0.0.0 Safari/537.36 Edg/147.0.0.0','SUCCESS','Login successful','2026-04-17 05:48:09',NULL),(1369,27,'rosaleth.macadat@debesmscat.edu.ph','123.253.136.33','Mozilla/5.0 (Windows NT 10.0; Win64; x64) AppleWebKit/537.36 (KHTML, like Gecko) Chrome/147.0.0.0 Safari/537.36 Edg/147.0.0.0','SUCCESS','User logged out','2026-04-17 06:01:48',NULL),(1370,7,'sharmaenaTM95@gmail.com','123.253.136.33','Mozilla/5.0 (Windows NT 10.0; Win64; x64) AppleWebKit/537.36 (KHTML, like Gecko) Chrome/147.0.0.0 Safari/537.36 Edg/147.0.0.0','SUCCESS','Login successful','2026-04-17 06:01:52',NULL),(1371,7,'sharmaenaTM95@gmail.com','123.253.136.33','Mozilla/5.0 (Windows NT 10.0; Win64; x64) AppleWebKit/537.36 (KHTML, like Gecko) Chrome/147.0.0.0 Safari/537.36 Edg/147.0.0.0','SUCCESS','User logged out','2026-04-17 06:02:32',NULL),(1372,7,'sharmaenaTM95@gmail.com','123.253.136.33','Mozilla/5.0 (Windows NT 10.0; Win64; x64) AppleWebKit/537.36 (KHTML, like Gecko) Chrome/147.0.0.0 Safari/537.36 Edg/147.0.0.0','SUCCESS','Login successful','2026-04-17 06:02:39',NULL),(1373,7,'sharmaenaTM95@gmail.com','123.253.136.33','Mozilla/5.0 (Windows NT 10.0; Win64; x64) AppleWebKit/537.36 (KHTML, like Gecko) Chrome/147.0.0.0 Safari/537.36 Edg/147.0.0.0','SUCCESS','User logged out','2026-04-17 06:02:44',NULL),(1374,7,'sharmaenaTM95@gmail.com','123.253.136.33','Mozilla/5.0 (Windows NT 10.0; Win64; x64) AppleWebKit/537.36 (KHTML, like Gecko) Chrome/147.0.0.0 Safari/537.36 Edg/147.0.0.0','SUCCESS','Login successful','2026-04-17 06:02:48',NULL),(1375,7,'sharmaenaTM95@gmail.com','123.253.136.234','Mozilla/5.0 (Windows NT 10.0; Win64; x64) AppleWebKit/537.36 (KHTML, like Gecko) Chrome/147.0.0.0 Safari/537.36 Edg/147.0.0.0','SUCCESS','User logged out','2026-04-17 06:12:39',NULL),(1376,23,'mhermoso@debesmscat.edu.ph','123.253.136.234','Mozilla/5.0 (Windows NT 10.0; Win64; x64) AppleWebKit/537.36 (KHTML, like Gecko) Chrome/147.0.0.0 Safari/537.36 Edg/147.0.0.0','SUCCESS','Login successful','2026-04-17 06:12:45',NULL),(1377,8,'daisyjean.castillo11@gmail.com','123.253.136.234','Mozilla/5.0 (Windows NT 10.0; Win64; x64) AppleWebKit/537.36 (KHTML, like Gecko) Chrome/147.0.0.0 Safari/537.36 Edg/147.0.0.0','SUCCESS','Session expired due to inactivity','2026-04-17 06:12:50',NULL),(1378,4,'rbello@gmail.com','123.253.136.234','Mozilla/5.0 (Windows NT 10.0; Win64; x64) AppleWebKit/537.36 (KHTML, like Gecko) Chrome/147.0.0.0 Safari/537.36 Edg/147.0.0.0','SUCCESS','Login successful','2026-04-17 06:13:05',NULL),(1379,23,'mhermoso@debesmscat.edu.ph','123.253.136.234','Mozilla/5.0 (Windows NT 10.0; Win64; x64) AppleWebKit/537.36 (KHTML, like Gecko) Chrome/147.0.0.0 Safari/537.36 Edg/147.0.0.0','SUCCESS','User logged out','2026-04-17 06:13:19',NULL),(1380,4,'rbello@gmail.com','123.253.136.234','Mozilla/5.0 (Windows NT 10.0; Win64; x64) AppleWebKit/537.36 (KHTML, like Gecko) Chrome/147.0.0.0 Safari/537.36 Edg/147.0.0.0','SUCCESS','User logged out','2026-04-17 06:13:42',NULL),(1381,1,'admin@gmail.com','123.253.136.234','Mozilla/5.0 (Windows NT 10.0; Win64; x64) AppleWebKit/537.36 (KHTML, like Gecko) Chrome/147.0.0.0 Safari/537.36 Edg/147.0.0.0','SUCCESS','Login successful','2026-04-17 06:13:46',NULL),(1382,26,'clarejyduyag@gmail.com','123.253.136.234','Mozilla/5.0 (Windows NT 10.0; Win64; x64) AppleWebKit/537.36 (KHTML, like Gecko) Chrome/147.0.0.0 Safari/537.36 Edg/147.0.0.0','SUCCESS','Login successful','2026-04-17 06:14:10',NULL),(1383,1,'admin@gmail.com','123.253.136.234','Mozilla/5.0 (Windows NT 10.0; Win64; x64) AppleWebKit/537.36 (KHTML, like Gecko) Chrome/147.0.0.0 Safari/537.36 Edg/147.0.0.0','SUCCESS','User logged out','2026-04-17 06:14:46',NULL),(1384,4,'rbello@gmail.com','123.253.136.234','Mozilla/5.0 (Windows NT 10.0; Win64; x64) AppleWebKit/537.36 (KHTML, like Gecko) Chrome/147.0.0.0 Safari/537.36 Edg/147.0.0.0','FAILED','Wrong password','2026-04-17 06:14:52',NULL),(1385,4,'rbello@gmail.com','123.253.136.234','Mozilla/5.0 (Windows NT 10.0; Win64; x64) AppleWebKit/537.36 (KHTML, like Gecko) Chrome/147.0.0.0 Safari/537.36 Edg/147.0.0.0','SUCCESS','Login successful','2026-04-17 06:14:57',NULL),(1386,26,'clarejyduyag@gmail.com','123.253.136.234','Mozilla/5.0 (Windows NT 10.0; Win64; x64) AppleWebKit/537.36 (KHTML, like Gecko) Chrome/147.0.0.0 Safari/537.36 Edg/147.0.0.0','SUCCESS','User logged out','2026-04-17 06:15:37',NULL),(1387,4,'rbello@gmail.com','119.92.254.6','Mozilla/5.0 (Windows NT 10.0; Win64; x64) AppleWebKit/537.36 (KHTML, like Gecko) Chrome/147.0.0.0 Safari/537.36 Edg/147.0.0.0','SUCCESS','User logged out','2026-04-17 06:16:45',NULL),(1388,23,'mhermoso@debesmscat.edu.ph','123.253.136.234','Mozilla/5.0 (Windows NT 10.0; Win64; x64) AppleWebKit/537.36 (KHTML, like Gecko) Chrome/147.0.0.0 Safari/537.36 Edg/147.0.0.0','SUCCESS','Login successful','2026-04-17 06:20:26',NULL),(1389,1,'admin@gmail.com','123.253.136.34','Mozilla/5.0 (Windows NT 10.0; Win64; x64) AppleWebKit/537.36 (KHTML, like Gecko) Chrome/147.0.0.0 Safari/537.36 Edg/147.0.0.0','SUCCESS','Login successful','2026-04-17 06:31:33',NULL),(1390,23,'mhermoso@debesmscat.edu.ph','123.253.136.34','Mozilla/5.0 (Windows NT 10.0; Win64; x64) AppleWebKit/537.36 (KHTML, like Gecko) Chrome/147.0.0.0 Safari/537.36 Edg/147.0.0.0','SUCCESS','User logged out','2026-04-17 06:34:02',NULL),(1391,9,'rbburac@gmail.com','123.253.136.34','Mozilla/5.0 (Windows NT 10.0; Win64; x64) AppleWebKit/537.36 (KHTML, like Gecko) Chrome/147.0.0.0 Safari/537.36 Edg/147.0.0.0','SUCCESS','Login successful','2026-04-17 06:34:11',NULL),(1392,1,'admin@gmail.com','119.92.254.6','Mozilla/5.0 (Windows NT 10.0; Win64; x64) AppleWebKit/537.36 (KHTML, like Gecko) Chrome/147.0.0.0 Safari/537.36 Edg/147.0.0.0','SUCCESS','User logged out','2026-04-17 06:41:46',NULL),(1393,4,'rbello@gmail.com','119.92.254.6','Mozilla/5.0 (Windows NT 10.0; Win64; x64) AppleWebKit/537.36 (KHTML, like Gecko) Chrome/147.0.0.0 Safari/537.36 Edg/147.0.0.0','SUCCESS','Login successful','2026-04-17 06:42:00',NULL),(1394,9,'rbburac@gmail.com','123.253.136.33','Mozilla/5.0 (Windows NT 10.0; Win64; x64) AppleWebKit/537.36 (KHTML, like Gecko) Chrome/147.0.0.0 Safari/537.36 Edg/147.0.0.0','SUCCESS','User logged out','2026-04-17 06:42:13',NULL),(1395,4,'rbello@gmail.com','123.253.136.234','Mozilla/5.0 (Windows NT 10.0; Win64; x64) AppleWebKit/537.36 (KHTML, like Gecko) Chrome/147.0.0.0 Safari/537.36 Edg/147.0.0.0','SUCCESS','User logged out','2026-04-17 07:01:26',NULL),(1396,15,'rbello@gmail.com','175.158.214.240','Mozilla/5.0 (Windows NT 10.0; Win64; x64) AppleWebKit/537.36 (KHTML, like Gecko) Chrome/147.0.0.0 Safari/537.36','FAILED','Wrong password','2026-04-17 07:09:40',NULL),(1397,15,'rbello@gmail.com','175.158.214.240','Mozilla/5.0 (Windows NT 10.0; Win64; x64) AppleWebKit/537.36 (KHTML, like Gecko) Chrome/147.0.0.0 Safari/537.36','SUCCESS','Login successful','2026-04-17 07:09:44',NULL),(1398,23,'mhermoso@debesmscat.edu.ph','119.92.254.6','Mozilla/5.0 (Windows NT 10.0; Win64; x64) AppleWebKit/537.36 (KHTML, like Gecko) Chrome/147.0.0.0 Safari/537.36 Edg/147.0.0.0','SUCCESS','Login successful','2026-04-17 07:21:22',NULL),(1399,23,'mhermoso@debesmscat.edu.ph','123.253.136.34','Mozilla/5.0 (Windows NT 10.0; Win64; x64) AppleWebKit/537.36 (KHTML, like Gecko) Chrome/147.0.0.0 Safari/537.36 Edg/147.0.0.0','SUCCESS','User logged out','2026-04-17 07:22:42',NULL),(1400,1,'admin@gmail.com','119.92.254.6','Mozilla/5.0 (Windows NT 10.0; Win64; x64) AppleWebKit/537.36 (KHTML, like Gecko) Chrome/147.0.0.0 Safari/537.36 Edg/147.0.0.0','SUCCESS','Login successful','2026-04-17 07:37:28',NULL),(1401,1,'admin@gmail.com','123.253.136.33','Mozilla/5.0 (Windows NT 10.0; Win64; x64) AppleWebKit/537.36 (KHTML, like Gecko) Chrome/147.0.0.0 Safari/537.36 Edg/147.0.0.0','SUCCESS','User logged out','2026-04-17 07:39:15',NULL),(1402,1,'rmramiso@debesmscat.edu.ph','123.253.136.33','Mozilla/5.0 (Windows NT 10.0; Win64; x64) AppleWebKit/537.36 (KHTML, like Gecko) Chrome/147.0.0.0 Safari/537.36 Edg/147.0.0.0','FAILED','Wrong password','2026-04-17 07:42:09',NULL),(1403,1,'rmramiso@debesmscat.edu.ph','123.253.136.33','Mozilla/5.0 (Windows NT 10.0; Win64; x64) AppleWebKit/537.36 (KHTML, like Gecko) Chrome/147.0.0.0 Safari/537.36 Edg/147.0.0.0','SUCCESS','Login successful','2026-04-17 07:42:13',NULL),(1404,1,'rmramiso@debesmscat.edu.ph','123.253.136.234','Mozilla/5.0 (Windows NT 10.0; Win64; x64) AppleWebKit/537.36 (KHTML, like Gecko) Chrome/147.0.0.0 Safari/537.36 Edg/147.0.0.0','SUCCESS','User logged out','2026-04-17 07:49:18',NULL),(1405,23,'mhermoso@debesmscat.edu.ph','123.253.136.234','Mozilla/5.0 (Windows NT 10.0; Win64; x64) AppleWebKit/537.36 (KHTML, like Gecko) Chrome/147.0.0.0 Safari/537.36 Edg/147.0.0.0','SUCCESS','Login successful','2026-04-17 08:49:33',NULL),(1406,23,'mhermoso@debesmscat.edu.ph','123.253.136.234','Mozilla/5.0 (Windows NT 10.0; Win64; x64) AppleWebKit/537.36 (KHTML, like Gecko) Chrome/147.0.0.0 Safari/537.36 Edg/147.0.0.0','SUCCESS','Session expired due to inactivity','2026-04-17 08:49:33',NULL),(1407,23,'mhermoso@debesmscat.edu.ph','123.253.136.234','Mozilla/5.0 (Windows NT 10.0; Win64; x64) AppleWebKit/537.36 (KHTML, like Gecko) Chrome/147.0.0.0 Safari/537.36 Edg/147.0.0.0','SUCCESS','Login successful','2026-04-17 08:49:45',NULL),(1408,23,'mhermoso@debesmscat.edu.ph','123.253.136.234','Mozilla/5.0 (Windows NT 10.0; Win64; x64) AppleWebKit/537.36 (KHTML, like Gecko) Chrome/147.0.0.0 Safari/537.36 Edg/147.0.0.0','SUCCESS','User logged out','2026-04-17 08:52:38',NULL),(1409,1,'admin@gmail.com','123.253.136.234','Mozilla/5.0 (Windows NT 10.0; Win64; x64) AppleWebKit/537.36 (KHTML, like Gecko) Chrome/147.0.0.0 Safari/537.36 Edg/147.0.0.0','SUCCESS','Login successful','2026-04-17 08:52:45',NULL),(1410,1,'admin@gmail.com','123.253.136.234','Mozilla/5.0 (Windows NT 10.0; Win64; x64) AppleWebKit/537.36 (KHTML, like Gecko) Chrome/147.0.0.0 Safari/537.36 Edg/147.0.0.0','SUCCESS','User logged out','2026-04-17 08:54:27',NULL),(1411,1,'admin@gmail.com','123.253.136.234','Mozilla/5.0 (Windows NT 10.0; Win64; x64) AppleWebKit/537.36 (KHTML, like Gecko) Chrome/147.0.0.0 Safari/537.36 Edg/147.0.0.0','SUCCESS','Login successful','2026-04-17 08:54:36',NULL),(1412,1,'admin@gmail.com','123.253.136.234','Mozilla/5.0 (Windows NT 10.0; Win64; x64) AppleWebKit/537.36 (KHTML, like Gecko) Chrome/147.0.0.0 Safari/537.36 Edg/147.0.0.0','SUCCESS','User logged out','2026-04-17 08:56:27',NULL),(1413,23,'mhermoso@debesmscat.edu.ph','119.92.254.6','Mozilla/5.0 (Windows NT 10.0; Win64; x64) AppleWebKit/537.36 (KHTML, like Gecko) Chrome/147.0.0.0 Safari/537.36 Edg/147.0.0.0','SUCCESS','Login successful','2026-04-17 09:11:34',NULL),(1414,23,'mhermoso@debesmscat.edu.ph','119.92.254.6','Mozilla/5.0 (Windows NT 10.0; Win64; x64) AppleWebKit/537.36 (KHTML, like Gecko) Chrome/147.0.0.0 Safari/537.36 Edg/147.0.0.0','SUCCESS','User logged out','2026-04-17 09:30:25',NULL),(1415,1,'admin@gmail.com','119.92.254.6','Mozilla/5.0 (Windows NT 10.0; Win64; x64) AppleWebKit/537.36 (KHTML, like Gecko) Chrome/147.0.0.0 Safari/537.36 Edg/147.0.0.0','SUCCESS','Login successful','2026-04-17 09:30:31',NULL),(1416,1,'admin@gmail.com','123.253.136.234','Mozilla/5.0 (Windows NT 10.0; Win64; x64) AppleWebKit/537.36 (KHTML, like Gecko) Chrome/147.0.0.0 Safari/537.36 Edg/147.0.0.0','SUCCESS','User logged out','2026-04-17 09:34:35',NULL),(1417,23,'mhermoso@debesmscat.edu.ph','123.253.136.234','Mozilla/5.0 (Windows NT 10.0; Win64; x64) AppleWebKit/537.36 (KHTML, like Gecko) Chrome/147.0.0.0 Safari/537.36 Edg/147.0.0.0','SUCCESS','Login successful','2026-04-17 09:34:42',NULL),(1418,23,'mhermoso@debesmscat.edu.ph','123.253.136.234','Mozilla/5.0 (Windows NT 10.0; Win64; x64) AppleWebKit/537.36 (KHTML, like Gecko) Chrome/147.0.0.0 Safari/537.36 Edg/147.0.0.0','SUCCESS','User logged out','2026-04-17 09:35:01',NULL),(1419,1,'admin@gmail.com','123.253.136.234','Mozilla/5.0 (Windows NT 10.0; Win64; x64) AppleWebKit/537.36 (KHTML, like Gecko) Chrome/147.0.0.0 Safari/537.36 Edg/147.0.0.0','SUCCESS','Login successful','2026-04-17 09:35:06',NULL),(1420,1,'admin@gmail.com','123.253.136.33','Mozilla/5.0 (Windows NT 10.0; Win64; x64) AppleWebKit/537.36 (KHTML, like Gecko) Chrome/147.0.0.0 Safari/537.36 Edg/147.0.0.0','SUCCESS','Changed status from \'Verified\' to \'For Verification\' for faculty ID 14 (task ID 2)','2026-04-17 09:44:51',NULL),(1421,1,'admin@gmail.com','119.92.254.6','Mozilla/5.0 (Windows NT 10.0; Win64; x64) AppleWebKit/537.36 (KHTML, like Gecko) Chrome/147.0.0.0 Safari/537.36 Edg/147.0.0.0','SUCCESS','Login successful','2026-04-29 23:39:56',NULL),(1422,1,'admin@gmail.com','123.253.136.234','Mozilla/5.0 (Windows NT 10.0; Win64; x64) AppleWebKit/537.36 (KHTML, like Gecko) Chrome/147.0.0.0 Safari/537.36 Edg/147.0.0.0','SUCCESS','User logged out','2026-04-29 23:41:37',NULL),(1423,23,'mhermoso@debesmscat.edu.ph','123.253.136.234','Mozilla/5.0 (Windows NT 10.0; Win64; x64) AppleWebKit/537.36 (KHTML, like Gecko) Chrome/147.0.0.0 Safari/537.36 Edg/147.0.0.0','SUCCESS','Login successful','2026-04-29 23:41:40',NULL),(1424,23,'mhermoso@debesmscat.edu.ph','123.253.136.234','Mozilla/5.0 (Windows NT 10.0; Win64; x64) AppleWebKit/537.36 (KHTML, like Gecko) Chrome/147.0.0.0 Safari/537.36 Edg/147.0.0.0','SUCCESS','User logged out','2026-04-29 23:42:27',NULL),(1425,1,'admin@gmail.com','123.253.136.34','Mozilla/5.0 (Windows NT 10.0; Win64; x64) AppleWebKit/537.36 (KHTML, like Gecko) Chrome/148.0.0.0 Safari/537.36','FAILED','Wrong password','2026-05-26 03:58:55',NULL),(1426,1,'admin@gmail.com','123.253.136.34','Mozilla/5.0 (Windows NT 10.0; Win64; x64) AppleWebKit/537.36 (KHTML, like Gecko) Chrome/148.0.0.0 Safari/537.36','FAILED','Wrong password','2026-05-26 03:59:02',NULL),(1427,1,'admin@gmail.com','123.253.136.34','Mozilla/5.0 (Windows NT 10.0; Win64; x64) AppleWebKit/537.36 (KHTML, like Gecko) Chrome/148.0.0.0 Safari/537.36','SUCCESS','Login successful','2026-05-26 03:59:04',NULL),(1428,32,'rachellenicolelotivio6@gmail.com','123.253.136.33','Mozilla/5.0 (iPhone; CPU iPhone OS 18_4_1 like Mac OS X) AppleWebKit/605.1.15 (KHTML, like Gecko) GSA/416.4.894748588 Mobile/15E148 Safari/604.1','FAILED','Wrong password','2026-06-04 11:20:44',NULL),(1429,28,'vibaskimberly8@gmail.com','123.253.136.34','Mozilla/5.0 (Windows NT 10.0; Win64; x64) AppleWebKit/537.36 (KHTML, like Gecko) Chrome/148.0.0.0 Safari/537.36','FAILED','Wrong password','2026-06-08 03:20:37',NULL),(1430,28,'vibaskimberly8@gmail.com','123.253.136.34','Mozilla/5.0 (Windows NT 10.0; Win64; x64) AppleWebKit/537.36 (KHTML, like Gecko) Chrome/148.0.0.0 Safari/537.36','FAILED','Wrong password','2026-06-08 03:21:42',NULL),(1431,28,'vibaskimberly8@gmail.com','123.253.136.34','Mozilla/5.0 (Windows NT 10.0; Win64; x64) AppleWebKit/537.36 (KHTML, like Gecko) Chrome/148.0.0.0 Safari/537.36','FAILED','Wrong password','2026-06-08 03:21:45',NULL),(1432,23,'mhermoso@debesmscat.edu.ph','123.253.136.34','Mozilla/5.0 (Windows NT 10.0; Win64; x64) AppleWebKit/537.36 (KHTML, like Gecko) Chrome/149.0.0.0 Safari/537.36 Edg/149.0.0.0','SUCCESS','Login successful','2026-06-17 07:30:07',NULL),(1433,23,'mhermoso@debesmscat.edu.ph','123.253.136.234','Mozilla/5.0 (Windows NT 10.0; Win64; x64) AppleWebKit/537.36 (KHTML, like Gecko) Chrome/149.0.0.0 Safari/537.36 Edg/149.0.0.0','SUCCESS','User logged out','2026-06-17 07:57:57',NULL),(1434,8,'jhiepot120584@gmail.com','123.253.136.234','Mozilla/5.0 (Windows NT 10.0; Win64; x64) AppleWebKit/537.36 (KHTML, like Gecko) Chrome/149.0.0.0 Safari/537.36 Edg/149.0.0.0','SUCCESS','Login successful','2026-06-17 07:58:07',NULL),(1435,8,'jhiepot120584@gmail.com','123.253.136.234','Mozilla/5.0 (Windows NT 10.0; Win64; x64) AppleWebKit/537.36 (KHTML, like Gecko) Chrome/149.0.0.0 Safari/537.36 Edg/149.0.0.0','SUCCESS','User logged out','2026-06-17 08:17:19',NULL),(1436,6,'jhiepot120584@gmail.com','123.253.136.234','Mozilla/5.0 (Windows NT 10.0; Win64; x64) AppleWebKit/537.36 (KHTML, like Gecko) Chrome/149.0.0.0 Safari/537.36 Edg/149.0.0.0','SUCCESS','Login successful','2026-06-17 08:17:24',NULL),(1437,6,'jhiepot120584@gmail.com','123.253.136.33','Mozilla/5.0 (Windows NT 10.0; Win64; x64) AppleWebKit/537.36 (KHTML, like Gecko) Chrome/149.0.0.0 Safari/537.36 Edg/149.0.0.0','SUCCESS','User logged out','2026-06-17 08:21:02',NULL),(1438,4,'rbello@gmail.com','123.253.136.33','Mozilla/5.0 (Windows NT 10.0; Win64; x64) AppleWebKit/537.36 (KHTML, like Gecko) Chrome/149.0.0.0 Safari/537.36 Edg/149.0.0.0','FAILED','Wrong password','2026-06-17 08:21:10',NULL),(1439,4,'rbello@gmail.com','123.253.136.33','Mozilla/5.0 (Windows NT 10.0; Win64; x64) AppleWebKit/537.36 (KHTML, like Gecko) Chrome/149.0.0.0 Safari/537.36 Edg/149.0.0.0','SUCCESS','Login successful','2026-06-17 08:21:18',NULL),(1440,4,'rbello@gmail.com','123.253.136.33','Mozilla/5.0 (Windows NT 10.0; Win64; x64) AppleWebKit/537.36 (KHTML, like Gecko) Chrome/149.0.0.0 Safari/537.36 Edg/149.0.0.0','SUCCESS','User logged out','2026-06-17 08:28:41',NULL),(1441,1,'rmramiso@debesmscat.edu.ph','123.253.136.33','Mozilla/5.0 (Windows NT 10.0; Win64; x64) AppleWebKit/537.36 (KHTML, like Gecko) Chrome/149.0.0.0 Safari/537.36 Edg/149.0.0.0','FAILED','Wrong password','2026-06-17 08:29:03',NULL),(1442,1,'rmramiso@debesmscat.edu.ph','123.253.136.33','Mozilla/5.0 (Windows NT 10.0; Win64; x64) AppleWebKit/537.36 (KHTML, like Gecko) Chrome/149.0.0.0 Safari/537.36 Edg/149.0.0.0','FAILED','Wrong password','2026-06-17 08:29:11',NULL),(1443,1,'rmramiso@debesmscat.edu.ph','123.253.136.33','Mozilla/5.0 (Windows NT 10.0; Win64; x64) AppleWebKit/537.36 (KHTML, like Gecko) Chrome/149.0.0.0 Safari/537.36 Edg/149.0.0.0','SUCCESS','Login successful','2026-06-17 08:29:29',NULL),(1444,1,'rmramiso@debesmscat.edu.ph','123.253.136.33','Mozilla/5.0 (Windows NT 10.0; Win64; x64) AppleWebKit/537.36 (KHTML, like Gecko) Chrome/149.0.0.0 Safari/537.36 Edg/149.0.0.0','SUCCESS','Session expired due to inactivity','2026-06-17 08:52:29',NULL);
/*!40000 ALTER TABLE `login_audit_trail` ENABLE KEYS */;
UNLOCK TABLES;

--
-- Table structure for table `mov_summary`
--

DROP TABLE IF EXISTS `mov_summary`;
/*!40101 SET @saved_cs_client     = @@character_set_client */;
/*!40101 SET character_set_client = utf8 */;
CREATE TABLE `mov_summary` (
  `id` int(11) NOT NULL AUTO_INCREMENT,
  `faculty_id` int(11) NOT NULL,
  `rating_period` varchar(100) NOT NULL,
  `target_id` int(11) DEFAULT NULL,
  `total_movs` int(11) DEFAULT 0,
  `verified_movs` int(11) DEFAULT 0,
  `pending_movs` int(11) DEFAULT 0,
  `rejected_movs` int(11) DEFAULT 0,
  `total_file_size` bigint(20) DEFAULT 0,
  `last_submission` datetime DEFAULT NULL,
  `date_created` datetime NOT NULL DEFAULT current_timestamp(),
  `date_updated` datetime DEFAULT current_timestamp() ON UPDATE current_timestamp(),
  PRIMARY KEY (`id`),
  UNIQUE KEY `faculty_period_target` (`faculty_id`,`rating_period`,`target_id`),
  KEY `faculty_id` (`faculty_id`),
  KEY `rating_period` (`rating_period`)
) ENGINE=InnoDB AUTO_INCREMENT=36 DEFAULT CHARSET=utf8mb4 COLLATE=utf8mb4_general_ci;
/*!40101 SET character_set_client = @saved_cs_client */;

--
-- Dumping data for table `mov_summary`
--

LOCK TABLES `mov_summary` WRITE;
/*!40000 ALTER TABLE `mov_summary` DISABLE KEYS */;
INSERT INTO `mov_summary` VALUES (1,23,'1st Semester 2025-2026',22,2,0,2,0,704416,'2025-10-19 16:40:00','2026-04-04 16:47:08','2026-04-04 22:40:53'),(7,23,'1st Semester 2025-2026',2,2,0,2,0,494913,'2026-04-08 00:46:00','2026-04-04 22:20:45','2026-04-08 08:46:57'),(12,23,'1st Semester 2025-2026',24,2,0,2,0,5077396,'2025-10-14 16:45:00','2026-04-04 22:44:55','2026-04-04 22:46:31'),(14,23,'1st Semester 2025-2026',23,3,0,3,0,1584389,'2026-04-04 17:25:00','2026-04-04 22:59:17','2026-04-04 23:25:58'),(18,23,'1st Semester 2025-2026',14,1,0,1,0,4650048,'2026-04-04 17:44:00','2026-04-04 23:44:26','2026-04-04 23:44:26'),(19,15,'1st Semester 2025-2026',22,2,0,2,0,1353484,'2025-10-07 03:29:00','2026-04-06 09:22:49','2026-04-06 09:30:01'),(25,15,'1st Semester 2025-2026',23,2,0,2,0,1353484,'2026-04-06 03:43:00','2026-04-06 09:43:11','2026-04-06 09:44:04'),(27,23,'1st Semester 2025-2026',4,1,0,1,0,1080704,'2025-08-06 03:29:00','2026-04-06 11:30:52','2026-04-06 11:30:52'),(30,31,'1st Semester 2025-2026',2,2,0,2,0,1266176,'2026-04-08 05:31:00','2026-04-08 09:18:50','2026-04-08 13:33:14'),(32,25,'1st Semester 2025-2026',4,1,0,1,0,125607,'2026-04-08 05:33:00','2026-04-08 13:34:27','2026-04-08 13:34:27'),(33,29,'1st Semester 2025-2026',22,1,0,1,0,17627,'2025-09-14 23:29:00','2026-04-15 07:30:30','2026-04-15 07:30:30'),(34,21,'1st Semester 2025-2026',3,1,0,1,0,18504,'2025-12-28 23:35:00','2026-04-15 07:37:02','2026-04-15 07:37:02'),(35,30,'1st Semester 2025-2026',6,1,0,1,0,15582,'2025-11-14 23:41:00','2026-04-15 07:43:52','2026-04-15 07:43:52');
/*!40000 ALTER TABLE `mov_summary` ENABLE KEYS */;
UNLOCK TABLES;

--
-- Table structure for table `mov_uploads`
--

DROP TABLE IF EXISTS `mov_uploads`;
/*!40101 SET @saved_cs_client     = @@character_set_client */;
/*!40101 SET character_set_client = utf8 */;
CREATE TABLE `mov_uploads` (
  `id` int(11) NOT NULL AUTO_INCREMENT,
  `faculty_id` int(11) NOT NULL,
  `task_id` int(11) DEFAULT NULL,
  `target_id` int(11) DEFAULT NULL,
  `title` varchar(255) NOT NULL,
  `description` text DEFAULT NULL,
  `file_path` varchar(500) NOT NULL,
  `file_type` varchar(50) NOT NULL,
  `file_name` varchar(255) NOT NULL,
  `file_size` int(11) DEFAULT 0,
  `date_submitted` datetime NOT NULL DEFAULT current_timestamp(),
  `status` enum('Pending','Verified','Rejected') DEFAULT 'Pending',
  `verified_by` int(11) DEFAULT NULL,
  `verified_date` datetime DEFAULT NULL,
  `remarks` text DEFAULT NULL,
  `rating_period` varchar(100) DEFAULT NULL,
  `mov_type` varchar(50) DEFAULT NULL,
  `date_created` datetime NOT NULL DEFAULT current_timestamp(),
  `date_updated` datetime DEFAULT current_timestamp() ON UPDATE current_timestamp(),
  PRIMARY KEY (`id`),
  KEY `faculty_id` (`faculty_id`),
  KEY `task_id` (`task_id`),
  KEY `target_id` (`target_id`),
  KEY `status` (`status`),
  KEY `rating_period` (`rating_period`),
  KEY `idx_date_submitted` (`date_submitted`),
  KEY `idx_faculty_status` (`faculty_id`,`status`)
) ENGINE=InnoDB AUTO_INCREMENT=37 DEFAULT CHARSET=utf8mb4 COLLATE=utf8mb4_general_ci;
/*!40101 SET character_set_client = @saved_cs_client */;

--
-- Dumping data for table `mov_uploads`
--

LOCK TABLES `mov_uploads` WRITE;
/*!40000 ALTER TABLE `mov_uploads` DISABLE KEYS */;
INSERT INTO `mov_uploads` VALUES (24,15,0,22,'AUG 2025','','uploads/mov/e3ac744b40e2650440fde403831852e8','docx','0',1080704,'2025-09-06 03:29:00','Pending',NULL,NULL,NULL,'1st Semester 2025-2026','timeliness','2026-04-06 09:29:30','2026-04-06 09:29:30'),(25,15,0,22,'SEPT 2026','','uploads/mov/1649bf9cc5181768e339339391684025','jpg','0',272780,'2025-10-07 03:29:00','Pending',NULL,NULL,NULL,'1st Semester 2025-2026','timeliness','2026-04-06 09:30:01','2026-04-06 09:30:01'),(26,15,0,23,'Aug 2025','','uploads/mov/1af8cb8bf10b270a0280c540e4e6fa02','docx','0',1080704,'2026-04-06 03:40:00','Pending',NULL,NULL,NULL,'1st Semester 2025-2026','efficiency','2026-04-06 09:43:11','2026-04-06 09:43:11'),(27,15,0,23,'SEP 2025','','uploads/mov/54e4dd4226b9a94a8ffbdcaee22457e6','jpg','0',272780,'2026-04-06 03:43:00','Pending',NULL,NULL,NULL,'1st Semester 2025-2026','efficiency','2026-04-06 09:44:04','2026-04-06 09:44:04'),(28,23,0,4,'CS Elect','','uploads/mov/777b125ef12d0b1275b9c4d7264c2617','docx','0',1080704,'2025-08-06 03:29:00','Pending',NULL,NULL,NULL,'1st Semester 2025-2026','timeliness','2026-04-06 11:30:52','2026-04-06 11:30:52'),(29,23,0,2,'Attendance to classes','','uploads/mov/4768d47061c7822ee5d77f1fd728a2ee','docx','0',208705,'2026-04-08 00:45:00','Pending',NULL,NULL,NULL,'1st Semester 2025-2026','efficiency','2026-04-08 08:46:34','2026-04-08 08:46:34'),(30,23,0,2,'Attendance to classes','','uploads/mov/aefb772db99757aea1f7abb8aa5d0fac','doc','0',286208,'2026-04-08 00:46:00','Pending',NULL,NULL,NULL,'1st Semester 2025-2026','efficiency','2026-04-08 08:46:57','2026-04-08 08:46:57'),(31,31,0,2,'att. to class','','uploads/mov/c991a63b634f8f3a81a4473506beb800','doc','0',758784,'2026-04-08 01:16:00','Pending',NULL,NULL,NULL,'1st Semester 2025-2026','efficiency','2026-04-08 09:18:50','2026-04-08 09:18:50'),(32,31,0,2,'attendance','','uploads/mov/04f6ecbe8cdc422565753171e421b77b','doc','0',507392,'2026-04-08 05:31:00','Pending',NULL,NULL,NULL,'1st Semester 2025-2026','efficiency','2026-04-08 13:33:14','2026-04-08 13:33:14'),(33,25,0,4,'Course Syllabus','','uploads/mov/34c590675c4f4429323f3ba6776ac97f','jpg','8',125607,'2026-04-08 05:33:00','Pending',NULL,NULL,NULL,'1st Semester 2025-2026','timeliness','2026-04-08 13:34:27','2026-04-08 13:34:27'),(34,29,0,22,'TQM','','uploads/mov/7868383f4d7bdb412272a4a5c93d53c5','docx','0',17627,'2025-09-14 23:29:00','Pending',NULL,NULL,NULL,'1st Semester 2025-2026','timeliness','2026-04-15 07:30:30','2026-04-15 07:30:30'),(35,21,0,3,'TOS','','uploads/mov/06c35a68441cce544a7f56054ccc9619','docx','0',18504,'2025-12-28 23:35:00','Pending',NULL,NULL,NULL,'1st Semester 2025-2026','timeliness','2026-04-15 07:37:02','2026-04-15 07:37:02'),(36,30,0,6,'Acknowledgement','','uploads/mov/864c3bf5e26b1f6d622aca7ae53aec53','docx','0',15582,'2025-11-14 23:41:00','Pending',NULL,NULL,NULL,'1st Semester 2025-2026','timeliness','2026-04-15 07:43:52','2026-04-15 07:43:52');
/*!40000 ALTER TABLE `mov_uploads` ENABLE KEYS */;
UNLOCK TABLES;

--
-- Table structure for table `notifications`
--

DROP TABLE IF EXISTS `notifications`;
/*!40101 SET @saved_cs_client     = @@character_set_client */;
/*!40101 SET character_set_client = utf8 */;
CREATE TABLE `notifications` (
  `id` int(11) NOT NULL AUTO_INCREMENT,
  `user_id` int(11) NOT NULL,
  `user_type` tinyint(4) NOT NULL DEFAULT 0,
  `title` varchar(255) NOT NULL,
  `message` text NOT NULL,
  `type` enum('Info','Warning','Success','Danger') NOT NULL DEFAULT 'Info',
  `link` varchar(255) DEFAULT NULL,
  `is_read` tinyint(1) NOT NULL DEFAULT 0,
  `created_at` timestamp NOT NULL DEFAULT current_timestamp(),
  PRIMARY KEY (`id`),
  KEY `idx_user_unread` (`user_id`,`is_read`),
  KEY `idx_created` (`created_at`)
) ENGINE=InnoDB DEFAULT CHARSET=utf8mb4 COLLATE=utf8mb4_general_ci;
/*!40101 SET character_set_client = @saved_cs_client */;

--
-- Dumping data for table `notifications`
--

LOCK TABLES `notifications` WRITE;
/*!40000 ALTER TABLE `notifications` DISABLE KEYS */;
/*!40000 ALTER TABLE `notifications` ENABLE KEYS */;
UNLOCK TABLES;

--
-- Table structure for table `percentage_allocation`
--

DROP TABLE IF EXISTS `percentage_allocation`;
/*!40101 SET @saved_cs_client     = @@character_set_client */;
/*!40101 SET character_set_client = utf8 */;
CREATE TABLE `percentage_allocation` (
  `id` int(11) NOT NULL AUTO_INCREMENT,
  `position_id` int(11) DEFAULT NULL COMMENT 'Academic rank (NULL = all)',
  `designation_id` int(30) DEFAULT 3 COMMENT 'Designation (NULL = no designation/all)',
  `category` varchar(50) NOT NULL COMMENT 'strategic, core, support',
  `sub_category` varchar(50) DEFAULT NULL COMMENT 'instructions, research, extension (for core)',
  `percentage` decimal(5,2) NOT NULL DEFAULT 0.00,
  `is_active` tinyint(1) NOT NULL DEFAULT 1,
  `date_created` datetime NOT NULL DEFAULT current_timestamp(),
  PRIMARY KEY (`id`),
  KEY `position_id` (`position_id`),
  KEY `designation_id` (`designation_id`),
  CONSTRAINT `alloc_designation_fk` FOREIGN KEY (`designation_id`) REFERENCES `designation_list` (`id`) ON DELETE SET NULL,
  CONSTRAINT `alloc_position_fk` FOREIGN KEY (`position_id`) REFERENCES `position_list` (`id`) ON DELETE CASCADE
) ENGINE=InnoDB AUTO_INCREMENT=1102 DEFAULT CHARSET=utf8mb4 COLLATE=utf8mb4_general_ci;
/*!40101 SET character_set_client = @saved_cs_client */;

--
-- Dumping data for table `percentage_allocation`
--

LOCK TABLES `percentage_allocation` WRITE;
/*!40000 ALTER TABLE `percentage_allocation` DISABLE KEYS */;
INSERT INTO `percentage_allocation` VALUES (434,8,3,'support',NULL,10.00,1,'2026-03-30 13:54:09'),(436,9,3,'support',NULL,10.00,1,'2026-03-30 13:54:09'),(438,10,3,'support',NULL,10.00,1,'2026-03-30 13:54:09'),(440,11,3,'support',NULL,10.00,1,'2026-03-30 13:54:09'),(442,12,3,'support',NULL,10.00,1,'2026-03-30 13:54:09'),(469,8,3,'core','total',90.00,1,'2026-03-30 13:56:47'),(471,9,3,'core','total',90.00,1,'2026-03-30 13:56:47'),(473,10,3,'core','total',90.00,1,'2026-03-30 13:56:47'),(475,11,3,'core','total',90.00,1,'2026-03-30 13:56:47'),(477,12,3,'core','total',90.00,1,'2026-03-30 13:56:47'),(533,8,3,'core','research',40.00,1,'2026-03-30 13:57:16'),(534,8,3,'core','extension',20.00,1,'2026-03-30 13:57:16'),(539,9,3,'core','research',40.00,1,'2026-03-30 13:57:16'),(540,9,3,'core','extension',20.00,1,'2026-03-30 13:57:16'),(545,10,3,'core','research',40.00,1,'2026-03-30 13:57:16'),(546,10,3,'core','extension',20.00,1,'2026-03-30 13:57:16'),(551,11,3,'core','research',40.00,1,'2026-03-30 13:57:16'),(552,11,3,'core','extension',20.00,1,'2026-03-30 13:57:16'),(557,12,3,'core','research',40.00,1,'2026-03-30 13:57:16'),(558,12,3,'core','extension',20.00,1,'2026-03-30 13:57:16'),(602,1,3,'core','total',90.00,1,'2026-03-30 14:03:26'),(603,1,3,'support',NULL,10.00,1,'2026-03-30 14:03:26'),(608,2,3,'core','total',90.00,1,'2026-03-30 14:03:26'),(609,2,3,'support',NULL,10.00,1,'2026-03-30 14:03:26'),(614,3,3,'core','total',90.00,1,'2026-03-30 14:03:26'),(615,3,3,'support',NULL,10.00,1,'2026-03-30 14:03:26'),(620,4,3,'core','total',90.00,1,'2026-03-30 14:03:26'),(621,4,3,'support',NULL,10.00,1,'2026-03-30 14:03:26'),(626,5,3,'core','total',90.00,1,'2026-03-30 14:03:26'),(627,5,3,'support',NULL,10.00,1,'2026-03-30 14:03:26'),(632,6,3,'core','total',90.00,1,'2026-03-30 14:03:26'),(633,6,3,'support',NULL,10.00,1,'2026-03-30 14:03:26'),(638,7,3,'core','total',90.00,1,'2026-03-30 14:03:26'),(639,7,3,'support',NULL,10.00,1,'2026-03-30 14:03:26'),(644,1,3,'core','research',20.00,1,'2026-03-30 14:03:38'),(645,1,3,'core','extension',20.00,1,'2026-03-30 14:03:38'),(650,2,3,'core','research',20.00,1,'2026-03-30 14:03:38'),(651,2,3,'core','extension',20.00,1,'2026-03-30 14:03:38'),(656,3,3,'core','research',20.00,1,'2026-03-30 14:03:38'),(657,3,3,'core','extension',20.00,1,'2026-03-30 14:03:38'),(662,4,3,'core','research',20.00,1,'2026-03-30 14:03:38'),(663,4,3,'core','extension',20.00,1,'2026-03-30 14:03:38'),(668,5,3,'core','research',20.00,1,'2026-03-30 14:03:38'),(669,5,3,'core','extension',20.00,1,'2026-03-30 14:03:38'),(674,6,3,'core','research',20.00,1,'2026-03-30 14:03:38'),(675,6,3,'core','extension',20.00,1,'2026-03-30 14:03:38'),(680,7,3,'core','research',20.00,1,'2026-03-30 14:03:38'),(681,7,3,'core','extension',20.00,1,'2026-03-30 14:03:38'),(697,19,3,'core','total',90.00,1,'2026-03-30 14:08:39'),(698,19,3,'support',NULL,10.00,1,'2026-03-30 14:08:39'),(700,19,3,'core','research',20.00,1,'2026-03-30 14:08:39'),(701,19,3,'core','extension',20.00,1,'2026-03-30 14:08:39'),(762,8,2,'strategic',NULL,30.00,1,'2026-03-30 14:16:02'),(763,8,2,'core','total',60.00,1,'2026-03-30 14:16:02'),(765,8,2,'core','research',40.00,1,'2026-03-30 14:16:02'),(766,8,2,'core','extension',20.00,1,'2026-03-30 14:16:02'),(767,8,2,'support',NULL,10.00,1,'2026-03-30 14:16:02'),(768,9,2,'strategic',NULL,30.00,1,'2026-03-30 14:16:02'),(769,9,2,'core','total',60.00,1,'2026-03-30 14:16:02'),(771,9,2,'core','research',40.00,1,'2026-03-30 14:16:02'),(772,9,2,'core','extension',20.00,1,'2026-03-30 14:16:02'),(773,9,2,'support',NULL,10.00,1,'2026-03-30 14:16:02'),(774,10,2,'strategic',NULL,30.00,1,'2026-03-30 14:16:02'),(775,10,2,'core','total',60.00,1,'2026-03-30 14:16:02'),(777,10,2,'core','research',40.00,1,'2026-03-30 14:16:02'),(778,10,2,'core','extension',20.00,1,'2026-03-30 14:16:02'),(779,10,2,'support',NULL,10.00,1,'2026-03-30 14:16:02'),(780,11,2,'strategic',NULL,30.00,1,'2026-03-30 14:16:02'),(781,11,2,'core','total',60.00,1,'2026-03-30 14:16:02'),(783,11,2,'core','research',40.00,1,'2026-03-30 14:16:02'),(784,11,2,'core','extension',20.00,1,'2026-03-30 14:16:02'),(785,11,2,'support',NULL,10.00,1,'2026-03-30 14:16:02'),(786,12,2,'strategic',NULL,30.00,1,'2026-03-30 14:16:02'),(787,12,2,'core','total',60.00,1,'2026-03-30 14:16:02'),(789,12,2,'core','research',40.00,1,'2026-03-30 14:16:02'),(790,12,2,'core','extension',20.00,1,'2026-03-30 14:16:02'),(791,12,2,'support',NULL,10.00,1,'2026-03-30 14:16:02'),(793,13,3,'core','total',90.00,1,'2026-03-30 14:16:21'),(795,13,3,'core','research',50.00,1,'2026-03-30 14:16:21'),(796,13,3,'core','extension',20.00,1,'2026-03-30 14:16:21'),(797,13,3,'support',NULL,10.00,1,'2026-03-30 14:16:21'),(799,14,3,'core','total',90.00,1,'2026-03-30 14:16:21'),(801,14,3,'core','research',50.00,1,'2026-03-30 14:16:21'),(802,14,3,'core','extension',20.00,1,'2026-03-30 14:16:21'),(803,14,3,'support',NULL,10.00,1,'2026-03-30 14:16:21'),(805,15,3,'core','total',90.00,1,'2026-03-30 14:16:21'),(807,15,3,'core','research',50.00,1,'2026-03-30 14:16:21'),(808,15,3,'core','extension',20.00,1,'2026-03-30 14:16:21'),(809,15,3,'support',NULL,10.00,1,'2026-03-30 14:16:21'),(811,16,3,'core','total',90.00,1,'2026-03-30 14:16:21'),(813,16,3,'core','research',50.00,1,'2026-03-30 14:16:21'),(814,16,3,'core','extension',20.00,1,'2026-03-30 14:16:21'),(815,16,3,'support',NULL,10.00,1,'2026-03-30 14:16:21'),(817,17,3,'core','total',90.00,1,'2026-03-30 14:16:21'),(819,17,3,'core','research',50.00,1,'2026-03-30 14:16:21'),(820,17,3,'core','extension',20.00,1,'2026-03-30 14:16:21'),(821,17,3,'support',NULL,10.00,1,'2026-03-30 14:16:21'),(823,18,3,'core','total',90.00,1,'2026-03-30 14:16:21'),(825,18,3,'core','research',50.00,1,'2026-03-30 14:16:21'),(826,18,3,'core','extension',20.00,1,'2026-03-30 14:16:21'),(827,18,3,'support',NULL,10.00,1,'2026-03-30 14:16:21'),(828,13,2,'strategic',NULL,30.00,1,'2026-03-30 14:16:21'),(829,13,2,'core','total',60.00,1,'2026-03-30 14:16:21'),(831,13,2,'core','research',50.00,1,'2026-03-30 14:16:21'),(832,13,2,'core','extension',20.00,1,'2026-03-30 14:16:21'),(833,13,2,'support',NULL,10.00,1,'2026-03-30 14:16:21'),(834,14,2,'strategic',NULL,30.00,1,'2026-03-30 14:16:21'),(835,14,2,'core','total',60.00,1,'2026-03-30 14:16:21'),(837,14,2,'core','research',50.00,1,'2026-03-30 14:16:21'),(838,14,2,'core','extension',20.00,1,'2026-03-30 14:16:21'),(839,14,2,'support',NULL,10.00,1,'2026-03-30 14:16:21'),(840,15,2,'strategic',NULL,30.00,1,'2026-03-30 14:16:21'),(841,15,2,'core','total',60.00,1,'2026-03-30 14:16:21'),(843,15,2,'core','research',50.00,1,'2026-03-30 14:16:21'),(844,15,2,'core','extension',20.00,1,'2026-03-30 14:16:21'),(845,15,2,'support',NULL,10.00,1,'2026-03-30 14:16:21'),(846,16,2,'strategic',NULL,30.00,1,'2026-03-30 14:16:21'),(847,16,2,'core','total',60.00,1,'2026-03-30 14:16:21'),(849,16,2,'core','research',50.00,1,'2026-03-30 14:16:21'),(850,16,2,'core','extension',20.00,1,'2026-03-30 14:16:21'),(851,16,2,'support',NULL,10.00,1,'2026-03-30 14:16:21'),(852,17,2,'strategic',NULL,30.00,1,'2026-03-30 14:16:21'),(853,17,2,'core','total',60.00,1,'2026-03-30 14:16:21'),(855,17,2,'core','research',50.00,1,'2026-03-30 14:16:21'),(856,17,2,'core','extension',20.00,1,'2026-03-30 14:16:21'),(857,17,2,'support',NULL,10.00,1,'2026-03-30 14:16:21'),(858,18,2,'strategic',NULL,30.00,1,'2026-03-30 14:16:21'),(859,18,2,'core','total',60.00,1,'2026-03-30 14:16:21'),(861,18,2,'core','research',50.00,1,'2026-03-30 14:16:21'),(862,18,2,'core','extension',20.00,1,'2026-03-30 14:16:21'),(863,18,2,'support',NULL,10.00,1,'2026-03-30 14:16:21'),(865,1,2,'core','total',60.00,1,'2026-03-30 14:16:44'),(867,1,2,'core','research',20.00,1,'2026-03-30 14:16:44'),(868,1,2,'core','extension',20.00,1,'2026-03-30 14:16:44'),(869,1,2,'support',NULL,10.00,1,'2026-03-30 14:16:44'),(871,2,2,'core','total',60.00,1,'2026-03-30 14:16:44'),(873,2,2,'core','research',20.00,1,'2026-03-30 14:16:44'),(874,2,2,'core','extension',20.00,1,'2026-03-30 14:16:44'),(875,2,2,'support',NULL,10.00,1,'2026-03-30 14:16:44'),(877,3,2,'core','total',60.00,1,'2026-03-30 14:16:44'),(879,3,2,'core','research',20.00,1,'2026-03-30 14:16:44'),(880,3,2,'core','extension',20.00,1,'2026-03-30 14:16:44'),(881,3,2,'support',NULL,10.00,1,'2026-03-30 14:16:44'),(883,4,2,'core','total',60.00,1,'2026-03-30 14:16:44'),(885,4,2,'core','research',20.00,1,'2026-03-30 14:16:44'),(886,4,2,'core','extension',20.00,1,'2026-03-30 14:16:44'),(887,4,2,'support',NULL,10.00,1,'2026-03-30 14:16:44'),(889,5,2,'core','total',60.00,1,'2026-03-30 14:16:44'),(891,5,2,'core','research',20.00,1,'2026-03-30 14:16:44'),(892,5,2,'core','extension',20.00,1,'2026-03-30 14:16:44'),(893,5,2,'support',NULL,10.00,1,'2026-03-30 14:16:44'),(895,6,2,'core','total',60.00,1,'2026-03-30 14:16:44'),(897,6,2,'core','research',20.00,1,'2026-03-30 14:16:44'),(898,6,2,'core','extension',20.00,1,'2026-03-30 14:16:44'),(899,6,2,'support',NULL,10.00,1,'2026-03-30 14:16:44'),(901,7,2,'core','total',60.00,1,'2026-03-30 14:16:44'),(903,7,2,'core','research',20.00,1,'2026-03-30 14:16:44'),(904,7,2,'core','extension',20.00,1,'2026-03-30 14:16:44'),(905,7,2,'support',NULL,10.00,1,'2026-03-30 14:16:44'),(906,8,3,'core','ter',50.00,1,'2026-03-30 14:22:22'),(907,9,3,'core','ter',50.00,1,'2026-03-30 14:22:22'),(908,10,3,'core','ter',50.00,1,'2026-03-30 14:22:22'),(909,11,3,'core','ter',50.00,1,'2026-03-30 14:22:22'),(910,12,3,'core','ter',50.00,1,'2026-03-30 14:22:22'),(911,1,3,'core','ter',50.00,1,'2026-03-30 14:22:22'),(912,2,3,'core','ter',50.00,1,'2026-03-30 14:22:22'),(913,3,3,'core','ter',50.00,1,'2026-03-30 14:22:22'),(914,4,3,'core','ter',50.00,1,'2026-03-30 14:22:22'),(915,5,3,'core','ter',50.00,1,'2026-03-30 14:22:22'),(916,6,3,'core','ter',50.00,1,'2026-03-30 14:22:22'),(917,7,3,'core','ter',50.00,1,'2026-03-30 14:22:22'),(918,19,3,'core','ter',50.00,1,'2026-03-30 14:22:22'),(919,8,2,'core','ter',50.00,1,'2026-03-30 14:22:22'),(920,9,2,'core','ter',50.00,1,'2026-03-30 14:22:22'),(921,10,2,'core','ter',50.00,1,'2026-03-30 14:22:22'),(922,11,2,'core','ter',50.00,1,'2026-03-30 14:22:22'),(923,12,2,'core','ter',50.00,1,'2026-03-30 14:22:22'),(924,13,3,'core','ter',50.00,1,'2026-03-30 14:22:22'),(925,14,3,'core','ter',50.00,1,'2026-03-30 14:22:22'),(926,15,3,'core','ter',50.00,1,'2026-03-30 14:22:22'),(927,16,3,'core','ter',50.00,1,'2026-03-30 14:22:22'),(928,17,3,'core','ter',50.00,1,'2026-03-30 14:22:22'),(929,18,3,'core','ter',50.00,1,'2026-03-30 14:22:22'),(930,13,2,'core','ter',50.00,1,'2026-03-30 14:22:22'),(931,14,2,'core','ter',50.00,1,'2026-03-30 14:22:22'),(932,15,2,'core','ter',50.00,1,'2026-03-30 14:22:22'),(933,16,2,'core','ter',50.00,1,'2026-03-30 14:22:22'),(934,17,2,'core','ter',50.00,1,'2026-03-30 14:22:22'),(935,18,2,'core','ter',50.00,1,'2026-03-30 14:22:22'),(936,1,2,'core','ter',50.00,1,'2026-03-30 14:22:22'),(937,2,2,'core','ter',50.00,1,'2026-03-30 14:22:22'),(938,3,2,'core','ter',50.00,1,'2026-03-30 14:22:22'),(939,4,2,'core','ter',50.00,1,'2026-03-30 14:22:22'),(940,5,2,'core','ter',50.00,1,'2026-03-30 14:22:22'),(941,6,2,'core','ter',50.00,1,'2026-03-30 14:22:22'),(942,7,2,'core','ter',50.00,1,'2026-03-30 14:22:22'),(969,8,3,'core','instruction',50.00,1,'2026-03-30 14:22:22'),(970,9,3,'core','instruction',50.00,1,'2026-03-30 14:22:22'),(971,10,3,'core','instruction',50.00,1,'2026-03-30 14:22:22'),(972,11,3,'core','instruction',50.00,1,'2026-03-30 14:22:22'),(973,12,3,'core','instruction',50.00,1,'2026-03-30 14:22:22'),(974,1,3,'core','instruction',50.00,1,'2026-03-30 14:22:22'),(975,2,3,'core','instruction',50.00,1,'2026-03-30 14:22:22'),(976,3,3,'core','instruction',50.00,1,'2026-03-30 14:22:22'),(977,4,3,'core','instruction',50.00,1,'2026-03-30 14:22:22'),(978,5,3,'core','instruction',50.00,1,'2026-03-30 14:22:22'),(979,6,3,'core','instruction',50.00,1,'2026-03-30 14:22:22'),(980,7,3,'core','instruction',50.00,1,'2026-03-30 14:22:22'),(981,19,3,'core','instruction',50.00,1,'2026-03-30 14:22:22'),(982,8,2,'core','instruction',50.00,1,'2026-03-30 14:22:22'),(983,9,2,'core','instruction',50.00,1,'2026-03-30 14:22:22'),(984,10,2,'core','instruction',50.00,1,'2026-03-30 14:22:22'),(985,11,2,'core','instruction',50.00,1,'2026-03-30 14:22:22'),(986,12,2,'core','instruction',50.00,1,'2026-03-30 14:22:22'),(987,13,3,'core','instruction',50.00,1,'2026-03-30 14:22:22'),(988,14,3,'core','instruction',50.00,1,'2026-03-30 14:22:22'),(989,15,3,'core','instruction',50.00,1,'2026-03-30 14:22:22'),(990,16,3,'core','instruction',50.00,1,'2026-03-30 14:22:22'),(991,17,3,'core','instruction',50.00,1,'2026-03-30 14:22:22'),(992,18,3,'core','instruction',50.00,1,'2026-03-30 14:22:22'),(993,13,2,'core','instruction',50.00,1,'2026-03-30 14:22:22'),(994,14,2,'core','instruction',50.00,1,'2026-03-30 14:22:22'),(995,15,2,'core','instruction',50.00,1,'2026-03-30 14:22:22'),(996,16,2,'core','instruction',50.00,1,'2026-03-30 14:22:22'),(997,17,2,'core','instruction',50.00,1,'2026-03-30 14:22:22'),(998,18,2,'core','instruction',50.00,1,'2026-03-30 14:22:22'),(999,1,2,'core','instruction',50.00,1,'2026-03-30 14:22:22'),(1000,2,2,'core','instruction',50.00,1,'2026-03-30 14:22:22'),(1001,3,2,'core','instruction',50.00,1,'2026-03-30 14:22:22'),(1002,4,2,'core','instruction',50.00,1,'2026-03-30 14:22:22'),(1003,5,2,'core','instruction',50.00,1,'2026-03-30 14:22:22'),(1004,6,2,'core','instruction',50.00,1,'2026-03-30 14:22:22'),(1005,7,2,'core','instruction',50.00,1,'2026-03-30 14:22:22'),(1032,8,3,'core','instructions',40.00,1,'2026-03-30 14:26:58'),(1033,9,3,'core','instructions',40.00,1,'2026-03-30 14:26:58'),(1034,10,3,'core','instructions',40.00,1,'2026-03-30 14:26:58'),(1035,11,3,'core','instructions',40.00,1,'2026-03-30 14:26:58'),(1036,12,3,'core','instructions',40.00,1,'2026-03-30 14:26:58'),(1037,1,3,'core','instructions',60.00,1,'2026-03-30 14:26:58'),(1038,2,3,'core','instructions',60.00,1,'2026-03-30 14:26:58'),(1039,3,3,'core','instructions',60.00,1,'2026-03-30 14:26:58'),(1040,4,3,'core','instructions',60.00,1,'2026-03-30 14:26:58'),(1041,5,3,'core','instructions',60.00,1,'2026-03-30 14:26:58'),(1042,6,3,'core','instructions',60.00,1,'2026-03-30 14:26:58'),(1043,7,3,'core','instructions',60.00,1,'2026-03-30 14:26:58'),(1044,19,3,'core','instructions',100.00,1,'2026-03-30 14:26:58'),(1045,8,2,'core','instructions',40.00,1,'2026-03-30 14:26:58'),(1046,9,2,'core','instructions',40.00,1,'2026-03-30 14:26:58'),(1047,10,2,'core','instructions',40.00,1,'2026-03-30 14:26:58'),(1048,11,2,'core','instructions',40.00,1,'2026-03-30 14:26:58'),(1049,12,2,'core','instructions',40.00,1,'2026-03-30 14:26:58'),(1050,13,3,'core','instructions',30.00,1,'2026-03-30 14:26:58'),(1051,14,3,'core','instructions',30.00,1,'2026-03-30 14:26:58'),(1052,15,3,'core','instructions',30.00,1,'2026-03-30 14:26:58'),(1053,16,3,'core','instructions',30.00,1,'2026-03-30 14:26:58'),(1054,17,3,'core','instructions',30.00,1,'2026-03-30 14:26:58'),(1055,18,3,'core','instructions',30.00,1,'2026-03-30 14:26:58'),(1056,13,2,'core','instructions',30.00,1,'2026-03-30 14:26:58'),(1057,14,2,'core','instructions',30.00,1,'2026-03-30 14:26:58'),(1058,15,2,'core','instructions',30.00,1,'2026-03-30 14:26:58'),(1059,16,2,'core','instructions',30.00,1,'2026-03-30 14:26:58'),(1060,17,2,'core','instructions',30.00,1,'2026-03-30 14:26:58'),(1061,18,2,'core','instructions',30.00,1,'2026-03-30 14:26:58'),(1062,1,2,'core','instructions',60.00,1,'2026-03-30 14:26:58'),(1063,2,2,'core','instructions',60.00,1,'2026-03-30 14:26:58'),(1064,3,2,'core','instructions',60.00,1,'2026-03-30 14:26:58'),(1065,4,2,'core','instructions',60.00,1,'2026-03-30 14:26:58'),(1066,5,2,'core','instructions',60.00,1,'2026-03-30 14:26:58'),(1067,6,2,'core','instructions',60.00,1,'2026-03-30 14:26:58'),(1068,7,2,'core','instructions',60.00,1,'2026-03-30 14:26:58'),(1095,1,2,'strategic',NULL,30.00,1,'2026-03-30 14:28:35'),(1096,2,2,'strategic',NULL,30.00,1,'2026-03-30 14:28:35'),(1097,3,2,'strategic',NULL,30.00,1,'2026-03-30 14:28:35'),(1098,4,2,'strategic',NULL,30.00,1,'2026-03-30 14:28:35'),(1099,5,2,'strategic',NULL,30.00,1,'2026-03-30 14:28:35'),(1100,6,2,'strategic',NULL,30.00,1,'2026-03-30 14:28:35'),(1101,7,2,'strategic',NULL,30.00,1,'2026-03-30 14:28:35');
/*!40000 ALTER TABLE `percentage_allocation` ENABLE KEYS */;
UNLOCK TABLES;

--
-- Table structure for table `performance_documents`
--

DROP TABLE IF EXISTS `performance_documents`;
/*!40101 SET @saved_cs_client     = @@character_set_client */;
/*!40101 SET character_set_client = utf8 */;
CREATE TABLE `performance_documents` (
  `id` int(11) NOT NULL AUTO_INCREMENT,
  `document_type` enum('IPCR','DPCR','OPCR') NOT NULL,
  `faculty_id` int(11) DEFAULT NULL,
  `department_id` int(11) DEFAULT NULL,
  `rating_period_id` int(11) NOT NULL,
  `rating_period_label` varchar(100) NOT NULL,
  `file_path` varchar(500) NOT NULL,
  `file_size` bigint(20) NOT NULL DEFAULT 0,
  `generated_by` int(11) DEFAULT NULL,
  `generated_at` timestamp NOT NULL DEFAULT current_timestamp(),
  PRIMARY KEY (`id`),
  KEY `idx_faculty_period` (`faculty_id`,`rating_period_id`),
  KEY `idx_dept_period` (`department_id`,`rating_period_id`),
  KEY `idx_type` (`document_type`),
  KEY `rating_period_id` (`rating_period_id`),
  CONSTRAINT `performance_documents_ibfk_1` FOREIGN KEY (`rating_period_id`) REFERENCES `rating_period` (`id`) ON DELETE CASCADE
) ENGINE=InnoDB DEFAULT CHARSET=utf8mb4 COLLATE=utf8mb4_general_ci;
/*!40101 SET character_set_client = @saved_cs_client */;

--
-- Dumping data for table `performance_documents`
--

LOCK TABLES `performance_documents` WRITE;
/*!40000 ALTER TABLE `performance_documents` DISABLE KEYS */;
/*!40000 ALTER TABLE `performance_documents` ENABLE KEYS */;
UNLOCK TABLES;

--
-- Table structure for table `position_list`
--

DROP TABLE IF EXISTS `position_list`;
/*!40101 SET @saved_cs_client     = @@character_set_client */;
/*!40101 SET character_set_client = utf8 */;
CREATE TABLE `position_list` (
  `id` int(10) NOT NULL AUTO_INCREMENT,
  `position` varchar(50) NOT NULL,
  PRIMARY KEY (`id`)
) ENGINE=InnoDB AUTO_INCREMENT=20 DEFAULT CHARSET=utf8mb4 COLLATE=utf8mb4_general_ci;
/*!40101 SET character_set_client = @saved_cs_client */;

--
-- Dumping data for table `position_list`
--

LOCK TABLES `position_list` WRITE;
/*!40000 ALTER TABLE `position_list` DISABLE KEYS */;
INSERT INTO `position_list` VALUES (1,'Instructor I'),(2,'Instructor II'),(3,'Instructor III'),(4,'Assistant Professor I'),(5,'Assistant Professor II'),(6,'Assistant Professor III'),(7,'Assistant Professor IV'),(8,'Associate Professor I'),(9,'Associate Professor II'),(10,'Associate Professor III'),(11,'Associate Professor IV'),(12,'Associate Professor V'),(13,'Professor I'),(14,'Professor II'),(15,'Professor III'),(16,'Professor IV'),(17,'Professor V'),(18,'Professor VI'),(19,'Contract of Service');
/*!40000 ALTER TABLE `position_list` ENABLE KEYS */;
UNLOCK TABLES;

--
-- Table structure for table `rating_period`
--

DROP TABLE IF EXISTS `rating_period`;
/*!40101 SET @saved_cs_client     = @@character_set_client */;
/*!40101 SET character_set_client = utf8 */;
CREATE TABLE `rating_period` (
  `id` int(10) NOT NULL AUTO_INCREMENT,
  `semester` varchar(30) NOT NULL,
  `year` varchar(30) NOT NULL,
  `code` varchar(30) NOT NULL,
  `start_date` date DEFAULT NULL,
  `end_date` date DEFAULT NULL,
  `auto_cascade` tinyint(1) NOT NULL DEFAULT 0 COMMENT 'Auto-accumulate from lower level',
  `period_type` varchar(10) NOT NULL DEFAULT 'IPCR' COMMENT 'IPCR, DP, OPCR',
  `is_active` tinyint(1) NOT NULL DEFAULT 1,
  PRIMARY KEY (`id`)
) ENGINE=InnoDB AUTO_INCREMENT=4 DEFAULT CHARSET=utf8mb4 COLLATE=utf8mb4_general_ci;
/*!40101 SET character_set_client = @saved_cs_client */;

--
-- Dumping data for table `rating_period`
--

LOCK TABLES `rating_period` WRITE;
/*!40000 ALTER TABLE `rating_period` DISABLE KEYS */;
INSERT INTO `rating_period` VALUES (1,'1st Semester','2025-2026','1-2526','2025-08-01','2025-12-31',1,'IPCR',1),(2,'1st Semester','2025-2026','DP-1-2526','2026-01-01','2026-01-31',1,'DP',1),(3,'1st Semester','2025-2026','OPCR-1-2526','2026-02-01','2026-02-28',0,'OPCR',1);
/*!40000 ALTER TABLE `rating_period` ENABLE KEYS */;
UNLOCK TABLES;

--
-- Table structure for table `ratings`
--

DROP TABLE IF EXISTS `ratings`;
/*!40101 SET @saved_cs_client     = @@character_set_client */;
/*!40101 SET character_set_client = utf8 */;
CREATE TABLE `ratings` (
  `id` int(30) NOT NULL AUTO_INCREMENT,
  `employee_id` int(30) NOT NULL,
  `task_id` int(30) NOT NULL,
  `evaluator_id` int(30) NOT NULL,
  `efficiency` float NOT NULL,
  `timeliness` float NOT NULL,
  `quality` float NOT NULL,
  `remarks` text NOT NULL,
  `date_created` datetime NOT NULL DEFAULT current_timestamp(),
  `ratedOn` datetime NOT NULL DEFAULT current_timestamp(),
  `rating_period` varchar(30) NOT NULL,
  `period_type` varchar(10) NOT NULL DEFAULT 'IPCR' COMMENT 'IPCR, DP, OPCR',
  PRIMARY KEY (`id`)
) ENGINE=InnoDB AUTO_INCREMENT=170 DEFAULT CHARSET=utf8mb4 COLLATE=utf8mb4_general_ci;
/*!40101 SET character_set_client = @saved_cs_client */;

--
-- Dumping data for table `ratings`
--

LOCK TABLES `ratings` WRITE;
/*!40000 ALTER TABLE `ratings` DISABLE KEYS */;
INSERT INTO `ratings` VALUES (2,1,1,1,5,4,5,'Sample','2020-12-05 15:18:40','2025-09-22 17:25:35','1-2526','IPCR'),(21,26,3,0,0,5,0,'','2026-03-23 23:30:09','2026-03-23 23:30:09','1-2526','IPCR'),(39,26,1,0,5,0,0,'','2026-03-24 10:42:27','2026-03-24 10:42:27','1-2526','IPCR'),(40,26,2,0,5,0,0,'','2026-03-24 10:43:44','2026-03-24 10:43:44','1-2526','IPCR'),(42,15,1,0,5,0,0,'','2026-03-24 12:24:19','2026-03-24 12:24:19','1-2526','IPCR'),(43,2,6,0,0,5,0,'','2026-03-25 10:12:30','2026-03-25 10:12:30','1-2526','IPCR'),(44,16,16,0,0,0,5,'','2026-04-07 20:21:17','2026-04-07 20:21:17','1-2526','IPCR'),(45,16,15,0,0,0,5,'','2026-04-07 20:21:28','2026-04-07 20:21:28','1-2526','IPCR'),(46,23,5,0,0,5,0,'','2026-04-07 20:21:52','2026-04-07 20:21:52','1-2526','IPCR'),(47,23,4,0,0,5,0,'','2026-04-07 20:21:55','2026-04-07 20:21:55','1-2526','IPCR'),(48,15,15,0,0,0,5,'','2026-04-07 20:24:26','2026-04-07 20:24:26','1-2526','IPCR'),(49,31,2,0,4,0,0,'','2026-04-08 08:38:05','2026-04-08 08:38:05','1-2526','IPCR'),(51,14,1,0,5,0,0,'','2026-04-09 16:57:19','2026-04-09 16:57:19','1-2526','IPCR'),(52,14,16,0,0,0,5,'','2026-04-09 16:57:24','2026-04-09 16:57:24','1-2526','IPCR'),(53,14,15,0,0,0,4,'','2026-04-09 16:57:29','2026-04-09 16:57:29','1-2526','IPCR'),(54,23,6,0,0,5,0,'','2026-04-09 17:01:51','2026-04-09 17:01:51','1-2526','IPCR'),(55,23,2,0,5,0,0,'','2026-04-13 16:10:14','2026-04-13 16:10:14','1-2526','IPCR'),(56,23,24,0,0,4,0,'','2026-04-13 16:10:17','2026-04-13 16:10:17','1-2526','IPCR'),(57,23,23,0,4,0,0,'','2026-04-13 16:10:22','2026-04-13 16:10:22','1-2526','IPCR'),(58,23,22,0,0,5,0,'','2026-04-13 16:10:28','2026-04-13 16:10:28','1-2526','IPCR'),(59,23,1,0,5,0,0,'','2026-04-13 16:10:31','2026-04-13 16:10:31','1-2526','IPCR'),(60,19,5,0,0,5,0,'','2026-04-13 16:12:10','2026-04-13 16:12:10','1-2526','IPCR'),(61,19,3,0,0,5,0,'','2026-04-13 16:12:13','2026-04-13 16:12:13','1-2526','IPCR'),(62,19,2,0,5,0,0,'','2026-04-13 16:12:16','2026-04-13 16:12:16','1-2526','IPCR'),(63,19,4,0,0,5,0,'','2026-04-13 16:12:43','2026-04-13 16:12:43','1-2526','IPCR'),(64,15,16,0,0,0,5,'','2026-04-13 16:14:03','2026-04-13 16:14:03','1-2526','IPCR'),(65,25,23,0,5,0,0,'','2026-04-13 16:17:45','2026-04-13 16:17:45','1-2526','IPCR'),(66,25,7,0,0,5,0,'','2026-04-13 16:17:48','2026-04-13 16:17:48','1-2526','IPCR'),(67,25,6,0,0,5,0,'','2026-04-13 16:17:51','2026-04-13 16:17:51','1-2526','IPCR'),(68,25,5,0,0,4,0,'','2026-04-13 16:17:54','2026-04-13 16:17:54','1-2526','IPCR'),(69,25,4,0,0,5,0,'','2026-04-13 16:17:56','2026-04-13 16:17:56','1-2526','IPCR'),(70,25,3,0,0,5,0,'','2026-04-13 16:17:59','2026-04-13 16:17:59','1-2526','IPCR'),(71,23,7,0,0,5,0,'','2026-04-13 16:18:51','2026-04-13 16:18:51','1-2526','IPCR'),(72,23,3,0,0,5,0,'','2026-04-13 16:19:10','2026-04-13 16:19:10','1-2526','IPCR'),(73,15,3,0,0,5,0,'','2026-04-13 16:22:26','2026-04-13 16:22:26','1-2526','IPCR'),(74,15,6,0,0,3,0,'','2026-04-13 16:22:29','2026-04-13 16:22:29','1-2526','IPCR'),(75,15,2,0,4,0,0,'','2026-04-13 16:22:32','2026-04-13 16:22:32','1-2526','IPCR'),(76,15,17,0,4,0,0,'','2026-04-13 16:22:35','2026-04-13 16:22:35','1-2526','IPCR'),(77,8,4,0,0,5,0,'','2026-04-13 16:31:49','2026-04-13 16:31:49','1-2526','IPCR'),(78,8,15,0,0,0,5,'','2026-04-13 16:31:53','2026-04-13 16:31:53','1-2526','IPCR'),(79,8,22,0,0,4,0,'','2026-04-14 14:25:32','2026-04-14 14:25:32','1-2526','IPCR'),(80,8,24,0,0,5,0,'','2026-04-14 14:25:33','2026-04-14 14:25:33','1-2526','IPCR'),(81,8,7,0,0,5,0,'','2026-04-14 14:25:35','2026-04-14 14:25:35','1-2526','IPCR'),(82,17,12,0,5,0,4,'','2026-04-14 16:15:20','2026-04-14 16:15:20','1-2526','IPCR'),(83,17,15,0,0,0,3,'','2026-04-14 16:15:27','2026-04-14 16:15:27','1-2526','IPCR'),(84,17,4,0,0,2,0,'','2026-04-14 16:15:30','2026-04-14 16:15:30','1-2526','IPCR'),(85,17,2,0,5,0,0,'','2026-04-14 16:15:34','2026-04-14 16:15:34','1-2526','IPCR'),(86,12,24,0,0,5,0,'','2026-04-14 16:25:34','2026-04-14 16:25:34','1-2526','IPCR'),(87,12,12,0,4,0,3,'','2026-04-14 16:25:54','2026-04-14 16:25:54','1-2526','IPCR'),(88,12,11,0,0,0,5,'','2026-04-14 16:26:05','2026-04-14 16:26:05','1-2526','IPCR'),(89,12,6,0,0,5,0,'','2026-04-14 16:26:08','2026-04-14 16:26:08','1-2526','IPCR'),(90,12,2,0,5,0,0,'','2026-04-14 16:26:11','2026-04-14 16:26:11','1-2526','IPCR'),(91,12,16,0,0,0,5,'','2026-04-14 16:26:15','2026-04-14 16:26:15','1-2526','IPCR'),(92,12,15,0,0,0,5,'','2026-04-14 16:26:18','2026-04-14 16:26:18','1-2526','IPCR'),(93,28,22,0,0,5,0,'','2026-04-14 16:31:56','2026-04-14 16:31:56','1-2526','IPCR'),(94,28,5,0,0,4,0,'','2026-04-14 16:32:00','2026-04-14 16:32:00','1-2526','IPCR'),(95,28,4,0,0,5,0,'','2026-04-14 16:32:03','2026-04-14 16:32:03','1-2526','IPCR'),(96,28,3,0,0,4,0,'','2026-04-14 16:32:07','2026-04-14 16:32:07','1-2526','IPCR'),(97,28,2,0,4,0,0,'','2026-04-14 16:32:11','2026-04-14 16:32:11','1-2526','IPCR'),(98,24,6,0,0,4,0,'','2026-04-15 07:01:14','2026-04-15 07:01:14','1-2526','IPCR'),(99,24,22,0,0,4,0,'','2026-04-15 07:01:17','2026-04-15 07:01:17','1-2526','IPCR'),(100,24,2,0,5,0,0,'','2026-04-15 07:01:20','2026-04-15 07:01:20','1-2526','IPCR'),(101,24,24,0,0,4,0,'','2026-04-15 07:01:22','2026-04-15 07:01:22','1-2526','IPCR'),(102,24,4,0,0,4,0,'','2026-04-15 07:01:25','2026-04-15 07:01:25','1-2526','IPCR'),(103,18,3,0,0,5,0,'','2026-04-15 07:05:37','2026-04-15 07:05:37','1-2526','IPCR'),(104,18,18,0,0,4,0,'','2026-04-15 07:05:40','2026-04-15 07:05:40','1-2526','IPCR'),(105,18,5,0,0,4,0,'','2026-04-15 07:05:42','2026-04-15 07:05:42','1-2526','IPCR'),(106,18,17,0,5,0,0,'','2026-04-15 07:05:46','2026-04-15 07:05:46','1-2526','IPCR'),(107,18,15,0,0,0,5,'','2026-04-15 07:05:49','2026-04-15 07:05:49','1-2526','IPCR'),(108,2,24,0,0,5,0,'','2026-04-15 07:06:47','2026-04-15 07:06:47','1-2526','IPCR'),(109,2,15,0,0,0,5,'','2026-04-15 07:06:50','2026-04-15 07:06:50','1-2526','IPCR'),(110,2,4,0,0,4,0,'','2026-04-15 07:06:53','2026-04-15 07:06:53','1-2526','IPCR'),(111,27,2,0,5,0,0,'','2026-04-15 07:25:39','2026-04-15 07:25:39','1-2526','IPCR'),(112,27,24,0,0,4,0,'','2026-04-15 07:25:42','2026-04-15 07:25:42','1-2526','IPCR'),(113,27,5,0,0,5,0,'','2026-04-15 07:25:44','2026-04-15 07:25:44','1-2526','IPCR'),(114,27,4,0,0,5,0,'','2026-04-15 07:25:46','2026-04-15 07:25:46','1-2526','IPCR'),(115,29,23,0,5,0,0,'','2026-04-15 07:31:47','2026-04-15 07:31:47','1-2526','IPCR'),(116,29,6,0,0,3,0,'','2026-04-15 07:31:49','2026-04-15 07:31:49','1-2526','IPCR'),(117,29,5,0,0,5,0,'','2026-04-15 07:31:52','2026-04-15 07:31:52','1-2526','IPCR'),(118,29,4,0,0,5,0,'','2026-04-15 07:31:54','2026-04-15 07:31:54','1-2526','IPCR'),(119,21,6,0,0,5,0,'','2026-04-15 07:34:31','2026-04-15 07:34:31','1-2526','IPCR'),(120,21,24,0,0,5,0,'','2026-04-15 07:34:34','2026-04-15 07:34:34','1-2526','IPCR'),(121,21,22,0,0,5,0,'','2026-04-15 07:34:36','2026-04-15 07:34:36','1-2526','IPCR'),(122,21,2,0,5,0,0,'','2026-04-15 07:34:39','2026-04-15 07:34:39','1-2526','IPCR'),(123,30,23,0,5,0,0,'','2026-04-15 07:44:30','2026-04-15 07:44:30','1-2526','IPCR'),(124,30,3,0,0,5,0,'','2026-04-15 07:44:32','2026-04-15 07:44:32','1-2526','IPCR'),(125,30,24,0,0,4,0,'','2026-04-15 07:44:35','2026-04-15 07:44:35','1-2526','IPCR'),(126,30,22,0,0,5,0,'','2026-04-15 07:44:37','2026-04-15 07:44:37','1-2526','IPCR'),(127,30,4,0,0,5,0,'','2026-04-15 07:44:40','2026-04-15 07:44:40','1-2526','IPCR'),(128,30,7,0,0,5,0,'','2026-04-15 07:44:42','2026-04-15 07:44:42','1-2526','IPCR'),(129,30,6,0,0,4,0,'','2026-04-15 07:44:46','2026-04-15 07:44:46','1-2526','IPCR'),(130,30,2,0,5,0,0,'','2026-04-15 07:44:50','2026-04-15 07:44:50','1-2526','IPCR'),(131,30,1,0,4,0,0,'','2026-04-15 07:44:53','2026-04-15 07:44:53','1-2526','IPCR'),(132,30,5,0,0,5,0,'','2026-04-15 07:44:55','2026-04-15 07:44:55','1-2526','IPCR'),(133,15,24,0,0,5,0,'','2026-04-15 07:50:48','2026-04-15 07:50:48','1-2526','IPCR'),(134,15,28,0,5,0,0,'','2026-04-15 07:50:54','2026-04-15 07:50:54','1-2526','IPCR'),(135,15,26,0,4,0,0,'','2026-04-15 07:50:59','2026-04-15 07:50:59','1-2526','IPCR'),(136,15,14,0,0,0,3,'','2026-04-15 07:51:05','2026-04-15 07:51:05','1-2526','IPCR'),(137,15,12,0,5,0,4,'','2026-04-15 07:51:19','2026-04-15 07:51:19','1-2526','IPCR'),(138,15,7,0,0,5,0,'','2026-04-15 07:51:31','2026-04-15 07:51:31','1-2526','IPCR'),(139,15,11,0,0,0,3,'','2026-04-15 07:51:44','2026-04-15 07:51:44','1-2526','IPCR'),(140,15,5,0,0,5,0,'','2026-04-15 07:51:53','2026-04-15 07:51:53','1-2526','IPCR'),(141,15,4,0,0,5,0,'','2026-04-15 07:52:01','2026-04-15 07:52:01','1-2526','IPCR'),(142,32,23,0,5,0,0,'','2026-04-15 08:03:41','2026-04-15 08:03:41','1-2526','IPCR'),(143,32,7,0,0,5,0,'','2026-04-15 08:03:48','2026-04-15 08:03:48','1-2526','IPCR'),(144,32,2,0,5,0,0,'','2026-04-15 08:03:53','2026-04-15 08:03:53','1-2526','IPCR'),(145,32,24,0,0,5,0,'','2026-04-15 08:03:58','2026-04-15 08:03:58','1-2526','IPCR'),(146,32,6,0,0,5,0,'','2026-04-15 08:04:04','2026-04-15 08:04:04','1-2526','IPCR'),(147,32,22,0,0,3,0,'','2026-04-15 08:04:11','2026-04-15 08:04:11','1-2526','IPCR'),(148,32,1,0,4.85,0,0,'','2026-04-15 08:04:25','2026-04-15 08:04:25','1-2526','IPCR'),(149,32,5,0,0,4,0,'','2026-04-15 08:04:37','2026-04-15 08:04:37','1-2526','IPCR'),(150,32,4,0,0,5,0,'','2026-04-15 08:04:44','2026-04-15 08:04:44','1-2526','IPCR'),(151,32,3,0,0,4,0,'','2026-04-15 08:04:52','2026-04-15 08:04:52','1-2526','IPCR'),(152,2,3,0,0,5,0,'','2026-04-15 08:10:57','2026-04-15 08:10:57','1-2526','IPCR'),(153,2,2,0,5,0,0,'','2026-04-15 08:11:04','2026-04-15 08:11:04','1-2526','IPCR'),(154,2,16,0,0,0,4.5,'','2026-04-15 08:11:15','2026-04-15 08:11:15','1-2526','IPCR'),(155,2,17,0,4,0,0,'','2026-04-15 08:11:23','2026-04-15 08:11:23','1-2526','IPCR'),(156,2,7,0,0,5,0,'','2026-04-15 08:11:30','2026-04-15 08:11:30','1-2526','IPCR'),(157,2,26,0,3.8,0,0,'','2026-04-15 08:11:43','2026-04-15 08:11:43','1-2526','IPCR'),(158,21,23,0,5,0,0,'','2026-04-15 13:09:00','2026-04-15 13:09:00','1-2526','IPCR'),(159,21,4,0,0,5,0,'','2026-04-15 13:09:03','2026-04-15 13:09:03','1-2526','IPCR'),(160,15,27,0,3,0,0,'','2026-04-16 07:11:56','2026-04-16 07:11:56','1-2526','IPCR'),(161,7,14,0,0,0,5,'','2026-04-16 09:32:46','2026-04-16 09:32:46','1-2526','IPCR'),(162,7,11,0,0,0,4,'','2026-04-16 09:32:50','2026-04-16 09:32:50','1-2526','IPCR'),(163,7,23,0,5,0,0,'','2026-04-16 09:32:52','2026-04-16 09:32:52','1-2526','IPCR'),(165,6,3,0,0,4,0,'','2026-04-16 09:42:53','2026-04-16 09:42:53','1-2526','IPCR'),(166,6,2,0,5,0,0,'','2026-04-16 09:43:04','2026-04-16 09:43:04','1-2526','IPCR'),(167,6,16,0,0,0,5,'','2026-04-16 09:43:49','2026-04-16 09:43:49','1-2526','IPCR'),(168,24,1,0,4.92,0,0,'','2026-04-17 13:43:13','2026-04-17 13:43:13','1-2526','IPCR'),(169,19,1,0,4.97,0,0,'','2026-04-17 13:46:30','2026-04-17 13:46:30','1-2526','IPCR');
/*!40000 ALTER TABLE `ratings` ENABLE KEYS */;
UNLOCK TABLES;

--
-- Table structure for table `remember_tokens`
--

DROP TABLE IF EXISTS `remember_tokens`;
/*!40101 SET @saved_cs_client     = @@character_set_client */;
/*!40101 SET character_set_client = utf8 */;
CREATE TABLE `remember_tokens` (
  `id` int(11) NOT NULL AUTO_INCREMENT,
  `user_id` int(11) NOT NULL,
  `user_type` tinyint(4) NOT NULL COMMENT '0=faculty,1=evaluator,2=admin',
  `selector` char(32) NOT NULL,
  `hashed_validator` char(64) NOT NULL,
  `expires` datetime NOT NULL,
  `created_at` timestamp NOT NULL DEFAULT current_timestamp(),
  PRIMARY KEY (`id`),
  KEY `idx_selector` (`selector`),
  KEY `idx_user` (`user_id`,`user_type`)
) ENGINE=InnoDB DEFAULT CHARSET=utf8mb4 COLLATE=utf8mb4_general_ci;
/*!40101 SET character_set_client = @saved_cs_client */;

--
-- Dumping data for table `remember_tokens`
--

LOCK TABLES `remember_tokens` WRITE;
/*!40000 ALTER TABLE `remember_tokens` DISABLE KEYS */;
/*!40000 ALTER TABLE `remember_tokens` ENABLE KEYS */;
UNLOCK TABLES;

--
-- Table structure for table `renewal_recommendations`
--

DROP TABLE IF EXISTS `renewal_recommendations`;
/*!40101 SET @saved_cs_client     = @@character_set_client */;
/*!40101 SET character_set_client = utf8 */;
CREATE TABLE `renewal_recommendations` (
  `id` int(30) NOT NULL AUTO_INCREMENT,
  `faculty_id` int(30) NOT NULL,
  `evaluator_id` int(30) NOT NULL,
  `rating_period` varchar(100) NOT NULL,
  `overall_score` decimal(5,2) NOT NULL,
  `instruction_ave` decimal(5,2) DEFAULT NULL,
  `support_ave` decimal(5,2) DEFAULT NULL,
  `total_tasks` int(11) NOT NULL DEFAULT 0,
  `verified_tasks` int(11) NOT NULL DEFAULT 0,
  `avg_efficiency` decimal(3,2) DEFAULT NULL,
  `avg_timeliness` decimal(3,2) DEFAULT NULL,
  `avg_quality` decimal(3,2) DEFAULT NULL,
  `recommendation_status` enum('Pending','Recommended','Not Recommended','For Review') DEFAULT 'Pending',
  `system_generated_reason` text NOT NULL,
  `dean_reason` text DEFAULT NULL,
  `dean_decision` enum('Pending','Approved','Rejected') DEFAULT 'Pending',
  `dean_decision_date` datetime DEFAULT NULL,
  `created_at` datetime NOT NULL DEFAULT current_timestamp(),
  `updated_at` datetime NOT NULL DEFAULT current_timestamp() ON UPDATE current_timestamp(),
  PRIMARY KEY (`id`),
  KEY `faculty_id` (`faculty_id`),
  KEY `evaluator_id` (`evaluator_id`)
) ENGINE=InnoDB AUTO_INCREMENT=10 DEFAULT CHARSET=utf8mb4 COLLATE=utf8mb4_general_ci;
/*!40101 SET character_set_client = @saved_cs_client */;

--
-- Dumping data for table `renewal_recommendations`
--

LOCK TABLES `renewal_recommendations` WRITE;
/*!40000 ALTER TABLE `renewal_recommendations` DISABLE KEYS */;
INSERT INTO `renewal_recommendations` VALUES (5,23,1,'1-2526',4.63,5.00,4.33,10,0,1.40,3.40,0.00,'Recommended','The faculty has demonstrated VERY SATISFACTORY performance with an overall weighted score of 4.63 out of 5.0. For Contract of Service (COS) Faculty: Instruction Average: 5 (OUTSTANDING) - Weighted at 90%. Support Function Average: 4.33 (VERY SATISFACTORY) - Weighted at 10%. A total of 10 rating(s) were submitted for evaluation. Based on the satisfactory performance indicators, this faculty member is RECOMMENDED for contract renewal.',NULL,'Pending',NULL,'2026-04-15 07:09:16','2026-04-15 07:09:16'),(6,25,1,'1-2526',3.65,2.00,5.00,6,0,0.83,4.00,0.00,'Recommended','The faculty has demonstrated VERY SATISFACTORY performance with an overall weighted score of 3.65 out of 5.0. For Contract of Service (COS) Faculty: Instruction Average: 2 (UNSATISFACTORY) - Weighted at 90%. Support Function Average: 5 (OUTSTANDING) - Weighted at 10%. A total of 6 rating(s) were submitted for evaluation. Based on the satisfactory performance indicators, this faculty member is RECOMMENDED for contract renewal.',NULL,'Pending',NULL,'2026-04-15 07:09:24','2026-04-15 07:09:24'),(7,30,1,'1-2526',4.55,4.42,4.67,10,0,1.40,3.30,0.00,'Recommended','The faculty has demonstrated VERY SATISFACTORY performance with an overall weighted score of 4.55 out of 5.0. For Contract of Service (COS) Faculty: Instruction Average: 4.42 (VERY SATISFACTORY) - Weighted at 90%. Support Function Average: 4.67 (VERY SATISFACTORY) - Weighted at 10%. A total of 10 rating(s) were submitted for evaluation. Based on the satisfactory performance indicators, this faculty member is RECOMMENDED for contract renewal.',NULL,'Pending',NULL,'2026-04-15 07:50:10','2026-04-15 07:50:10'),(8,32,1,'1-2526',4.52,4.76,4.33,10,0,1.49,3.10,0.00,'Recommended','The faculty has demonstrated VERY SATISFACTORY performance with an overall weighted score of 4.52 out of 5.0. For Contract of Service (COS) Faculty: Instruction Average: 4.76 (OUTSTANDING) - Weighted at 90%. Support Function Average: 4.33 (VERY SATISFACTORY) - Weighted at 10%. A total of 10 rating(s) were submitted for evaluation. Based on the satisfactory performance indicators, this faculty member is RECOMMENDED for contract renewal.',NULL,'Pending',NULL,'2026-04-16 20:09:07','2026-04-16 20:09:07'),(9,31,1,'1-2526',0.30,0.33,0.00,1,0,4.00,0.00,0.00,'Not Recommended','The faculty has demonstrated POOR performance with an overall weighted score of 0.30 out of 5.0. For Contract of Service (COS) Faculty: Instruction Average: 0.33 (POOR) - Weighted at 90%. A total of 1 rating(s) were submitted for evaluation. Based on the poor performance indicators, this faculty member is NOT RECOMMENDED for contract renewal at this time.',NULL,'Pending',NULL,'2026-04-17 15:48:13','2026-04-17 15:48:13');
/*!40000 ALTER TABLE `renewal_recommendations` ENABLE KEYS */;
UNLOCK TABLES;

--
-- Table structure for table `system_backups`
--

DROP TABLE IF EXISTS `system_backups`;
/*!40101 SET @saved_cs_client     = @@character_set_client */;
/*!40101 SET character_set_client = utf8 */;
CREATE TABLE `system_backups` (
  `id` int(11) NOT NULL AUTO_INCREMENT,
  `backup_file` varchar(255) NOT NULL,
  `backup_size` bigint(20) NOT NULL DEFAULT 0,
  `backup_type` varchar(50) NOT NULL DEFAULT 'Full',
  `status` varchar(20) NOT NULL DEFAULT 'Success',
  `error_message` text DEFAULT NULL,
  `created_by` int(11) DEFAULT NULL,
  `created_at` timestamp NOT NULL DEFAULT current_timestamp(),
  PRIMARY KEY (`id`)
) ENGINE=InnoDB DEFAULT CHARSET=utf8mb4 COLLATE=utf8mb4_general_ci;
/*!40101 SET character_set_client = @saved_cs_client */;

--
-- Dumping data for table `system_backups`
--

LOCK TABLES `system_backups` WRITE;
/*!40000 ALTER TABLE `system_backups` DISABLE KEYS */;
/*!40000 ALTER TABLE `system_backups` ENABLE KEYS */;
UNLOCK TABLES;

--
-- Table structure for table `system_settings`
--

DROP TABLE IF EXISTS `system_settings`;
/*!40101 SET @saved_cs_client     = @@character_set_client */;
/*!40101 SET character_set_client = utf8 */;
CREATE TABLE `system_settings` (
  `id` int(30) NOT NULL AUTO_INCREMENT,
  `name` text NOT NULL,
  `email` varchar(200) NOT NULL,
  `contact` varchar(20) NOT NULL,
  `address` text NOT NULL,
  `cover_img` text DEFAULT NULL,
  PRIMARY KEY (`id`)
) ENGINE=InnoDB AUTO_INCREMENT=2 DEFAULT CHARSET=utf8mb4 COLLATE=utf8mb4_general_ci;
/*!40101 SET character_set_client = @saved_cs_client */;

--
-- Dumping data for table `system_settings`
--

LOCK TABLES `system_settings` WRITE;
/*!40000 ALTER TABLE `system_settings` DISABLE KEYS */;
INSERT INTO `system_settings` VALUES (1,'Faculty Performance Documentation and Evaluation System','','+6948 8542 623','','');
/*!40000 ALTER TABLE `system_settings` ENABLE KEYS */;
UNLOCK TABLES;

--
-- Table structure for table `target_deadlines`
--

DROP TABLE IF EXISTS `target_deadlines`;
/*!40101 SET @saved_cs_client     = @@character_set_client */;
/*!40101 SET character_set_client = utf8 */;
CREATE TABLE `target_deadlines` (
  `id` int(11) NOT NULL AUTO_INCREMENT,
  `target_id` int(11) NOT NULL,
  `deadline` date NOT NULL,
  `created_at` timestamp NOT NULL DEFAULT current_timestamp(),
  PRIMARY KEY (`id`),
  KEY `target_id` (`target_id`),
  CONSTRAINT `target_deadlines_ibfk_1` FOREIGN KEY (`target_id`) REFERENCES `task_list` (`id`) ON DELETE CASCADE
) ENGINE=InnoDB AUTO_INCREMENT=16 DEFAULT CHARSET=utf8mb4 COLLATE=utf8mb4_general_ci;
/*!40101 SET character_set_client = @saved_cs_client */;

--
-- Dumping data for table `target_deadlines`
--

LOCK TABLES `target_deadlines` WRITE;
/*!40000 ALTER TABLE `target_deadlines` DISABLE KEYS */;
INSERT INTO `target_deadlines` VALUES (1,22,'2025-09-15','2026-04-04 14:40:02'),(2,22,'2025-10-15','2026-04-04 14:40:53'),(3,24,'2025-10-15','2026-04-04 14:44:55'),(4,24,'2025-10-15','2026-04-04 14:46:31'),(5,22,'2026-09-15','2026-04-06 01:22:49'),(6,22,'2026-10-15','2026-04-06 01:23:32'),(7,22,'2025-09-15','2026-04-06 01:25:58'),(8,22,'2026-10-15','2026-04-06 01:26:28'),(9,22,'2026-09-15','2026-04-06 01:29:30'),(10,22,'2025-10-15','2026-04-06 01:30:01'),(11,4,'2025-08-15','2026-04-06 03:30:52'),(12,4,'2025-08-25','2026-04-08 05:34:27'),(13,22,'2025-11-02','2026-04-14 23:30:30'),(14,3,'2025-10-12','2026-04-14 23:37:02'),(15,6,'2025-12-22','2026-04-14 23:43:52');
/*!40000 ALTER TABLE `target_deadlines` ENABLE KEYS */;
UNLOCK TABLES;

--
-- Table structure for table `target_exemptions`
--

DROP TABLE IF EXISTS `target_exemptions`;
/*!40101 SET @saved_cs_client     = @@character_set_client */;
/*!40101 SET character_set_client = utf8 */;
CREATE TABLE `target_exemptions` (
  `id` int(11) NOT NULL AUTO_INCREMENT,
  `task_id` int(11) NOT NULL,
  `position_id` int(11) DEFAULT NULL,
  `designation_id` int(11) DEFAULT NULL,
  `sub_category` varchar(50) DEFAULT NULL,
  `reason` varchar(255) DEFAULT NULL,
  `created_by` int(11) DEFAULT NULL,
  `date_created` datetime DEFAULT current_timestamp(),
  PRIMARY KEY (`id`),
  UNIQUE KEY `unique_exemption` (`task_id`,`position_id`,`designation_id`)
) ENGINE=InnoDB AUTO_INCREMENT=10 DEFAULT CHARSET=utf8mb4 COLLATE=utf8mb4_general_ci;
/*!40101 SET character_set_client = @saved_cs_client */;

--
-- Dumping data for table `target_exemptions`
--

LOCK TABLES `target_exemptions` WRITE;
/*!40000 ALTER TABLE `target_exemptions` DISABLE KEYS */;
INSERT INTO `target_exemptions` VALUES (1,18,19,NULL,NULL,'',1,'2026-03-30 16:39:27'),(2,17,19,NULL,NULL,'',1,'2026-03-30 16:41:01'),(4,16,19,NULL,NULL,'',1,'2026-03-30 16:41:34'),(5,15,19,NULL,NULL,'',1,'2026-03-30 16:41:42'),(6,14,19,NULL,NULL,'',1,'2026-03-30 16:41:51'),(7,13,19,NULL,NULL,'',1,'2026-03-30 16:41:58'),(8,12,19,NULL,NULL,NULL,NULL,'2026-03-30 16:51:07'),(9,11,19,NULL,NULL,NULL,NULL,'2026-03-30 23:03:39');
/*!40000 ALTER TABLE `target_exemptions` ENABLE KEYS */;
UNLOCK TABLES;

--
-- Table structure for table `task_list`
--

DROP TABLE IF EXISTS `task_list`;
/*!40101 SET @saved_cs_client     = @@character_set_client */;
/*!40101 SET character_set_client = utf8 */;
CREATE TABLE `task_list` (
  `id` int(11) NOT NULL AUTO_INCREMENT,
  `mfo` int(11) NOT NULL,
  `designation_id` int(30) DEFAULT NULL,
  `academic_rank_id` int(30) DEFAULT NULL,
  `category` varchar(20) DEFAULT NULL,
  `sub_category` varchar(50) DEFAULT NULL,
  `major_output` varchar(255) DEFAULT NULL,
  `success_indicators` text DEFAULT NULL,
  `targets_measures` text DEFAULT NULL,
  `quality` enum('Applicable','Not Applicable') DEFAULT 'Applicable',
  `timeliness` enum('Applicable','Not Applicable') DEFAULT 'Applicable',
  `efficiency` enum('Applicable','Not Applicable') DEFAULT 'Applicable',
  `is_active` tinyint(1) NOT NULL DEFAULT 1,
  `created_by` int(11) DEFAULT NULL,
  `date_created` datetime DEFAULT current_timestamp(),
  `date_updated` datetime DEFAULT current_timestamp() ON UPDATE current_timestamp(),
  PRIMARY KEY (`id`),
  KEY `created_by` (`created_by`),
  CONSTRAINT `task_list_ibfk_1` FOREIGN KEY (`created_by`) REFERENCES `users` (`id`) ON DELETE SET NULL
) ENGINE=InnoDB AUTO_INCREMENT=38 DEFAULT CHARSET=utf8mb4 COLLATE=utf8mb4_general_ci;
/*!40101 SET character_set_client = @saved_cs_client */;

--
-- Dumping data for table `task_list`
--

LOCK TABLES `task_list` WRITE;
/*!40000 ALTER TABLE `task_list` DISABLE KEYS */;
INSERT INTO `task_list` VALUES (1,1,0,0,'core','ter',NULL,'Teaching Effectiveness  ','Obtain a rating in the teaching effectiveness during the rating period','','','Applicable',1,NULL,'2025-10-30 21:07:55','2026-04-02 13:07:17'),(2,1,0,0,'core','instructions',NULL,'Attendance to Classes','Percentage of classes attended (outside of attendance not covered by deloading or designation must be supported of evidence of make up class or advanced classes)\r\n\r\nEFFICIENCY: \r\n5 - 91% to 100%,\r\n4 - 86% to 90%,\r\n3 - 80%-85%,\r\n2 - 51-79%,\r\n1 -  50 and below\r\n','','','Applicable',1,NULL,'2025-10-30 21:10:48','2026-03-30 16:51:29'),(3,1,0,0,'core','instructions',NULL,'Timeliness in submission of Test Questions and Table of Specification ','Timeliness:\n5 - 5 working days before the exam,\n4 - 4 working days before the exam,\n3 - 3 working days before the exam,\n2 - 1-2 working days before the exam,\n1 -  on the day of exam\n','','Applicable','',1,NULL,'2025-10-30 21:13:06','2026-04-04 23:27:48'),(4,1,0,0,'core','instructions',NULL,'Timeliness of Syllabi Submission ','Timeliness:\r\n5 - 1 week after the start of classes,\r\n4  - ,	\r\n3 - 2 weeks after the start of classes,\r\n2 - 3 weeks after the start of classes,\r\n1 - 4 weeks or more days after the start of classes\r\n','','Applicable','',1,NULL,'2025-10-30 21:14:17','2026-03-30 16:50:55'),(5,1,0,0,'core','instructions',NULL,'Timeliness of Course Outline Distribution to Students  ','Timeliness:\r\n5 - Within the 1st week  of classes,\r\n4 - ,\r\n3 - Within the 2nd week  of classes,\r\n2 - Within the Semester,\r\n1 - None\r\n','','Applicable','',1,NULL,'2025-10-30 21:15:08','2026-03-30 16:50:47'),(6,1,0,0,'core','instructions',NULL,'Timeliness in returning of outputs (Midterm Exam only)','Timeliness:\r\n5 - Within the semester,\r\n4 - \r\n3 - \r\n2 - After the semester,\r\n1 - None\r\n','','Applicable','',1,NULL,'2025-10-30 21:15:57','2026-03-30 16:50:35'),(7,1,0,0,'core','instructions',NULL,'Timeliness of Grade Submission ( 10 WDs after the final exam)','Timeliness:\r\n5 - 1-7 days after the Final Exam,\r\n4 - 8-9 days after the Final Exam,\r\n3 - 10 days after the Final Exam,\r\n2 - 11 to 15 days after the final Exam,\r\n1 - 16 days or more\r\n','','Applicable','',1,NULL,'2025-10-30 21:16:41','2026-03-30 16:48:30'),(11,2,0,0,'core','instructions',NULL,'Development of  Instructional Materials  every end of the rating period----per commitment only','Quality\r\n5	Approved for implementation by the Academic Council\r\n4	Approved by IM Committee\r\n3	Approved by College IM Committee\r\n2	Approved by Department IM Committee\r\n1	Not reviewed\r\n','Applicable','','',1,NULL,'2025-10-30 21:31:33','2026-03-30 16:47:37'),(12,3,0,0,'core','research',NULL,'Research Engagement and Productivity ','At least 1 completed research by a faculty (or more authors) during the rating period.\r\n\r\nQuality ,\r\n5	Approved completed research\r\n4	Research Performance Reviewed\r\n3	Research implemented\r\n2	Approved Research proposal in the review committee\r\n1	 None submitted\r\n\r\nEFFICIENCY\r\nE	% of CONTRIBUTION\r\n5	60% and above total contribution\r\n4	40-59%\r\n3	30-39%\r\n2	11-29%\r\n1	1-10%\r\n','Applicable','','Applicable',1,NULL,'2025-10-30 21:36:12','2026-03-30 16:47:25'),(13,2,0,0,'core','research',NULL,'Research published in reputable journal','At least 1 published research by a faculty during the rating period.\r\n\r\nQuality:\r\n5	Published or accepted in Scopus/WoS/ACI \r\n4	Published or accepted in a university journal \r\n3	With results of peer-review by a reputable journal \r\n2	Submitted and acknowledge\r\n1	 No published research\r\n\r\n','Applicable','','',1,NULL,'2025-10-30 21:37:16','2026-03-30 16:47:15'),(14,2,0,0,'core','research',NULL,'Research presented in International and Local Fora','At least 1 completed research presented by faculty in the  during the rating period. Note: Approved by the R&D as completed research. Only the presenter will earn points.\r\nQuality \r\n5	Presented International\r\n4	Presented National and Regional\r\n3	Presented Regional\r\n2	Presented in In-House\r\n1	No presentation\r\n','Applicable','','',1,NULL,'2025-10-30 21:37:42','2026-03-30 16:47:00'),(15,4,0,0,'core','extension',NULL,'Extension Services Engagement (Research-Based)','At least 1 research-based extension service for the rating period. Can be done in group, rating will be the same to all extensionist involved.\r\n\r\nQuality \r\n5	With approved extension terminal report\r\n4	With reviewed extension terminal report\r\n3	Extension Program implemented\r\n2	Approved Extension Proposal\r\n1	None submitted\r\n','Applicable','','',1,NULL,'2025-10-30 21:42:20','2026-03-30 16:46:52'),(16,4,0,0,'core','extension',NULL,'Community Outreach Engagement (Technical Advisory Services requested): ','At least 1 community outreach for the rating period. Can be done in group, rating will be the same to all extensionist involved\r\nQuality \r\n5	With approved community outreach terminal report\r\n4	With reviewed community outreach terminal report\r\n3	Community Outreach Program implemented\r\n2	Approved community outreach  Proposal\r\n1	None submitted\r\n','Applicable','','',1,NULL,'2025-10-30 21:43:18','2026-03-30 16:46:41'),(17,4,0,0,'core','extension',NULL,'Percentage of persons trained weighted by the length of training per program ','( Percentage = Number clients served/ total number of target)\r\nEfficiency \r\n5	90%-100%\r\n4	80%-89%\r\n3	75%-79%\r\n2	70%-74%\r\n1	69% and below\r\n','','','Applicable',1,NULL,'2025-10-30 21:44:00','2026-03-30 16:46:20'),(18,2,0,0,'support',NULL,NULL,'Timely Submission of duly notarized SALN and PDS deadline is every 31st day of March.','Timeliness\r\n5	before the deadline\r\n4	\r\n3	On the deadline\r\n2	Beyond the deadline\r\n1	No Submission\r\n','','Applicable','',1,NULL,'2025-10-30 21:44:30','2026-03-30 16:37:26'),(22,0,0,0,'support',NULL,NULL,'Timely Submission of DTR  with complete attachments ','Deadline is every 15th of the ensuing month\nTimeliness\n5	before the deadline\n4	\n3	On the deadline\n2	Beyond the deadline\n1	No Submission\n','','Applicable','',1,NULL,'2025-10-30 22:29:04','2026-04-04 16:59:13'),(23,0,0,0,'support',NULL,NULL,'Percentage of attendance to College Wide Activities','(Charter Day, Sports events, Year end activity, Council Meetings (applicable to Asst Prof to Prof), Graduation Ceremony\r\nEfficiency\r\n5	100%\r\n4	75% to 99%\r\n3	63% to 74%\r\n2	51% to 62%\r\n1	Below 50%\r\n','','','Applicable',1,NULL,'2025-10-30 22:29:28','2026-03-30 16:33:36'),(24,0,0,0,'support',NULL,NULL,'Timeliness in submission of quarterly accomplishment report','Every 15th of January, April, July and October\r\nTimeliness\r\n5	before the deadline\r\n4	\r\n3	On the deadline\r\n2	Beyond the deadline\r\n1	No Submission\r\n','','Applicable','',1,NULL,'2025-10-30 22:29:57','2026-03-30 16:33:27'),(26,0,2,0,'strategic','',NULL,'53% of graduates in the program (2 years prior) are employed','EFFICIENCY\r\n5	69% and above\r\n4	61% to 68%\r\n3	 53%-60%\r\n2	 27% to 52.%\r\n1	26% and below\r\n','','','Applicable',1,NULL,'2026-03-30 16:54:45','2026-03-30 16:54:45'),(27,0,2,0,'strategic','',NULL,'100% of students in the program underwent admission and classification process','EFFICIENCY\r\n5	100%\r\n4	90-99%\r\n3	80-89%\r\n2	70-79%\r\n1	69% and below\r\n','','','Applicable',1,NULL,'2026-03-30 16:55:03','2026-03-30 16:55:03'),(28,0,2,0,'strategic','',NULL,'Submitted report on the appraisal /evaluation conducted to assigned faculty of the department  before the start of the next semester','EFFICIENCY\r\n5	100% of faculty\r\n4	90-99%\r\n3	80-89%\r\n2	70-79%\r\n1	69% and below\r\n','','','Applicable',1,NULL,'2026-03-30 16:55:30','2026-03-30 16:55:30'),(29,0,2,0,'strategic','',NULL,'Facilitate the conduct of Student evaluation (within the program)  at the end of academic year','QUALITY\r\n5	Student evaluation conducted with complete reports\r\n4	-\r\n3	Student evaluation conducted \r\n2	-\r\n1	None\r\n','Applicable','','',1,NULL,'2026-03-30 16:55:54','2026-03-30 16:55:54'),(30,0,2,0,'strategic','',NULL,'Conducted at least one per semester Class Monitoring of ALL assigned faculty (Regular and COS) using Class/Faculty Observation form','EFFICIENCY\r\n5	100% of faculty for  2 semesters\r\n4	90-99%\r\n3	80-89%\r\n2	70-79%\r\n1	69% and below\r\n','','','Applicable',1,NULL,'2026-03-30 16:56:22','2026-03-30 16:56:22'),(31,0,2,0,'strategic','',NULL,'Conducted PMC and Submitted at least 3 PMC Report within the rating period','EFFICIENCY\r\n5 - 5\r\n4 - 4\r\n3 - 3\r\n2 - 1-2\r\n1 - None\r\n','','','Applicable',1,NULL,'2026-03-30 16:57:32','2026-03-30 16:57:32'),(32,0,6,0,'strategic','',NULL,'1 Institutional Policy to support','','Applicable','','',1,NULL,'2026-04-09 23:28:59','2026-04-09 23:28:59'),(33,0,6,0,'strategic','',NULL,'Extension Services	100% Utilization rate of allocated funds for extension services during the period covered (GAA Fund)					Cert from Budget Office','','Applicable','','',1,NULL,'2026-04-09 23:29:17','2026-04-09 23:29:17'),(34,0,6,0,'strategic','',NULL,'100% Utilization rate of direct internally generated incomes (IGI) / Grants-in-aid (GIA)','','','','Applicable',1,NULL,'2026-04-09 23:29:39','2026-04-09 23:29:39'),(35,0,6,0,'strategic','',NULL,'60% of plantilla faculty and staff involved in ESCE within the period covered','','','','Applicable',1,NULL,'2026-04-09 23:30:05','2026-04-09 23:30:05'),(36,0,6,0,'strategic','',NULL,'60% of students involved in ESCE enrolled in programs with extension courses within the period covered','','','','Applicable',1,NULL,'2026-04-09 23:30:21','2026-04-09 23:30:21'),(37,0,6,0,'strategic','',NULL,'','18 active partnerships with LGUs, industries, NGOs, NGAs, SMEs, and other stakeholders as a result of extension activities.','Applicable','','',1,NULL,'2026-04-09 23:30:39','2026-04-09 23:30:39');
/*!40000 ALTER TABLE `task_list` ENABLE KEYS */;
UNLOCK TABLES;

--
-- Table structure for table `task_progress`
--

DROP TABLE IF EXISTS `task_progress`;
/*!40101 SET @saved_cs_client     = @@character_set_client */;
/*!40101 SET character_set_client = utf8 */;
CREATE TABLE `task_progress` (
  `id` int(11) NOT NULL AUTO_INCREMENT,
  `login_type` int(11) NOT NULL DEFAULT 0,
  `task_id` int(30) NOT NULL,
  `faculty_id` int(11) NOT NULL,
  `mfo` text NOT NULL,
  `progress` text NOT NULL,
  `is_complete` tinyint(1) NOT NULL DEFAULT 0 COMMENT '0=no,1=Yes',
  `date_created` datetime NOT NULL DEFAULT current_timestamp(),
  `file_path` varchar(50) NOT NULL,
  `file_type` varchar(10) NOT NULL,
  `date_submitted` datetime NOT NULL DEFAULT current_timestamp(),
  `date_verified` datetime DEFAULT NULL,
  `rating_period` varchar(30) NOT NULL,
  PRIMARY KEY (`id`)
) ENGINE=InnoDB AUTO_INCREMENT=189 DEFAULT CHARSET=utf8mb4 COLLATE=utf8mb4_general_ci;
/*!40101 SET character_set_client = @saved_cs_client */;

--
-- Dumping data for table `task_progress`
--

LOCK TABLES `task_progress` WRITE;
/*!40000 ALTER TABLE `task_progress` DISABLE KEYS */;
INSERT INTO `task_progress` VALUES (20,0,6,2,'','Verified',0,'2025-09-24 15:14:21','uploads/file_68d39a4d56a8c8.57583051','pdf','2025-09-24 15:14:21','2026-03-25 10:12:33',''),(44,0,2,26,'','Verified',0,'2026-03-23 23:24:19','uploads/file_69d5a311a32c34.93428268','doc','2026-03-23 23:24:19','2026-03-24 10:43:46','1-2526'),(47,0,1,26,'','Verified',0,'2026-03-23 23:29:22','uploads/578fee9730517e01a18859691304031c','pdf','2026-03-23 23:29:22','2026-03-24 10:42:30',''),(48,0,3,26,'','Verified',0,'2026-03-23 23:29:37','uploads/fbd5b99222c86edd8701025259c8285b','docx','2026-03-23 23:29:37','2026-03-24 10:36:06',''),(57,0,1,15,'','Verified',0,'2026-03-24 12:18:36','uploads/40195bd03bd350e97bb365dd015d2fd0','png','2026-03-24 12:18:36','2026-03-24 12:24:22',''),(58,0,4,23,'','Verified',0,'2026-04-06 11:27:15','uploads/4108ab5ce9a0ab80b88ef4f262a4e1dd','docx','2026-04-06 11:27:15','2026-04-07 20:22:01',''),(59,0,5,23,'','Verified',0,'2026-04-06 11:35:25','uploads/b81abd42ac60e0cb60dd6160648a81b1','docx','2026-04-06 11:35:25','2026-04-07 20:21:58',''),(60,0,15,15,'','Verified',0,'2026-04-06 22:11:19','uploads/72c554767dfea6af3dc35d9e30db9be0','pdf','2026-04-06 22:11:19','2026-04-07 20:24:29',''),(61,0,15,16,'','Verified',0,'2026-04-07 14:56:15','uploads/4aa4a703ee43ba708be8129c0652afd0','png','2026-04-07 14:56:15','2026-04-07 20:21:31',''),(62,0,16,16,'','Verified',0,'2026-04-07 14:57:21','uploads/b87266ce05095a67fd916c1aed67e597','jpg','2026-04-07 14:57:21','2026-04-07 20:21:22',''),(63,0,2,19,'','Verified',0,'2026-04-07 15:20:51','uploads/file_69d5a311a32c34.93428268','doc','2026-04-07 15:20:51','2026-04-13 16:12:40',''),(64,0,3,19,'','Verified',0,'2026-04-07 15:25:31','uploads/964471a77295419ef831a68c234a5056','jpg','2026-04-07 15:25:31','2026-04-13 16:12:34',''),(65,0,4,19,'','Verified',0,'2026-04-07 15:25:45','uploads/da94dadee4fdbf3b16cf0acd6d089415','jpg','2026-04-07 15:25:45','2026-04-13 16:12:46',''),(66,0,5,19,'','Verified',0,'2026-04-07 15:26:06','uploads/8b72714192b0526f9c01d7ba92955a81','jpg','2026-04-07 15:26:06','2026-04-13 16:12:27',''),(68,0,2,31,'','Verified',0,'2026-04-08 09:22:22','uploads/f429bbd23cc0c57491f53ffa66d37e38','doc','2026-04-08 09:22:22','2026-04-14 14:36:06',''),(69,0,3,25,'','Verified',0,'2026-04-08 13:23:00','uploads/46d4fa1ade1b51f088ef2bba120f6cf8','jpg','2026-04-08 13:23:00','2026-04-13 16:18:33',''),(70,0,4,25,'','Verified',0,'2026-04-08 13:25:01','uploads/6d27fbc125f457fb675932d2da76cdc1','jpg','2026-04-08 13:25:01','2026-04-13 16:18:30',''),(71,0,5,25,'','Verified',0,'2026-04-08 13:25:34','uploads/71377c40bc9b26de4d986b2b3100e003','jpg','2026-04-08 13:25:34','2026-04-13 16:18:28',''),(72,0,6,25,'','Verified',0,'2026-04-08 13:26:29','uploads/b6c68eb4bc9e9b14cda4b883ef5f7c34','jpg','2026-04-08 13:26:29','2026-04-13 16:18:25',''),(73,0,7,25,'','Verified',0,'2026-04-08 13:27:04','uploads/9fcc64ec79c3f23cfe2166212aa74be5','jpg','2026-04-08 13:27:04','2026-04-13 16:18:23',''),(74,0,23,25,'','Verified',0,'2026-04-08 13:28:21','uploads/564e52b6dc5dcc317e163bc2f7a109aa','jpg','2026-04-08 13:28:21','2026-04-13 16:18:20',''),(75,0,15,14,'','Verified',0,'2026-04-08 14:40:08','uploads/080a5abf86d584bab59493b3eda9f29c','pdf','2026-04-08 14:40:08','2026-04-09 16:57:43',''),(76,0,16,14,'','Verified',0,'2026-04-08 14:41:01','uploads/5ddde61347a855cbc2ba904577ba59e7','pdf','2026-04-08 14:41:01','2026-04-09 16:57:39',''),(77,0,1,14,'','Verified',0,'2026-04-08 14:43:09','uploads/5e7094b2338676316af813fc5ae68ee2','pdf','2026-04-08 14:43:09','2026-04-09 16:57:36',''),(78,0,2,14,'','For Verification',0,'2026-04-08 15:22:20','uploads/28db622ec0176c8f8b968a48aa008377','pdf','2026-04-08 15:22:20',NULL,''),(79,0,16,15,'','Verified',0,'2026-04-09 15:22:38','uploads/32210c567c767d6d4e5a439bdd6b1d7b','docx','2026-04-09 15:22:38','2026-04-13 16:14:06',''),(80,0,6,23,'','Verified',0,'2026-04-09 17:01:06','uploads/7547c8ca892d0611053b2bdf1329c597','docx','2026-04-09 17:01:06','2026-04-09 17:01:58',''),(81,0,1,23,'','Verified',0,'2026-04-13 11:55:25','uploads/e3c263fc72426eea0abe49495ea68506','xlsx','2026-04-13 11:55:25','2026-04-13 16:10:33',''),(82,0,22,23,'','Verified',0,'2026-04-13 11:56:35','uploads/5bfe94c01b1c33d41dd25f9641754980','docx','2026-04-13 11:56:35','2026-04-13 16:10:41',''),(83,0,23,23,'','Verified',0,'2026-04-13 11:56:48','uploads/af1376ab14bcc22bb678743e6a96a92e','docx','2026-04-13 11:56:48','2026-04-13 16:10:36',''),(84,0,24,23,'','Verified',0,'2026-04-13 11:57:02','uploads/e0c3d3a2dd1d5a3f948b6408341f6024','docx','2026-04-13 11:57:02','2026-04-13 16:10:44',''),(85,0,2,23,'','Verified',0,'2026-04-13 11:57:45','uploads/b436ea0a4e7799583688f0171d41457f','docx','2026-04-13 11:57:45','2026-04-13 16:10:38',''),(86,0,7,23,'','Verified',0,'2026-04-13 16:16:28','uploads/a2e9fd7a26363f78d357395be23e2775','docx','2026-04-13 16:16:28','2026-04-13 16:18:52',''),(87,0,3,23,'','Verified',0,'2026-04-13 16:16:43','uploads/7b9331543a36c4283c0410b6afaf443a','docx','2026-04-13 16:16:43','2026-04-13 16:19:13',''),(88,0,17,15,'','Verified',0,'2026-04-13 16:20:33','uploads/80f1047598ab0feded0d11de03c5e713','docx','2026-04-13 16:20:33','2026-04-13 16:22:38',''),(89,0,2,15,'','Verified',0,'2026-04-13 16:21:19','uploads/8871eb42a5ada869b43019d0515595c5','jpg','2026-04-13 16:21:19','2026-04-13 16:22:40',''),(90,0,3,15,'','Verified',0,'2026-04-13 16:21:25','uploads/b14fbce5852998a1f6064e83ffb1e715','jpg','2026-04-13 16:21:25','2026-04-13 16:22:43',''),(91,0,6,15,'','Verified',0,'2026-04-13 16:21:33','uploads/1ebd3a51bd411558d365baf3eac2e38f','png','2026-04-13 16:21:33','2026-04-13 16:22:46',''),(92,0,15,8,'','Verified',0,'2026-04-13 16:30:02','uploads/fac56d9cc9f1cfc36148a36f241e2f5f','png','2026-04-13 16:30:02','2026-04-13 16:32:00',''),(93,0,4,8,'','Verified',0,'2026-04-13 16:30:11','uploads/3383a019d52d07f5cd3297d5f03950bb','png','2026-04-13 16:30:11','2026-04-13 16:31:58',''),(94,0,22,8,'','Verified',0,'2026-04-14 14:24:24','uploads/715372dcdea871af9e9e82f34f86b045','png','2026-04-14 14:24:24','2026-04-14 14:25:45',''),(95,0,24,8,'','Verified',0,'2026-04-14 14:24:35','uploads/addb9a85efdb4a342e19a1144e85dfb5','docx','2026-04-14 14:24:35','2026-04-14 14:25:39',''),(96,0,7,8,'','Verified',0,'2026-04-14 14:24:52','uploads/d3ba9c4dea13c87859825a1b862e0efe','png','2026-04-14 14:24:52','2026-04-14 14:25:42',''),(97,0,15,18,'','Verified',0,'2026-04-14 16:05:14','uploads/f7fb4e703475dcbf845ebab748fb9057','jpeg','2026-04-14 16:05:14','2026-04-15 07:06:03',''),(98,0,17,18,'','Verified',0,'2026-04-14 16:05:24','uploads/3448719d3d9ed70f0c92a76989e47900','jpeg','2026-04-14 16:05:24','2026-04-15 07:06:00',''),(99,0,5,18,'','Verified',0,'2026-04-14 16:05:39','uploads/d91e9bbec43e49cab3777287f2f9baad','jpg','2026-04-14 16:05:39','2026-04-15 07:05:57',''),(100,0,18,18,'','Verified',0,'2026-04-14 16:05:57','uploads/fe0002604d80ba1dbfe4201b712ec54f','jpg','2026-04-14 16:05:57','2026-04-15 07:05:55',''),(101,0,3,18,'','Verified',0,'2026-04-14 16:06:14','uploads/b3a3077c40af8eeae7925f381278a963','png','2026-04-14 16:06:14','2026-04-15 07:05:52',''),(102,0,15,2,'','Verified',0,'2026-04-14 16:09:41','uploads/4ad3076920593efb40dc187b14180497','jpg','2026-04-14 16:09:41','2026-04-15 07:07:01',''),(103,0,4,2,'','Verified',0,'2026-04-14 16:10:04','uploads/bf658bbd28840cb8eba3b2db41d2ada4','jpeg','2026-04-14 16:10:04','2026-04-15 07:06:58',''),(104,0,24,2,'','Verified',0,'2026-04-14 16:10:34','uploads/6507026dc1ddec31b8ad6bdefb70362b','png','2026-04-14 16:10:34','2026-04-15 07:06:56',''),(105,0,2,17,'','Verified',0,'2026-04-14 16:12:37','uploads/729ea23a8cb3f5b9542329698daca49e','png','2026-04-14 16:12:37','2026-04-14 16:15:46',''),(106,0,4,17,'','Verified',0,'2026-04-14 16:12:49','uploads/58e2f2c4179f8e2db52faa8ffc0b27f6','xls','2026-04-14 16:12:49','2026-04-14 16:15:42',''),(107,0,15,17,'','Verified',0,'2026-04-14 16:13:09','uploads/aad5d082740bf39dc7527d20f647de89','png','2026-04-14 16:13:09','2026-04-14 16:15:40',''),(108,0,12,17,'','Verified',0,'2026-04-14 16:13:31','uploads/61799e2bd65e6888b2023b6cd6949dac','pptx','2026-04-14 16:13:31','2026-04-14 16:15:37',''),(109,0,2,28,'','Verified',0,'2026-04-14 16:19:07','uploads/382389e47d4f82de08cfa892281e869b','jpg','2026-04-14 16:19:07','2026-04-14 16:32:52',''),(110,0,3,28,'','Verified',0,'2026-04-14 16:19:15','uploads/22bfc24f17d3dc60f6f6dd8d2ebfa79d','jpeg','2026-04-14 16:19:15','2026-04-14 16:32:48',''),(111,0,4,28,'','Verified',0,'2026-04-14 16:19:27','uploads/0aeea35aefd5f36edf28902b2dd6912a','jpg','2026-04-14 16:19:27','2026-04-14 16:32:46',''),(112,0,5,28,'','Verified',0,'2026-04-14 16:19:39','uploads/ff41bc741d0053d55c80734a364321a4','jpg','2026-04-14 16:19:39','2026-04-14 16:32:43',''),(113,0,22,28,'','Verified',0,'2026-04-14 16:20:00','uploads/569e0ccf5e3e75847798641bae23f95f','jpg','2026-04-14 16:20:00','2026-04-14 16:32:40',''),(115,0,15,12,'','Verified',0,'2026-04-14 16:22:11','uploads/cdc21743aeb052906bbc726fd74027c7','docx','2026-04-14 16:22:11','2026-04-14 16:26:34',''),(116,0,16,12,'','Verified',0,'2026-04-14 16:22:21','uploads/b1be19fb3ef8b74796bc5bd2bb874842','png','2026-04-14 16:22:21','2026-04-14 16:26:28',''),(117,0,6,12,'','Verified',0,'2026-04-14 16:22:33','uploads/f78ab1dc91ec4fe782bb53c26203427f','png','2026-04-14 16:22:33','2026-04-14 16:26:31',''),(118,0,11,12,'','Verified',0,'2026-04-14 16:22:45','uploads/12effc14e73c4e449d6f5ac48ae73779','png','2026-04-14 16:22:45','2026-04-14 16:26:21',''),(119,0,12,12,'','Verified',0,'2026-04-14 16:23:01','uploads/1c18a59ff724d44e5bd9c145d0601502','png','2026-04-14 16:23:01','2026-04-14 16:26:01',''),(120,0,2,12,'','Verified',0,'2026-04-14 16:23:10','uploads/4340303aa8c19354e38cf8479dfd7f5a','png','2026-04-14 16:23:10','2026-04-14 16:26:25',''),(121,0,24,12,'','Verified',0,'2026-04-14 16:23:26','uploads/087a7b2047f3977e9b6369ceab3a5abe','png','2026-04-14 16:23:26','2026-04-14 16:25:37',''),(122,0,2,24,'','Verified',0,'2026-04-15 06:59:08','uploads/16d9b2f5e6770088b018ed135f1332de','jpg','2026-04-15 06:59:08','2026-04-15 07:01:39',''),(123,0,4,24,'','Verified',0,'2026-04-15 06:59:18','uploads/afc80933df009c76288306a536d9970f','jpg','2026-04-15 06:59:18','2026-04-15 07:01:35',''),(124,0,22,24,'','Verified',0,'2026-04-15 06:59:31','uploads/5005fe6142e37fe0fcbdd1abdbf91c45','jpeg','2026-04-15 06:59:31','2026-04-15 07:01:32',''),(125,0,24,24,'','Verified',0,'2026-04-15 06:59:55','uploads/6f550a0d8e334d5680019d15505d31ce','doc','2026-04-15 06:59:55','2026-04-15 07:01:30',''),(126,0,6,24,'','Verified',0,'2026-04-15 07:00:33','uploads/9efb06d5b7b58c7dccaf1812eb54ca6c','png','2026-04-15 07:00:33','2026-04-15 07:01:28',''),(127,0,2,21,'','Verified',0,'2026-04-15 07:17:30','uploads/a39f2ca9588152b1b01001d3dd412a71','pdf','2026-04-15 07:17:30','2026-04-15 07:34:49',''),(128,0,22,21,'','Verified',0,'2026-04-15 07:17:56','uploads/698b95fad4c3681a806aef2bdbe19da4','pptx','2026-04-15 07:17:56','2026-04-15 07:34:47',''),(129,0,24,21,'','Verified',0,'2026-04-15 07:18:17','uploads/9a2a1246bf5e0d1cea751abb7048f562','docx','2026-04-15 07:18:17','2026-04-15 07:34:45',''),(130,0,6,21,'','Verified',0,'2026-04-15 07:18:34','uploads/26b1fe7ffa4568fbd984ba90ae2d2126','png','2026-04-15 07:18:34','2026-04-15 07:34:42',''),(131,0,4,27,'','Verified',0,'2026-04-15 07:23:27','uploads/5ab078b7d52052aa95612f7fdd27ab76','png','2026-04-15 07:23:27','2026-04-15 07:25:56',''),(132,0,5,27,'','Verified',0,'2026-04-15 07:24:24','uploads/ef4e0f79ec14c2b3bafc03d5a1329c60','xlsx','2026-04-15 07:24:24','2026-04-15 07:25:54',''),(133,0,24,27,'','Verified',0,'2026-04-15 07:24:45','uploads/3e63424ece90a0ba9aa6120607174914','jpg','2026-04-15 07:24:45','2026-04-15 07:25:51',''),(134,0,2,27,'','Verified',0,'2026-04-15 07:24:55','uploads/29d85014586e8c4785a3e88fcc7d06f0','jpg','2026-04-15 07:24:55','2026-04-15 07:25:49',''),(135,0,4,29,'','Verified',0,'2026-04-15 07:28:09','uploads/61f90aca177019eb494fea45dd9861fc','jpg','2026-04-15 07:28:09','2026-04-15 07:31:57',''),(136,0,5,29,'','Verified',0,'2026-04-15 07:28:24','uploads/71bb8941b0d56a966f8ef739518fa762','docx','2026-04-15 07:28:24','2026-04-15 07:32:00',''),(137,0,6,29,'','Verified',0,'2026-04-15 07:28:40','uploads/a8e796aa35cc9d1d82fc73c9066d6c87','docx','2026-04-15 07:28:40','2026-04-15 07:32:03',''),(138,0,23,29,'','Verified',0,'2026-04-15 07:29:06','uploads/1af5dc9db5c7891d756df45958223857','xls','2026-04-15 07:29:06','2026-04-15 07:32:05',''),(139,0,4,21,'','Verified',0,'2026-04-15 07:35:29','uploads/6235ba2ea47eb9c620f182a90cdb582b','docx','2026-04-15 07:35:29','2026-04-15 13:09:06',''),(140,0,23,21,'','Verified',0,'2026-04-15 07:35:37','uploads/b4bed633b6fc38e11165f7a8b263ba99','docx','2026-04-15 07:35:37','2026-04-15 13:09:09',''),(142,0,5,30,'','Verified',0,'2026-04-15 07:39:11','uploads/24708f3cfbab1f97a3480f7aab35811b','docx','2026-04-15 07:39:11','2026-04-15 07:45:26',''),(143,0,1,30,'','Verified',0,'2026-04-15 07:39:21','uploads/3dae8f8ef13acf2660267e52dda0ae2f','pdf','2026-04-15 07:39:21','2026-04-15 07:45:24',''),(144,0,2,30,'','Verified',0,'2026-04-15 07:39:30','uploads/91ece9da968f496f128c408a51fa3847','docx','2026-04-15 07:39:30','2026-04-15 07:45:22',''),(145,0,6,30,'','Verified',0,'2026-04-15 07:39:37','uploads/1dc7571b76bce0f08a4db9c3cd51ee9a','docx','2026-04-15 07:39:37','2026-04-15 07:45:19',''),(146,0,4,30,'','Verified',0,'2026-04-15 07:39:44','uploads/6b82c52ca2261c72fb1117ef71c5f1f3','docx','2026-04-15 07:39:44','2026-04-15 07:45:17',''),(147,0,7,30,'','Verified',0,'2026-04-15 07:39:53','uploads/ab3a71ef32c5e7116c69d667dcf04102','pdf','2026-04-15 07:39:53','2026-04-15 07:45:14',''),(148,0,22,30,'','Verified',0,'2026-04-15 07:40:03','uploads/2a7dc44041442636e5b282dcd3d1a424','pptx','2026-04-15 07:40:03','2026-04-15 07:45:12',''),(149,0,24,30,'','Verified',0,'2026-04-15 07:40:14','uploads/38dfe9a32b7dbde159e0828e6a4d0a7e','docx','2026-04-15 07:40:14','2026-04-15 07:45:09',''),(150,0,3,30,'','Verified',0,'2026-04-15 07:41:02','uploads/255aab3c54eb24cd22518b0cc1dacdbc','docx','2026-04-15 07:41:02','2026-04-15 07:45:07',''),(151,0,23,30,'','Verified',0,'2026-04-15 07:41:13','uploads/0d2bf8ec1b7d46d91ce832e9ebbee0ff','pdf','2026-04-15 07:41:13','2026-04-15 07:45:05',''),(152,0,4,15,'','Verified',0,'2026-04-15 07:46:59','uploads/43c0c03de57618205e9c81d6688dbf1e','jpg','2026-04-15 07:46:59','2026-04-15 07:52:04',''),(153,0,5,15,'','Verified',0,'2026-04-15 07:47:12','uploads/6d183c0a6f7ba0434c13d5a609d34577','jpg','2026-04-15 07:47:12','2026-04-15 07:51:56',''),(154,0,11,15,'','Verified',0,'2026-04-15 07:47:21','uploads/87485e0c497462c29e9d2c8b229b5b16','png','2026-04-15 07:47:21','2026-04-15 07:51:47',''),(155,0,7,15,'','Verified',0,'2026-04-15 07:47:35','uploads/164a5a1b379f63f4e3647d98e931947f','jpg','2026-04-15 07:47:35','2026-04-15 07:51:34',''),(156,0,12,15,'','Verified',0,'2026-04-15 07:47:59','uploads/1904dc6e101f9be801f3e22403334194','jpeg','2026-04-15 07:47:59','2026-04-15 07:51:26',''),(157,0,14,15,'','Verified',0,'2026-04-15 07:48:23','uploads/87295a5d0aa44426052310477b101086','jpg','2026-04-15 07:48:23','2026-04-15 07:51:10',''),(158,0,26,15,'','Verified',0,'2026-04-15 07:48:44','uploads/3727ea34e8157ed13c1984d82560d512','jpg','2026-04-15 07:48:44','2026-04-15 07:51:02',''),(159,0,28,15,'','Verified',0,'2026-04-15 07:49:09','uploads/a0ac2aa1bd88510c23d9852b39024b39','docx','2026-04-15 07:49:09','2026-04-15 07:50:57',''),(160,0,24,15,'','Verified',0,'2026-04-15 07:49:26','uploads/035cbb807c47e86f7ca8e235d76130db','png','2026-04-15 07:49:26','2026-04-15 07:50:51',''),(161,0,3,32,'','Verified',0,'2026-04-15 07:57:50','uploads/f330ea97dcd1fa17992b81bcdce3af1d','jpg','2026-04-15 07:57:50','2026-04-15 08:04:55',''),(162,0,4,32,'','Verified',0,'2026-04-15 07:58:00','uploads/a64fb09de34e26426749a4c0da98b5c5','jpg','2026-04-15 07:58:00','2026-04-15 08:04:46',''),(163,0,5,32,'','Verified',0,'2026-04-15 07:58:08','uploads/3825d7c75a70ebf0315e2bf69177f25c','jpg','2026-04-15 07:58:08','2026-04-15 08:04:40',''),(164,0,1,32,'','Verified',0,'2026-04-15 07:58:55','uploads/501883184bab44923e2adfd8fdd9c009','jpg','2026-04-15 07:58:55','2026-04-15 08:04:29',''),(165,0,22,32,'','Verified',0,'2026-04-15 07:59:06','uploads/b324cdd3dbc9cb1b7d55f28e4f2a8a05','jpg','2026-04-15 07:59:06','2026-04-15 08:04:15',''),(166,0,6,32,'','Verified',0,'2026-04-15 07:59:15','uploads/161dc57c70a34d208d49b40b21761fd5','jpg','2026-04-15 07:59:15','2026-04-15 08:04:07',''),(167,0,24,32,'','Verified',0,'2026-04-15 07:59:25','uploads/fb7a96daee0546ff7deb9d40904ed9d1','jpg','2026-04-15 07:59:25','2026-04-15 08:04:01',''),(168,0,2,32,'','Verified',0,'2026-04-15 07:59:39','uploads/84a091173aef6276c20227a3f0a7ec67','jpg','2026-04-15 07:59:39','2026-04-15 08:03:56',''),(169,0,7,32,'','Verified',0,'2026-04-15 07:59:46','uploads/706053bb0d8954874fd5a1ba8d8555f5','jpg','2026-04-15 07:59:46','2026-04-15 08:03:51',''),(170,0,23,32,'','Verified',0,'2026-04-15 07:59:55','uploads/7476f9e3f76480c5d114d279d15e0c2b','jpg','2026-04-15 07:59:55','2026-04-15 08:03:44',''),(171,0,26,2,'','Verified',0,'2026-04-15 08:01:02','uploads/e1d8a13ff6203b284e8b22c382465748','pptx','2026-04-15 08:01:02','2026-04-15 08:11:47',''),(172,0,7,2,'','Verified',0,'2026-04-15 08:01:14','uploads/c66ba1c0be8c28e32523a160140cbf07','pptx','2026-04-15 08:01:14','2026-04-15 08:11:33',''),(173,0,17,2,'','Verified',0,'2026-04-15 08:01:29','uploads/a347cbccf7d3df3a44b39667e294ac3d','docx','2026-04-15 08:01:29','2026-04-15 08:11:25',''),(174,0,16,2,'','Verified',0,'2026-04-15 08:01:47','uploads/5e502a086b2fad0625cbab4d2e18533c','docx','2026-04-15 08:01:47','2026-04-15 08:11:18',''),(175,0,2,2,'','Verified',0,'2026-04-15 08:01:59','uploads/00e9d4ee12aaee63145d6cde751e1796','docx','2026-04-15 08:01:59','2026-04-15 08:11:06',''),(176,0,3,2,'','Verified',0,'2026-04-15 08:02:13','uploads/bb1f3e816d1498eb7895620cc4995309','docx','2026-04-15 08:02:13','2026-04-15 08:11:01',''),(177,0,27,15,'','Verified',0,'2026-04-16 07:09:46','uploads/4b7f9760672458933dd5c04e3d7fda7d','docx','2026-04-16 07:09:46','2026-04-16 07:11:59',''),(178,0,23,7,'','Verified',0,'2026-04-16 08:44:27','uploads/394adbbf07e22cc176b0c36641d39c93','png','2026-04-16 08:44:27','2026-04-16 09:33:02',''),(179,0,11,7,'','Verified',0,'2026-04-16 08:44:35','uploads/f6ea1125ff7b3a7cd653959ea38354be','png','2026-04-16 08:44:35','2026-04-16 09:33:00',''),(180,0,14,7,'','Verified',0,'2026-04-16 08:45:22','uploads/50af69f22357a0905e4edd56005dcc28','pptx','2026-04-16 08:45:22','2026-04-16 09:32:57',''),(181,0,2,6,'','Verified',0,'2026-04-16 09:41:53','uploads/fe1f27d5da7e68e74317e15c8a14d213','jpeg','2026-04-16 09:41:53','2026-04-16 09:43:07',''),(182,0,3,6,'','Verified',0,'2026-04-16 09:42:02','uploads/532b74106d32784662fc2b94e171e097','jpeg','2026-04-16 09:42:02','2026-04-16 09:43:01',''),(183,0,16,6,'','Verified',0,'2026-04-16 09:42:18','uploads/ab0cefdd3a9dc404e1e5f00f9faacb48','pptx','2026-04-16 09:42:18','2026-04-16 09:43:52',''),(184,0,1,24,'','Verified',0,'2026-04-17 13:42:38','uploads/39d614c1c62f0a5bae6e9c862fac8b62','docx','2026-04-17 13:42:38','2026-04-17 13:43:24','1-2526'),(185,0,1,19,'','Verified',0,'2026-04-17 13:45:53','uploads/3eaf57083353b4643512f4ee91ad3328','xlsx','2026-04-17 13:45:53','2026-04-17 13:46:33','1-2526'),(186,0,1,27,'','For Verification',0,'2026-04-17 13:48:22','uploads/b219fa80a5b72dc3597712637406ceaa','png','2026-04-17 13:48:22',NULL,'1-2526'),(187,0,4,26,'','For Verification',0,'2026-04-17 14:14:41','uploads/eae2ef0782de47f61c093a9b51869cd3','docx','2026-04-17 14:14:41',NULL,'1-2526'),(188,0,16,8,'','For Verification',0,'2026-06-17 16:02:40','uploads/efc47df3fcba0e65e7e56a88327f4b68','jpg','2026-06-17 16:02:40',NULL,'1-2526');
/*!40000 ALTER TABLE `task_progress` ENABLE KEYS */;
UNLOCK TABLES;

--
-- Table structure for table `users`
--

DROP TABLE IF EXISTS `users`;
/*!40101 SET @saved_cs_client     = @@character_set_client */;
/*!40101 SET character_set_client = utf8 */;
CREATE TABLE `users` (
  `id` int(30) NOT NULL AUTO_INCREMENT,
  `firstname` varchar(200) NOT NULL,
  `lastname` varchar(200) NOT NULL,
  `email` varchar(200) NOT NULL,
  `password` text NOT NULL,
  `avatar` text DEFAULT NULL,
  `date_created` datetime NOT NULL DEFAULT current_timestamp(),
  `reset_token` varchar(100) NOT NULL,
  `reset_expires` varchar(30) NOT NULL,
  `failed_login` int(11) NOT NULL,
  `isBlocked` int(11) NOT NULL,
  `privacy_accepted` tinyint(1) NOT NULL DEFAULT 0,
  `privacy_accepted_at` datetime DEFAULT NULL,
  `password_changed` tinyint(1) NOT NULL DEFAULT 0,
  PRIMARY KEY (`id`)
) ENGINE=InnoDB AUTO_INCREMENT=4 DEFAULT CHARSET=utf8mb4 COLLATE=utf8mb4_general_ci;
/*!40101 SET character_set_client = @saved_cs_client */;

--
-- Dumping data for table `users`
--

LOCK TABLES `users` WRITE;
/*!40000 ALTER TABLE `users` DISABLE KEYS */;
INSERT INTO `users` VALUES (1,'Administrator','','admin@gmail.com','21232f297a57a5a743894a0e4a801fc3','1607135820_avatar.jpg','2020-11-26 10:57:04','','',0,0,0,NULL,0);
/*!40000 ALTER TABLE `users` ENABLE KEYS */;
UNLOCK TABLES;
/*!40103 SET TIME_ZONE=@OLD_TIME_ZONE */;

/*!40101 SET SQL_MODE=@OLD_SQL_MODE */;
/*!40014 SET FOREIGN_KEY_CHECKS=@OLD_FOREIGN_KEY_CHECKS */;
/*!40014 SET UNIQUE_CHECKS=@OLD_UNIQUE_CHECKS */;
/*!40101 SET CHARACTER_SET_CLIENT=@OLD_CHARACTER_SET_CLIENT */;
/*!40101 SET CHARACTER_SET_RESULTS=@OLD_CHARACTER_SET_RESULTS */;
/*!40101 SET COLLATION_CONNECTION=@OLD_COLLATION_CONNECTION */;
/*!40111 SET SQL_NOTES=@OLD_SQL_NOTES */;

-- Dump completed on 2026-06-19  8:43:29
